109938,Tom,Mozur,R,,USA,atp,137361
100102,Joaquin Loyo,Mayo,R,19450816,MEX,atp,137383
109977,William,Harris,R,19470114,USA,atp,137369
100140,Steve,Faulk,R,19470601,USA,atp,137719
100115,Jaime,Fillol,R,19460603,CHI,atp,137355
100145,Dick,Dell,R,19470929,USA,atp,137376
100127,Tom,Gorman,R,19461219,USA,atp,137342
109857,Brian,Cheney,R,,USA,atp,137625
100105,Allan,Stone,R,19451014,AUS,atp,137416
100051,Premjit,Lall,R,19401020,IND,atp,137358
100053,Colin,Stubs,R,19410227,AUS,atp,137437
100023,Ramanathan,Krishnan,R,19370411,IND,atp,137339
100174,Manuel,Orantes,L,19490206,ESP,atp,137455
109800,Mathias,Werren,R,19440509,SUI,atp,137650
100080,Szabolcz,Baranyi,R,19440131,HUN,atp,137664
109771,Jairo,Velasco,R,19470509,ESP,atp,137567
109748,John,Barrett,L,19310417,GBR,atp,137513
100129,Jean Baptiste,Chanfreau,R,19470117,FRA,atp,137528
100044,Sergei,Likhachev,R,19400320,RUS,atp,137491
107993,Peter,Pokorny,R,,AUT,atp,137564
100076,Milan,Holecek,R,19431023,CZE,atp,137510
110267,Bronislaw,Lewandowski,R,,POL,atp,140910
109781,Peter,Marmureanu,R,19410620,ROU,atp,137581
109767,Claude,De Gronckel,R,,BEL,atp,137561
110268,Ernesto,Aguirre,U,,CHI,atp,140911
100001,Gardnar,Mulloy,R,19131122,USA,atp,140912
100071,Jean Claude,Barclay,R,19421230,FRA,atp,137486
109892,Kenneth,Andersson,U,,SWE,atp,140913
100092,Alex,Metreveli,R,19441102,RUS,atp,137454
109982,William,Tym,R,,USA,atp,137345
106616,Bernard,Montrenaud,R,,FRA,atp,137557
100098,Ove Nils,Bengtson,R,19450405,SWE,atp,137470
100142,Peter,Szoke,R,19470808,HUN,atp,137659
109782,William,Alvarez,R,19341215,COL,atp,137582
109746,Michele,Leclercq,R,,FRA,atp,137533
106922,Eduardo,Gorostagia,R,,BOL,atp,137555
110269,Andras,Szikszai,U,,HUN,atp,140914
100025,Barry,Phillips Moore,R,19370709,AUS,atp,137459
108360,Teimuraz,Kakoulia,R,,RUS,atp,137670
100004,Giuseppe,Merlo,R,19271011,ITA,atp,137442
100139,Gerald,Battrick,R,19470527,GBR,atp,137485
109817,Stefan,Koudelka,R,,CZE,atp,137603
109760,Jean,Courcol,R,,FRA,atp,137518
109769,Norm,Perry,R,19380510,USA,atp,137562
109822,Thomas,Lejus,R,19410828,RUS,atp,137508
110181,Hans,Nerell,R,,SWE,atp,137636
100061,Tom,Edlefsen,R,19411212,USA,atp,137378
109784,Lance,Lumsden,R,,JAM,atp,137498
100137,Han Jurgen,Pohmann,R,19470523,GER,atp,137633
109815,Stanley,Matthews,R,19451120,GBR,atp,137479
100077,Daniel,Contet,R,19431103,FRA,atp,137451
109766,Frank,Tutvin,R,,USA,atp,137364
100160,Georges,Goven,R,19480426,FRA,atp,137506
109756,Ference,Komaromi,R,,HUN,atp,137549
100118,Ivan,Molina,L,19460616,COL,atp,137547
109757,Detler,Herdy,R,19411013,AUT,atp,137550
100019,Wieslaw,Gasiorek,R,19360113,POL,atp,137504
110270,Rauno,Suominen,U,,FIN,atp,140915
100047,Bob,Carmichael,R,19400704,AUS,atp,137509
199999,U,Unknown,U,,UNK,atp,140916
109875,Victor,Egorov,R,,UKR,atp,137724
107312,Jean Pierre,Olivier,R,,FRA,atp,137553
100123,Patrick,Hombergen,R,19460908,BEL,atp,137524
109743,Paul,Hutchins,R,19450405,GBR,atp,137420
110271,Dieter,Schultheiss,U,,AUT,atp,140917
100089,Patrice,Beust,R,19440903,FRA,atp,137456
107309,Jean Loup,Rouyer,R,,FRA,atp,137570
109819,Keith,Wooldridge,R,,GBR,atp,137468
109761,Eric,Drossart,R,19420221,BEL,atp,137556
109783,Bob,Howe,R,19250803,AUS,atp,137484
107092,Geza,Varga,R,,HUN,atp,137682
100012,Nicola,Pietrangeli,R,19330911,ITA,atp,137496
110175,Thedy,Stalder,U,19390318,SUI,atp,140918
100114,Ray,Ruffels,R,19460323,AUS,atp,137519
108342,Tadeusz,Nowicki,R,,POL,atp,137530
100214,Adriano,Panatta,R,19500709,ITA,atp,137593
110274,Alvaro,Pena,U,,COL,atp,140919
100203,Phil,Dent,R,19500214,AUS,atp,137457
108133,Roberto,Lombardi,R,,ITA,atp,140920
100068,Herb,Fitzgibbon,R,19420714,USA,atp,137446
109752,Ingo,Buding,R,19420109,GER,atp,137427
100040,Bob,Hewitt,R,19400112,RSA,atp,137512
109772,Sergio,Palmieri,R,19451128,ITA,atp,137568
109777,Alan,Fox,R,19390625,USA,atp,137449
109778,Alfredo,Acuna,U,19461122,PER,atp,137578
100162,Brian,Fairlie,R,19480613,NZL,atp,137444
110275,Gianni,Capozza,U,,ITA,atp,140921
100113,Jan,Kodes,R,19460301,CZE,atp,137443
100135,Onny,Parun,R,19470415,NZL,atp,137522
110276,Ernst,Blanke,U,19450106,AUT,atp,140922
100032,Patricio,Rodriguez CHI,R,19381220,CHI,atp,137475
100141,Zeljko,Franulovic,R,19470613,CRO,atp,137347
110277,Giorgio,Bologna,U,,ITA,atp,140923
100079,Bill,Bowrey,R,19431225,AUS,atp,137503
106968,Eugenio,Castigliano,R,,ITA,atp,137610
110021,Raul,Peralta,R,19400617,ARG,atp,137483
110278,Roberto,Saya,U,,ITA,atp,140924
100249,Paolo,Bertolucci,R,19510803,ITA,atp,137770
110279,Tomas,Gonzalez,U,,PER,atp,140925
110203,Pancho,Castillo,R,,COL,atp,137507
110180,Gaetano,Di Maso,R,,ITA,atp,137514
107001,Fernando,Gentil,R,,BRA,atp,137529
100083,Nicola,Spear,R,19440222,SRB,atp,137502
100064,Juan,Gisbert,R,19420405,ESP,atp,137573
100088,Patricio,Cornejo,R,19440606,CHI,atp,137370
106971,Ezio,Di Matteo,R,,ITA,atp,137640
110017,John,Mcdonald,R,19310204,NZL,atp,137735
100054,Jose,Mandarino,R,19410326,BRA,atp,137461
110280,Allan,Skelton,U,,CAN,atp,140926
107728,Massimo,Di Domenico,R,,ITA,atp,137595
109879,Jose Luis,Arillla,R,,ESP,atp,137471
110109,Giordano,Maioli,R,,ITA,atp,140927
100097,Nicholas,Kalogeropoulos,R,19450218,GRE,atp,137482
109878,Franco,Bartoni,R,19481004,ITA,atp,137676
100060,Marty,Riessen,R,19411204,USA,atp,137346
110281,Guiliano,Fanfani,U,,ITA,atp,140928
100244,John,Alexander,R,19510704,AUS,atp,137463
108012,Piero,Toci,R,,ITA,atp,137598
100110,Terry,Addison,R,19460111,AUS,atp,137480
100119,Ilie,Nastase,R,19460719,ROU,atp,137552
100103,Peter,Curtis,R,19450829,GBR,atp,137428
100038,Jaime,Pinto Bravo,R,19391009,CHI,atp,137526
109762,Carlos,Fernandez,R,,BRA,atp,137477
110185,Michael,Hickey,R,,IRL,atp,137647
110282,Roberto,Valerio,U,,ITA,atp,140929
100084,Tom,Okker,R,19440222,NED,atp,137432
107342,Jim,Moore,R,,AUS,atp,137572
109765,Marco,Gilardelli,R,,ITA,atp,137560
109792,Vittorio,Crotta,R,,ITA,atp,137586
109751,Sever,Dron,R,,ROU,atp,137542
100178,Bob,Giltinan,R,19490407,AUS,atp,137563
108477,Vincenzo,Franchitti,R,,ITA,atp,137731
100099,Thomaz,Koch,L,19450511,BRA,atp,137411
109763,Eduardo,Zuleta,R,,ECU,atp,137362
100128,Cliff,Richey,R,19461231,USA,atp,137458
100121,Raymond,Moore,R,19460824,RSA,atp,137398
109744,Sergio,Tacchini,R,,ITA,atp,137531
110283,Gary,Kesl,U,,USA,atp,140930
100070,Jan,Kukal,R,19420913,CZE,atp,137501
110188,Michele,Pirro,U,,ITA,atp,140931
100035,Ion,Tiriac,R,19390509,ROU,atp,137473
100067,Frew,Mcmillan,R,19420520,RSA,atp,137464
100090,Dick,Crealy,R,19440918,AUS,atp,137500
100159,Vladimir,Korotkov,R,19480423,RUS,atp,137478
100073,Mark,Cox,L,19430705,GBR,atp,137447
110112,Francesco,Giordano,U,,ITA,atp,140932
100120,Robert,Maud,R,19460812,RSA,atp,137452
110284,Ciccio,Gorla,U,,ITA,atp,140933
100039,Boro,Jovanovic,R,19391021,CRO,atp,137543
108085,Richard,Hawkes,R,,NZL,atp,137558
100056,Harald,Elschenbroich,R,19410619,GER,atp,137669
100111,Ray,Keldie,R,19460117,AUS,atp,137521
100050,Martin,Mulligan,R,19401018,AUS,atp,137637
110007,B,Moreau,U,,FRA,atp,140934
109836,Ken,Weatherley,R,19471124,GBR,atp,137772
110124,Alain,Bouteleux,U,,FRA,atp,140935
108374,Thierry,Bernasconi,R,,FRA,atp,137849
100199,Patrice,Dominguez,L,19500112,FRA,atp,137730
100277,Jacques,Thamin,R,19520523,FRA,atp,137576
100112,John,Clifton,R,19460219,GBR,atp,137602
100185,Patrick,Proisy,R,19490910,FRA,atp,137532
109758,Christian,Duxin,R,,FRA,atp,137551
108017,Pierre,Joly,R,,FRA,atp,137545
100152,David,Lloyd,R,19480103,GBR,atp,137465
110125,Jean Louis,Thiebaut,U,,FRA,atp,140936
110019,Francois,Matheu,R,,FRA,atp,137662
110126,Henri,Pellizza,U,,FRA,atp,140937
109750,Gerald,Pilet,R,,FRA,atp,137539
110127,Eric,Derasse,U,,FRA,atp,140938
109837,John,De Mendoza,R,19490822,GBR,atp,137739
107311,Jean Paul,Meyer,R,,FRA,atp,137658
110128,Pierre,Dufour,R,,CAN,atp,140939
110129,Denis,Grozdanovitch,U,,FRA,atp,140940
100045,John,Paish,L,19400323,GBR,atp,137601
110130,Andrzej,Licis,R,,POL,atp,137645
109768,Pierre,Darmon,R,19340114,FRA,atp,137466
100086,Frantisek,Pala,L,19440328,CZE,atp,137675
100148,Ismail,El Shafei,R,19471115,EGY,atp,137469
100058,Roger,Taylor,L,19411014,GBR,atp,137363
100193,Wanaro,Ngodrella,R,19491019,FRA,atp,137666
100037,Nikola,Pilic,L,19390827,CRO,atp,137374
100057,Pierre,Barthes,R,19410913,FRA,atp,137430
100075,Owen,Davidson,L,19431004,AUS,atp,137462
109764,Bernard,Paul,R,,FRA,atp,137559
100100,Tony,Roche,L,19450517,AUS,atp,137440
100055,Cliff,Drysdale,R,19410526,RSA,atp,137414
100048,Earl Butch,Buchholz,R,19400916,USA,atp,137511
100087,John,Newcombe,R,19440523,AUS,atp,137337
109823,Ron,Holmberg,R,19380127,USA,atp,137394
109959,Jim,Bentley,U,,CAN,atp,140941
109960,Harry,Fauquier,R,19420101,CAN,atp,137639
100095,Tony,Bardsley,R,19450209,CAN,atp,140942
109795,Keith,Carpenter,R,19410803,CAN,atp,137472
109794,C,Burr,U,,CAN,atp,140943
109961,Lester,Sack,U,,USA,atp,140944
109962,Doug,Tough,U,,CAN,atp,140945
100101,Mike,Belkin,R,19450629,CAN,atp,137629
109963,Bob,Bardsley,U,,CAN,atp,140946
109964,Brian,Flood,U,,CAN,atp,140947
109965,Roy,Sprengelmeyer,U,,USA,atp,140948
109966,Warren,Jacques,R,19380310,AUS,atp,137340
109930,Michael,Sprenglemeyer,R,19460706,USA,atp,137613
109967,Vic,Rollins,U,,CAN,atp,140949
109968,John,Mcmanus,U,,CAN,atp,140950
109969,Bob,French,U,,CAN,atp,140951
109970,John,Swann,U,,CAN,atp,140952
109971,Bill,Monan,U,,USA,atp,140953
106583,Armando,Cornejo,R,,CHI,atp,137624
109972,Hector,Gonzalez,U,,MEX,atp,140954
109806,David,Brown,U,,CAN,atp,140955
109973,Andre,Cote,U,,CAN,atp,140956
109895,Ken,Binns,R,19350208,CAN,atp,140957
109974,Steve,Cornell,R,19490526,USA,atp,140958
100036,Rudy,Hernando,R,19390610,USA,atp,137628
109975,George,Andrews,U,,CAN,atp,140959
109976,Joe,Osadca,U,,CAN,atp,140960
100093,William,Brown,R,19450114,USA,atp,137692
109957,Gerry,Perry,U,19470601,USA,atp,140961
109935,John,Sharpe,R,19390518,AUS,atp,137385
100063,William,Higgins,R,19420402,USA,atp,137606
100096,Peter,Burwash,R,19450210,CAN,atp,137397
109749,Pancho,Guzman,R,19460524,ECU,atp,137435
109893,Don,Mccormick,R,19450412,CAN,atp,140962
109978,Tony,Pospisil,U,,CAN,atp,140963
109979,Bill,Mcdonnell,U,,CAN,atp,140964
109980,Don,Fontana,U,,CAN,atp,140965
100144,Robert,Lutz,R,19470829,USA,atp,137396
109981,Richard,Evans,U,19500708,USA,atp,140966
100136,Humphrey,Hose,R,19470504,VEN,atp,137395
109983,Pedro,Langre,U,,MEX,atp,140967
109984,Joe,Foley,U,,USA,atp,140968
100175,Zan,Guerry,R,19490212,USA,atp,137646
100215,Fred,Mcnair,R,19500722,USA,atp,137708
109985,Tico,Carrero,R,19480904,PUR,atp,137377
100138,Dan,Bleckinger,R,19470527,USA,atp,137439
100208,Dick R,Bohrnstedt,R,19500428,USA,atp,137774
109986,Glenn,Mccoll,R,,AUS,atp,140969
100081,Charlie,Pasarell,R,19440212,USA,atp,137381
100303,Henry,Bunis,R,19530327,USA,atp,137836
109987,Al,Bunis,U,19240203,USA,atp,140970
109988,Dick,Knight,R,19480515,USA,atp,137710
100231,Erik,Van Dillen,R,19510221,USA,atp,137406
107394,John,Peckskamp,R,,USA,atp,140971
108052,Rauty,Krog,R,,RSA,atp,137620
109989,Ron,Goldman,R,,USA,atp,137354
100229,Dick,Stockton,R,19510218,USA,atp,137403
107853,Nick,Barone,R,,USA,atp,140972
109990,David,Mehl,U,,USA,atp,140973
109991,Tom,Loring,U,,USA,atp,140974
109992,Alphonso,Ochoa,U,,MEX,atp,140975
109993,Fred,Mcnair Iii,U,,USA,atp,140976
109994,Dave,Harmon,U,,USA,atp,140977
100163,Tom,Leonard,R,19480715,USA,atp,137371
109995,Herbert,Rapp,U,19480922,USA,atp,140978
100109,Jun,Kuki,R,19451228,JPN,atp,137679
100094,Jim,Osborne,R,19450201,USA,atp,137392
108364,Terry,Bennett,R,,USA,atp,140979
109996,Bob,Alloo,R,19490507,USA,atp,137686
109898,Jon,Hainline,R,19480413,USA,atp,140980
100181,Larry,Turville,R,19490604,USA,atp,137619
100217,Robert,Mckinley,R,19500805,USA,atp,137353
109997,Carlos,Schettwein,U,,UNK,atp,140981
106875,Dick,Klitch,R,,USA,atp,140982
109927,G Turner,Howard,R,19470724,USA,atp,137696
109811,Chauncey,Steele Iii,R,,USA,atp,137391
109998,Robin,Fry,U,19500206,USA,atp,140983
100074,Arthur,Ashe,R,19430710,USA,atp,137418
100226,Mike,Machette,R,19510127,USA,atp,137689
109999,Peter,Van Lingen,U,,RSA,atp,140984
100182,Mike,Estep,R,19490719,USA,atp,137621
100205,Paul,Gerken,R,19500315,USA,atp,137368
100049,Jim,Mcmanus,L,19400916,USA,atp,137359
110000,Bill,Colson,R,19500522,USA,atp,140985
100065,Terry,Ryan,R,19420427,RSA,atp,137467
109798,Lenny,Schloss,R,,USA,atp,137433
100117,Butch,Seewagen,R,19460613,USA,atp,137375
109848,Danny,Obryant,R,,USA,atp,137366
100212,Franklin,Robbins,R,19500613,USA,atp,137626
100010,Luis,Ayala,R,19320918,CHI,atp,137415
100126,Stan,Smith,R,19461214,USA,atp,137441
100104,D Richard,Russell,R,19450908,JAM,atp,137387
100030,Fred,Stolle,R,19381008,AUS,atp,137429
100028,Manuel,Santana,R,19380510,ESP,atp,137492
110189,Richard,Bray,U,,USA,atp,140986
100235,Antonio,Munoz,R,19510301,ESP,atp,137680
110006,Jean Pierre,Loizeau,U,,FRA,atp,140987
100002,Pancho,Segura,R,19210620,ECU,atp,137412
110190,Franco,Belli,R,,ITA,atp,140988
100069,Dennis,Ralston,R,19420727,USA,atp,137389
100062,Francois,Jauffret,R,19420209,FRA,atp,137534
100011,Torben,Ulrich,L,19321004,DEN,atp,137350
100033,Wilhelm,Bungert,R,19390401,GER,atp,137537
109933,Martin,Carlstein,U,,SWE,atp,137617
107436,Jose,Guerrero,R,,ESP,atp,137728
100227,Alvin,Gardiner,R,19510211,AUS,atp,137591
110191,Francois,Battegay,U,,FRA,atp,140989
110047,John,Ward,U,19330818,GBR,atp,140990
100034,Christian,Kuhnke,R,19390413,GER,atp,140991
100005,Richard Pancho,Gonzales,R,19280509,USA,atp,137436
100169,Ian,Fletcher,R,19481201,AUS,atp,137583
100026,Andres,Gimeno,R,19370803,ESP,atp,137400
109742,Berry,Geraghty,R,,AUS,atp,137527
110327,Jose Maria,Gisbert,U,19450207,ESP,atp,140992
110380,Manlio,Bartoni,U,,ITA,atp,140993
108021,Pietro,Marzano,R,,ITA,atp,137590
110111,Antonio,Mennella,U,,ITA,atp,140994
100125,John,Cooper,R,19461104,AUS,atp,137599
100106,Graham,Stilwell,R,19451115,GBR,atp,137490
100009,Istvan,Gulyas,R,19311014,HUN,atp,137505
109745,Lew,Hoad,R,19341123,AUS,atp,137515
100257,Ross,Case,R,19511101,AUS,atp,137597
108579,Zlatko,Ivancic,R,,CRO,atp,137540
100161,Jurgen,Fassbender,R,19480528,GER,atp,137494
100179,Karl,Meiler,R,19490430,GER,atp,137671
110257,Hansjorg,Elzer,U,,GER,atp,140995
100158,John,Bartlett,R,19480317,AUS,atp,137587
100219,Geoff,Masters,R,19500919,AUS,atp,137600
109908,Tom,Brown,R,19220926,USA,atp,140996
100031,Dimitri,Sturdza,R,19381110,SUI,atp,137554
109891,Hakar,Zahr,R,,SWE,atp,137665
100130,Vladimir,Zednik,R,19470201,CZE,atp,137642
100016,Ken,Rosewall,R,19341102,AUS,atp,137407
100078,Clark,Graebner,R,19431104,USA,atp,137357
100022,Roy,Emerson,R,19361103,AUS,atp,137422
100029,Rod,Laver,L,19380809,AUS,atp,137410
100155,Ramiro,Benavides,R,19480130,BOL,atp,137845
100134,Roy,Barth,R,19470330,USA,atp,137487
109881,Atet,Wijono,R,,IND,atp,137688
100282,Guillermo,Vilas,L,19520817,ARG,atp,137697
100243,Steve,Krulevitz,R,19510530,USA,atp,137685
107810,Mike,Kreiss,R,,USA,atp,137715
100150,Lito,Alvarez,R,19471205,ARG,atp,137712
109835,John,Gardner,R,,AUS,atp,137713
100186,Jeff,Borowiak,R,19490925,USA,atp,137424
110120,Gary,Rose,R,19450803,USA,atp,140997
100018,Barry,Mackay,R,19350831,USA,atp,137393
107799,Miguel,Olvera,R,,ECU,atp,137615
100066,Frank,Froehling,R,19420519,USA,atp,137694
100255,Roscoe,Tanner,L,19511015,USA,atp,137630
100216,Charles,Owens,R,19500731,USA,atp,137756
110039,Sutarjo,Sugiarto,R,,IND,atp,137592
110329,Robert,Puddicombe,R,19460804,CAN,atp,140998
110224,Robert,Bedard,U,,CAN,atp,140999
100200,Antonio,Zugarelli,R,19500117,ITA,atp,137733
109812,Jan,Leschly,L,19400911,DEN,atp,137460
100297,Corrado,Barazzutti,R,19530219,ITA,atp,137729
100286,Harold,Solomon,R,19520917,USA,atp,137766
100003,Frank,Sedgman,R,19271002,AUS,atp,137655
100206,Kenichi,Hirai,R,19500319,JPN,atp,137720
100272,Sandy,Mayer,R,19520405,USA,atp,137691
110081,Brian,Marcus,R,19470830,USA,atp,141000
100284,Jimmy,Connors,L,19520902,USA,atp,137683
100020,Alejandro,Olmedo,R,19360324,PER,atp,137438
100261,Brian,Gottfried,R,19520127,USA,atp,137693
109838,Henry Hank,Irvine,R,19430901,ZIM,atp,137699
100232,Eddie,Dibbs,R,19510223,USA,atp,137764
100196,Haroon,Rahim,R,19491112,PAK,atp,137421
100245,Jeff,Austin,R,19510705,USA,atp,137706
100091,Colin,Dibley,R,19440919,AUS,atp,137654
108115,Robert,Lamarche,R,,USA,atp,141001
100147,Marcello,Lara,R,19471005,MEX,atp,137401
100133,Pat,Cramer,R,19470321,RSA,atp,137618
109896,Jim,Boyce,U,,CAN,atp,141002
100170,Bernard,Mignot,R,19481203,BEL,atp,137769
100228,Kjell,Johansson,R,19510212,SWE,atp,137832
100116,Sherwood,Stewart,R,19460606,USA,atp,137360
108118,Robert,Machan,R,,HUN,atp,137681
100332,Balazs,Taroczy,R,19540509,HUN,atp,137780
100220,Jiri,Hrebec,R,19500919,CZE,atp,137732
100124,Steve,Turner,R,19461017,USA,atp,137718
100176,Hans,Kary,L,19490223,AUT,atp,137661
107591,Luis,Bruguera,R,,ESP,atp,141003
100173,Andrew,Pattison,R,19490130,USA,atp,137672
110110,Andras,Szocsik,U,,HUN,atp,141004
100233,Ricardo,Cano,R,19510226,ARG,atp,137871
100274,Eric,Deblicker,R,19520417,FRA,atp,137830
100251,Grover Raz,Reid,R,19510827,USA,atp,137765
100146,Jun,Kamiwazumi,R,19471001,JPN,atp,137758
100189,Dale,Power,R,19491002,CAN,atp,141005
100294,Rejean,Genois,R,19521230,CAN,atp,137990
100149,Toshiro,Sakai,R,19471123,JPN,atp,137716
109894,Pierre,Lamarche,R,19470101,CAN,atp,141006
100223,Jeff,Simpson,R,19501029,NZL,atp,137737
100321,Vijay,Amritraj,R,19531214,IND,atp,137762
106629,Birger,Andersson,R,,SWE,atp,137878
100188,John,Fort,R,19490928,USA,atp,141007
100270,Anand,Amritraj,R,19520320,IND,atp,137736
100168,Kenneth,Mcmillan,R,19481125,USA,atp,141008
100299,James Chico,Hagey,R,19530225,USA,atp,137760
100204,Pancho,Walthall,R,19500216,USA,atp,137695
100304,Robert,Kreiss,R,19530430,USA,atp,137711
100301,Jim,Delaney,R,19530312,USA,atp,137757
109897,Ross,Walker,U,,USA,atp,141009
100309,Raul,Ramirez,R,19530620,MEX,atp,137723
109858,Dick,Johnson,U,,USA,atp,141010
109834,Dan,Birchmore,R,,USA,atp,137767
101131,Jimmy,Brown,R,19650428,USA,atp,138084
100262,Rolf,Norberg,R,19520131,SWE,atp,137821
100437,Bjorn,Borg,R,19560606,SWE,atp,137805
100345,Pat,Dupre,R,19540916,USA,atp,137761
100360,Brian,Teacher,R,19541223,USA,atp,137822
100461,Billy,Martin,R,19561225,USA,atp,137755
100273,Kim,Warwick,R,19520408,AUS,atp,137738
106594,Attila,Korpas,R,,GER,atp,137829
100234,Allan,Mcdonald,R,19510301,AUS,atp,137604
100343,John,Lloyd,R,19540827,GBR,atp,137810
100266,John,Feaver,R,19520216,GBR,atp,137704
110143,Bryan,Borea,R,,UNK,atp,141011
108249,Shamil,Tarpischev,R,,RUS,atp,141012
101031,Massimo,Cierro,R,19640507,ITA,atp,138295
110144,K,Shimamura,R,,JPN,atp,141013
100331,Jean Louis,Haillet,R,19540507,FRA,atp,137784
100122,Julian,Ganzabal,R,19460825,ARG,atp,137846
100153,Patrice,Hagelauer,R,19480105,FRA,atp,137852
100082,Roger,Dowdeswell,R,19440216,ZIM,atp,137698
107385,John,Holladay,R,,USA,atp,137891
107026,Francisco,Mastelli,R,,ARG,atp,141014
100395,Victor,Pecci,R,19551015,PAR,atp,137854
100377,Colin,Dowdeswell,R,19550512,GBR,atp,137800
107561,Leif,Johansson,R,,SWE,atp,137856
106883,Dimitru,Haradau,R,,ROU,atp,141015
100298,George,Hardie,L,19530219,USA,atp,137763
100238,Rick,Fisher,R,19510329,USA,atp,137875
100324,John,Whitlinger,R,19540204,USA,atp,137837
100190,Norman,Holmes,R,19491005,USA,atp,137721
100339,Victor,Amaya,L,19540702,USA,atp,137826
100279,Mike,Cahill,R,19520617,USA,atp,137895
100132,Armistead,Neely,R,19470319,USA,atp,137386
100367,Belus,Prajoux,R,19550227,CHI,atp,137827
100024,Jan Eric,Lundquist,R,19370414,SWE,atp,141016
100289,Byron,Bertram,R,19521029,RSA,atp,137701
100263,John,Andrews,R,19520205,USA,atp,137823
100276,Terry,Moor,L,19520423,USA,atp,137901
100346,Paul,Kronk,R,19540922,AUS,atp,137663
100271,Jean Francois,Caujolle,L,19520331,FRA,atp,137678
100258,Jorge,Andrew,R,19511102,VEN,atp,137838
100201,Syd,Ball,R,19500124,AUS,atp,137589
100362,Peter,Fleming,R,19550121,USA,atp,137892
106996,Felix,Ponte,R,,PER,atp,137859
108434,Tony,Parun P071,R,,NZL,atp,137814
100477,Gianni,Ocleppo,R,19570406,ITA,atp,137931
100300,Jose,Higueras,R,19530301,ESP,atp,137853
107277,Jan,Pisecky,R,,CZE,atp,137851
109814,Donald,Dell,R,19380617,USA,atp,137445
100247,Rolf,Thung,L,19510727,NED,atp,137863
100191,Doug,Crawford,R,19491015,USA,atp,137806
100372,Trey,Waltke,R,19550316,USA,atp,137842
100171,John,Yuill,R,19481212,RSA,atp,137819
100280,Wojtek,Fibak,R,19520803,POL,atp,137872
100278,Frank,Gebert,R,19520611,GER,atp,137778
100354,Bernard,Mitton,R,19541109,RSA,atp,137801
100288,Tenny,Svensson,R,19520921,SWE,atp,137792
100252,Tim,Gullikson,R,19510908,USA,atp,137893
100306,Michael,Wayman,R,19530506,GBR,atp,137906
100107,Robert,Rheinberger,R,19451118,AUS,atp,137677
100376,Buster C,Mottram,R,19550425,GBR,atp,137775
100396,Martin,Robinson,L,19551019,GBR,atp,137866
100803,Stefan,Svensson,R,19620217,SWE,atp,141017
100198,Alvaro,Betancur,R,19500103,COL,atp,137887
100221,Carlos,Kirmayr,R,19500923,BRA,atp,137874
100085,Hans Jaochim,Plotz,R,19440226,GER,atp,137493
108131,Roberto,Chavez,R,,MEX,atp,137786
100406,Greg,Halder,R,19551205,CAN,atp,137985
100290,Timothy,Noonan,R,19521031,USA,atp,141018
100268,Denis,Naegelen,R,19520314,FRA,atp,137828
100337,Mark,Edmondson,R,19540624,AUS,atp,137865
100402,Francisco,Gonzalez,R,19551119,PAR,atp,137967
100436,Nick,Saviano,L,19560605,USA,atp,137903
106641,Bobby,Webb,R,,USA,atp,141019
100315,Hank,Pfister,R,19531009,USA,atp,137958
100382,Chris,Kachel,R,19550619,AUS,atp,137779
100250,Woody,Blocher,R,19510824,USA,atp,137627
107541,Larry,Collins,R,,USA,atp,141020
100326,Russell,Simpson,R,19540222,NZL,atp,137797
100322,Emilio,Montano,R,19531218,MEX,atp,137833
100281,Sashi,Menon,R,19520809,IND,atp,137722
107180,Harvey,Spiegel,R,,USA,atp,141021
100320,Mark,Meyers,R,19531205,USA,atp,137896
108026,R,Kiesling,R,,USA,atp,141022
100452,Bill,Scanlon,R,19561113,USA,atp,137899
100236,John,James,R,19510307,AUS,atp,137749
100400,Hubertus,Hoyt,R,19551103,USA,atp,141023
108415,Tom,Kreiss,R,,USA,atp,141024
100421,Jan,Norback,R,19560306,SWE,atp,137939
100287,Robin,Drysdale,R,19520918,GBR,atp,137815
106899,Douglas,Palm,R,,SWE,atp,137950
107893,Omar,Laimina,R,,MAR,atp,137855
100342,Vitas,Gerulaitis,R,19540726,USA,atp,137717
100579,Heinz,Gunthardt,R,19590208,SUI,atp,137972
100369,Herve,Gauvain,R,19550304,FRA,atp,137850
100180,Bill,Lloyd,R,19490507,AUS,atp,137746
100434,Tomas,Smid,R,19560520,CZE,atp,137932
100253,Tom,Gullikson,L,19510908,USA,atp,137935
100374,Javier,Soler,L,19550325,ESP,atp,137948
100442,Gianni,Marchetti,R,19560708,ITA,atp,137915
100428,Gene,Mayer,R,19560411,USA,atp,137886
100363,Jiri,Granat,R,19550128,CZE,atp,137768
100378,David,Schneider,R,19550517,USA,atp,137884
100356,Paul,Mcnamee,R,19541112,AUS,atp,137807
109871,Harry,Fritz,R,19510219,CAN,atp,141025
100581,John,Mcenroe,L,19590216,USA,atp,137942
100444,Werner,Zirngibl,R,19560904,GER,atp,137923
100164,Bill,Lofgren,R,19480731,USA,atp,137952
100327,Willem,Prinsloo,R,19540225,RSA,atp,137947
100432,Robert,Bettauer,R,19560502,CAN,atp,141026
100551,Brad,Drewett,L,19580719,AUS,atp,137914
100292,Alvaro,Fillol,R,19521204,CHI,atp,137881
100359,Richard,Lewis,L,19541206,GBR,atp,137788
100545,Deon,Joubert,L,19580619,RSA,atp,137799
100494,John,Picken,R,19570809,CAN,atp,141027
100417,Hans,Gildemeister,R,19560209,CHI,atp,137888
100422,Bruce,Manson,L,19560320,USA,atp,137835
100469,Ashok,Amritraj,R,19570222,IND,atp,141028
100313,Keith,Richardson,R,19530818,USA,atp,137964
100535,Tony,Giammalva,R,19580421,USA,atp,137898
100373,Christopher,Sylvan,R,19550318,USA,atp,137971
100222,Mike,Powers,R,19500924,USA,atp,141029
100475,Matt,Mitchell,R,19570316,USA,atp,137900
100585,Van,Winitsky,L,19590312,USA,atp,137897
100634,Larry,Gottfried,R,19591208,USA,atp,137894
100388,Peter,Pearson,R,19550812,USA,atp,137974
100631,Tim,Wilkison,L,19591123,USA,atp,137959
100526,Ricardo,Ycaza,R,19580216,ECU,atp,137946
100319,Rick,Fagel,R,19531129,USA,atp,137882
100600,Pascal,Portes,R,19590528,FRA,atp,137973
100344,Eric,Friedler,R,19540908,USA,atp,137843
100486,Christophe Roger,Vasselin,R,19570708,FRA,atp,137937
100184,Lars,Elvstrom,R,19490818,DEN,atp,137782
100348,Gerard,Toulon,R,19540924,FRA,atp,141030
100555,Jose Luis,Clerc,R,19580816,ARG,atp,137981
100443,Christophe,Freyss,L,19560830,FRA,atp,137949
100474,Chris,Lewis NZL,R,19570309,NZL,atp,137907
100525,Gilles,Moretton,R,19580210,FRA,atp,137970
100676,Yannick,Noah,R,19600518,FRA,atp,108216
107357,Joe,Meyers,R,,USA,atp,138158
100358,Mike,Fishbach,R,19541201,USA,atp,137965
100211,Louk,Sanders,R,19500509,NED,atp,137978
100468,Dominique,Bedel,R,19570220,FRA,atp,137938
100394,Angel,Gimenez,R,19551010,ESP,atp,137929
100325,Ulrich,Pinner,R,19540207,GER,atp,137848
100541,Jan,Kallquist,R,19580531,SWE,atp,141031
100314,Bernard,Fritz,R,19531005,FRA,atp,137975
100429,Miguel,Mir,R,19560418,ESP,atp,137877
100492,John,Austin,R,19570731,USA,atp,138015
100230,Welry,Fritz,R,19510219,CAN,atp,138043
106505,Ali,Madani,R,,IRI,atp,141032
100265,Cliff,Letcher,R,19520209,AUS,atp,137753
110145,B,Kronruge,R,,USA,atp,141033
100456,Ferdi,Taygan,R,19561205,USA,atp,137840
100523,Erick,Iskersky,R,19580125,USA,atp,137997
100397,Terry,Rocavert,R,19551021,AUS,atp,137943
100499,Chris,Mayotte,R,19570916,USA,atp,138057
107252,J,Spinnenweber,R,,USA,atp,141034
100408,Gary,Plock,R,19551221,USA,atp,141035
100592,Robert,Vant Hof,R,19590410,USA,atp,138025
100383,Peter,Mcnamara,R,19550705,AUS,atp,137867
100006,Grant,Golden,R,19290821,USA,atp,141036
100586,Eliot,Teltscher,R,19590315,USA,atp,137957
100364,Jonathan,Smith,R,19550129,GBR,atp,137909
100318,Roger,Guedes,R,19531103,BRA,atp,137966
100616,Andy,Kohlberg,L,19590817,USA,atp,138029
100446,John,Sadri,R,19560919,USA,atp,137993
100529,Kevin,Curren,R,19580302,USA,atp,137989
100353,Bruce,Kleege,R,19541101,USA,atp,138002
100453,Jose Luis,Damiani,R,19561121,URU,atp,138021
100409,Randy,Crawford,R,19551222,USA,atp,138016
100210,Steve,Docherty,R,19500506,AUS,atp,137839
100241,Joel,Bailey,R,19510425,USA,atp,137983
100380,Butch,Walts,R,19550604,USA,atp,137902
100502,Vincent,Van Patten,R,19571017,USA,atp,138026
100515,Shlomo,Glickstein,R,19580106,ISR,atp,138012
100516,Andrew,Jarrett,R,19580109,GBR,atp,137953
100546,Eric,Fromm,R,19580627,USA,atp,138035
100166,Gene Stuart,Malin,R,19481001,USA,atp,137987
100450,Leo,Palin,R,19561020,FIN,atp,137963
100827,Jean Luc,Cotard,R,19620507,FRA,atp,141037
100460,Jose,Lopez Maeso,R,19561224,ESP,atp,138037
106615,Bernard,Balleret,R,,MON,atp,137934
107590,Luis,Borfiga,R,19541029,MON,atp,137869
100656,Ivan,Lendl,R,19600307,USA,atp,132503
100403,Rolf,Gehring,R,19551125,GER,atp,137868
100532,Johan,Kriek,R,19580405,USA,atp,137982
100438,Carlos,Gattiker,R,19560606,ARG,atp,138064
100464,Warren,Maher,R,19570115,AUS,atp,137961
100646,Claudio,Panatta,R,19600202,ITA,atp,138132
100652,Cassio,Motta,R,19600222,BRA,atp,138022
100536,Fernando,Luna,R,19580424,ESP,atp,138063
108580,Zoltan,Ilin,R,,SRB,atp,138072
107649,Marco,Alciati,R,,ITA,atp,141038
100764,Gabriel,Urpi,R,19610816,ESP,atp,138127
100293,John,Marks,R,19521209,AUS,atp,137911
100259,Peter,Feigl,R,19511130,AUT,atp,137916
100800,Diego,Perez,R,19620209,URU,atp,138121
107000,Fernando,Dalla Fontana,R,,ARG,atp,138122
100506,Howard,Schoenfield,R,19571115,USA,atp,137880
100672,Derek,Segal,R,19600507,RSA,atp,138095
100415,Michael,Grant,R,19560203,USA,atp,133425
100411,Pavel,Slozil,R,19551229,CZE,atp,137941
100836,Glenn,Michibata,R,19620613,CAN,atp,138194
100864,Martin,Wostenholme,R,19621011,CAN,atp,138286
100368,Haroon,Ismail,R,19550227,ZIM,atp,138023
100412,Bruce,Nichols,R,19551231,USA,atp,137998
100682,Ernie,Fernandez,R,19600608,PUR,atp,138086
100451,Tony,Graham,R,19561029,USA,atp,137986
100522,Chris,Dunk,R,19580123,USA,atp,138105
100942,Thierry,Tulasne,R,19630712,FRA,atp,138056
100769,Mario,Martinez,R,19610912,BOL,atp,133269
100655,Fritz,Buehning,R,19600305,USA,atp,138019
100349,Glen,Holroyd,R,19540925,USA,atp,138111
108110,Robert,Hubbard,R,,USA,atp,141039
100405,Fernando,Maynetto,R,19551202,PER,atp,138045
100449,Stanislav,Birner,R,19561011,CZE,atp,137976
100574,Peter,Rennert,L,19581226,USA,atp,138007
108317,Steve,Rogul,R,,USA,atp,141040
100793,Stephane,Bonneau,R,19611208,CAN,atp,138275
100596,Bill,Cowan,R,19590428,CAN,atp,138087
100416,Bill,Maze,R,19560209,USA,atp,137968
100562,Tom,Cain,R,19581011,USA,atp,138048
100240,Joao,Soares,R,19510425,BRA,atp,137921
100667,Per,Hjertquist,R,19600406,SWE,atp,138073
100583,Jeff,Robbins,R,19590301,USA,atp,137384
107328,Jeremy,Cohen,R,,USA,atp,138005
100640,Stefan,Simonsson,R,19600105,SWE,atp,138066
100392,Richard,Meyer,R,19550904,USA,atp,138020
100336,Guillermo,Aubone,L,19540608,ARG,atp,138039
106665,Brian,Millar,R,,CAN,atp,141041
100700,Heinz,Gildemeister,R,19601018,CHI,atp,141042
100197,Alejandro,Pierola,R,19491120,CHI,atp,137977
100653,Andres,Gomez,L,19600227,ECU,atp,15857
100488,Chris,Delaney,R,19570716,USA,atp,138003
100510,Franco,Merlone,R,19571216,ITA,atp,141043
100505,Famiano,Meneschincheri,R,19571113,ITA,atp,141044
100622,Patrizio,Parrini,R,19590905,ITA,atp,138190
100730,Florin,Segarceanu,R,19610329,ROU,atp,138067
100607,Eduardo,Bengoechea,R,19590702,ARG,atp,138120
100177,Pavel,Hutka,R,19490228,CZE,atp,137936
100481,Roberto,Vizcaino,R,19570425,ESP,atp,138068
100615,Gianluca,Rinaldini,R,19590810,ITA,atp,138124
100844,Jerome,Potier,L,19620718,FRA,atp,138104
100385,Filip,Krajcik,R,19550723,AUT,atp,141045
100435,Regis,Brunet,R,19560531,FRA,atp,137930
106950,Enzo,Vattuone,R,,ITA,atp,137918
100483,Christophe,Casa,R,19570530,FRA,atp,137940
100936,Henri,Leconte,L,19630704,FRA,atp,138070
100440,Eddie,Edwards,R,19560703,RSA,atp,138075
100907,Luca,Bottazzi,R,19630401,ITA,atp,138301
100946,Slobodan,Zivojinovic,R,19630723,YUG,atp,138183
100466,Maurice,Hunter,R,19570127,USA,atp,141046
100894,Francesco,Cancellotti,R,19630227,ITA,atp,138238
100782,Pablo,Arraya,R,19611021,PER,atp,138191
100752,Ramesh,Krishnan,R,19610605,IND,atp,138001
100922,Roberto,Arguello,U,19630512,ARG,atp,138236
100701,Marko,Ostoja,R,19601020,CRO,atp,138040
100611,Mel,Purcell,R,19590718,USA,atp,137994
100713,John,Fitzgerald,R,19601228,AUS,atp,138008
100630,Gustavo,Guerrero,L,19591022,ARG,atp,138119
100905,Sammy,Giammalva Jr,R,19630324,USA,atp,138052
100393,Marcos,Hocevar,R,19550926,BRA,atp,138071
100878,Christoph,Zipf,R,19621205,GER,atp,141047
100471,Mark,Vines,L,19570223,USA,atp,138082
100534,Steve,Meister,R,19580421,USA,atp,138091
100993,Loic,Courteau,R,19640106,FRA,atp,138192
100641,Jan,Van Langendonck,R,19600110,BEL,atp,141048
100307,Paul,Torre,R,19530518,FRA,atp,138115
100749,Dave,Siegler,R,19610531,USA,atp,138013
100565,Lloyd,Bourne,R,19581018,USA,atp,138080
100384,Alejandro,Cortes,R,19550714,COL,atp,138017
100472,Craig,Wittus,R,19570224,USA,atp,138081
100507,Curt,Stalder,R,19571120,USA,atp,141049
100459,Tracy,Delatte,R,19561222,USA,atp,141050
100649,David,Dowlen,R,19600203,USA,atp,137995
100489,Larry,Stefanki,R,19570723,USA,atp,138098
100533,Paul,Avis,R,19580414,RSA,atp,141051
100553,Nduka,Odizor,R,19580809,NGR,atp,138133
101061,Jimmy,Arias,R,19640816,USA,atp,138041
100663,Marcel,Freeman,R,19600330,USA,atp,138053
100594,Kevin,Kerns,R,19590424,USA,atp,141052
100821,Hans,Simonsson,R,19620501,SWE,atp,138069
100430,David,Carter,R,19560421,AUS,atp,137924
100753,Juan Carlos,Ayala,R,19610618,CHI,atp,138051
100445,Steve,Denton,R,19560905,USA,atp,138088
100603,Roland,Stadler,U,19590614,SUI,atp,138094
107862,Nigel,Orourke,R,,CAN,atp,141053
100635,Mark,Dickson,R,19591208,USA,atp,138175
100539,Rick,Meyers,R,19580514,USA,atp,141054
100715,Jim,Gurfein,L,19610104,USA,atp,138090
100480,Josef,Brabenec,R,19570424,CAN,atp,141055
100419,Todd,Lundy,R,19560217,USA,atp,141056
100780,Mike,De Palmer,L,19611017,USA,atp,138089
106512,Amani,Jumatano,R,,BUR,atp,141057
101098,Guy,Forget,L,19650104,FRA,atp,138168
100517,Matt,Doyle,R,19580113,USA,atp,138076
100478,Pascal,Deniau,R,19570407,FRA,atp,141058
100597,Jay,Lapidus,L,19590501,USA,atp,138028
100759,Danie,Visser,L,19610726,RSA,atp,138137
100431,Mansour,Bahrami,R,19560426,IRI,atp,134351
100719,Juan,Avendano,R,19610129,ESP,atp,138128
100923,Wally,Masur,R,19630513,AUS,atp,138101
100689,Tim,Mayotte,R,19600803,USA,atp,138033
100815,David,Pate,R,19620416,USA,atp,138160
100519,Scott,Mccain,R,19580115,USA,atp,138074
100797,Ben,Testerman,L,19620202,USA,atp,138117
100575,Andy,Andrews,R,19590101,USA,atp,138097
101062,Mats,Wilander,R,19640822,SWE,atp,138110
107850,Nial,Brash,R,,USA,atp,141059
100763,Brad,Gilbert,R,19610809,USA,atp,138176
100567,Chip,Hooper,R,19581024,USA,atp,138060
100757,Anders,Jarryd,R,19610713,SWE,atp,138113
100736,Hugo,Nunez,R,19610414,ECU,atp,141060
100518,Ricardo,Acuna,R,19580113,CHI,atp,137988
100762,Freddie,Sauer,R,19610802,RSA,atp,138042
100570,Marty,Davis,R,19581115,USA,atp,138079
101138,Pat,Cash,R,19650527,AUS,atp,138109
100568,John,Mattke,R,19581029,USA,atp,138249
100962,Thomas,Hogstedt,R,19630921,SWE,atp,138108
100310,Mike,Myburg,R,19530623,RSA,atp,138143
100606,Mike,Bauer,R,19590629,USA,atp,138169
100711,Pedro,Rebolledo,R,19601217,CHI,atp,138092
100285,Rod,Frawley,R,19520908,AUS,atp,137750
100543,Peter,Elter,R,19580610,GER,atp,137944
100530,Andreas,Maurer,R,19580308,GER,atp,14412
100609,Zoltan,Kuharszky,R,19590708,HUN,atp,138129
100588,Pender,Murphy,R,19590319,USA,atp,138178
100809,Juan,Aguilera,R,19620322,ESP,atp,138208
100398,Julio,Goes,R,19551025,BRA,atp,138139
100893,Joakim,Nystrom,R,19630220,SWE,atp,138100
101013,Henrik,Sundstrom,R,19640229,SWE,atp,138134
100829,Jan,Gunnarsson,R,19620530,SWE,atp,138182
101124,Paolo,Cane,R,19650409,ITA,atp,138307
100323,Givaldo,Barbosa,R,19540125,BRA,atp,138032
108266,Simone,Ercoli,R,,ITA,atp,141061
100950,Libor,Pimek,R,19630803,BEL,atp,138199
100657,Mike,Leach,L,19600309,USA,atp,138055
100910,Magnus,Tideman,R,19630409,SWE,atp,138206
101018,Edoardo,Mazza,R,19640315,ITA,atp,141062
100628,Michiel,Schapers,R,19591011,NED,atp,138207
101381,Aaron,Krickstein,R,19670802,USA,atp,138201
100728,Todd,Nelson,R,19610318,USA,atp,138202
100714,Broderick,Dyke,L,19601231,AUS,atp,138170
100765,Rodney,Harmon,R,19610816,USA,atp,138181
100675,John,Mccurdy,R,19600513,AUS,atp,138167
100855,Scott,Davis,R,19620827,USA,atp,138049
100246,Frank,Puncec,R,19510709,RSA,atp,138209
100540,Drew,Gitlin,R,19580526,USA,atp,138093
100604,Egan,Adams,R,19590615,USA,atp,138174
100866,Shahar,Perkiss,R,19621014,ISR,atp,138225
100740,Dan,Cassidy,R,19610429,USA,atp,138252
100618,Leif,Shiras,R,19590821,USA,atp,138061
100624,Derek,Tarr,L,19590915,USA,atp,138083
100957,Greg,Holmes,R,19630829,USA,atp,138198
101222,Stefan,Edberg,R,19660119,SWE,atp,132502
101205,Grant,Connell,L,19651117,CAN,atp,138383
100504,Jerome,Vanier,L,19571102,FRA,atp,137979
100593,Miloslav,Lacek,L,19590416,CZE,atp,141063
100920,Robert,Seguso,R,19630501,USA,atp,138203
107183,Hatem,Mcdadi,R,,CAN,atp,141064
101020,Hans,Schwaier,R,19640324,GER,atp,138231
100938,Jaromir,Becka,R,19630706,GER,atp,141065
100857,Sergio,Casal,R,19620908,ESP,atp,138135
101115,Jorge,Bardou,R,19650305,ESP,atp,141066
101426,Kent,Carlsson,R,19680103,SWE,atp,138240
101084,Jakob,Hlasek,R,19641112,SUI,atp,138223
101109,Tarik,Benhabiles,R,19650205,FRA,atp,138186
100799,Carlos,Castellan,R,19620208,ARG,atp,138189
100956,Simone,Colombo,R,19630828,ITA,atp,138227
101036,Miloslav,Mecir,R,19640519,SVK,atp,14789
101147,Claudio,Mezzadri,R,19650610,SUI,atp,138226
100390,Trevor,Allan,L,19550817,AUS,atp,137860
101073,Martin,Jaite,R,19641009,ARG,atp,138237
100935,Michael,Robertson,R,19630702,USA,atp,138331
100926,Ken,Flach,R,19630524,USA,atp,138218
100617,Bud,Schultz,R,19590821,USA,atp,138271
100934,Matt,Anger,R,19630620,USA,atp,138195
100804,Henri,De Wet,R,19620301,RSA,atp,141067
101093,Steve,Devries,R,19641208,USA,atp,141068
100660,Bob,Green,R,19600325,USA,atp,138255
101414,Boris,Becker,R,19671122,GER,atp,107464
101195,Amos,Mansdorf,R,19651020,ISR,atp,138281
100833,Marc,Flur,R,19620608,USA,atp,138264
100651,Alejandro,Ganzabal,R,19600216,ARG,atp,138123
100917,Nelson,Aerts,R,19630425,BRA,atp,138284
101145,Jonathan,Canter,R,19650604,USA,atp,138200
101126,Chris,Pridham,R,19650411,CAN,atp,138401
100839,Laird,Dunlop,R,19620628,CAN,atp,141069
100901,Paul,Annacone,R,19630320,USA,atp,138229
101142,Emilio,Sanchez,R,19650529,ESP,atp,138224
101113,Michael,Westphal,R,19650219,GER,atp,138205
101387,Claudio,Pistolesi,R,19670825,ITA,atp,138315
101276,Horacio,De La Pena,L,19660801,ARG,atp,138235
100639,Blaine,Willenborg,R,19600104,USA,atp,138050
101012,Massimiliano,Narducci,R,19640225,ITA,atp,138410
101063,Jordi,Arrese,R,19640829,ESP,atp,138300
101029,Ricki,Osterthun,R,19640502,GER,atp,138274
100598,Wolfgang,Popp,R,19590519,GER,atp,138114
101158,John,Frawley,R,19650704,AUS,atp,138172
101080,Lawson,Duncan,R,19641026,USA,atp,138259
100620,Eduardo,Osta,L,19590904,ESP,atp,138193
100742,Christo,Steyn,R,19610501,RSA,atp,138197
101185,Mark,Woodforde,L,19650923,AUS,atp,138279
101354,Andrew,Sznajder,R,19670525,CAN,atp,138366
101265,Patrick,Mcenroe,R,19660701,USA,atp,138506
101374,Leonardo,Lavalle,L,19670714,MEX,atp,138283
100544,Tony,Mmoh,R,19580614,NGR,atp,138289
101372,Joey,Blake,R,19670714,USA,atp,141070
100747,Glenn,Layendecker,L,19610509,USA,atp,138250
100990,Milan,Srejber,R,19631230,CZE,atp,138318
100939,Joey,Rive,L,19630708,USA,atp,138371
101048,Francisco,Maciel,R,19640701,MEX,atp,138311
100727,Raul Antonio,Viver,L,19610317,ECU,atp,138265
101324,Ulf,Stenlund,R,19670121,SWE,atp,138316
101106,Peter,Lundgren,R,19650129,SWE,atp,138291
100967,Dan,Goldie,R,19631003,USA,atp,138260
101256,Mark,Kratzmann,L,19660517,AUS,atp,138146
101074,Carlos,Di Laura,L,19641019,PER,atp,138341
101298,Jonas,Svensson,R,19661021,SWE,atp,138280
100944,Mikael,Pernfors,R,19630716,SWE,atp,138256
100972,Todd,Witsken,R,19631104,USA,atp,138317
100870,Christo,Van Rensburg,R,19621023,RSA,atp,138230
100928,Barry,Moir,R,19630601,RSA,atp,138269
101196,Derrick,Rostagno,R,19651025,USA,atp,138294
101119,Marian,Vajda,R,19650324,SVK,atp,138241
101150,Gianluca,Pozzi,L,19650617,ITA,atp,138365
101086,Ronald,Agenor,R,19641113,USA,atp,138288
101285,Thierry,Champion,R,19660831,FRA,atp,138270
101117,Eric,Jelen,R,19650311,GER,atp,138242
101120,Karel,Novacek,R,19650330,CZE,atp,138239
100790,Bruce,Derlin,L,19611128,NZL,atp,138136
100865,Marcelo,Ingaramo,L,19621013,ARG,atp,138302
101085,Corrado,Aprili,R,19641113,ITA,atp,141071
101230,Andrei,Chesnokov,R,19660202,RUS,atp,138278
100661,Damir,Keretic,R,19600326,GER,atp,138147
101404,Thomas,Muster,L,19671002,AUT,atp,36732
101409,Jaime,Yzaga,R,19671023,PER,atp,138297
100970,Stefan,Eriksson,R,19631017,SWE,atp,138312
101378,Tore,Meinecke,R,19670721,GER,atp,138412
100830,Gary,Donnelly,R,19620603,USA,atp,138321
101026,Jim,Grabb,R,19640414,USA,atp,138292
101097,Rick,Leach,L,19641228,USA,atp,138378
101226,Johan,Carlsson,R,19660129,SWE,atp,138348
101096,Gary,Muller,L,19641227,RSA,atp,138263
101511,Horst,Skoff,R,19680822,AUT,atp,138313
101058,Francisco,Yunis,R,19640812,ARG,atp,138350
101439,Javier,Sanchez,R,19680201,ESP,atp,138349
101309,Jay,Berger,R,19661126,USA,atp,138293
101000,Carl,Limberger,R,19640124,AUS,atp,138245
100548,Ivan,Kley,R,19580629,BRA,atp,138305
101736,Andre,Agassi,R,19700429,USA,atp,132501
101686,Franco,Davin,L,19700111,ARG,atp,138357
100951,Alessandro,De Minicis,R,19630804,ITA,atp,141072
101649,Guillermo,Perez Roldan,R,19691020,ARG,atp,138346
101004,Jim,Pugh,R,19640205,USA,atp,138324
101481,Omar,Camporese,R,19680508,ITA,atp,138427
100954,Luiz,Mattar,R,19630818,BRA,atp,138314
101606,Alberto,Mancini,R,19690520,ARG,atp,138422
101377,Christian,Bergstrom,R,19670719,SWE,atp,138319
101066,Richard,Matuszewski,R,19640907,USA,atp,138287
100744,Peter,Doohan,R,19610502,AUS,atp,138009
101053,Michael,Kures,R,19640725,USA,atp,138262
100772,Kelly,Evernden,R,19610921,NZL,atp,138266
101014,John,Ross,R,19640229,USA,atp,138377
101088,Larry,Scott,R,19641121,USA,atp,138389
100751,Roberto,Saad,R,19610603,ARG,atp,138273
101251,Eric,Winogradsky,R,19660422,FRA,atp,138303
101191,Richey,Reneberg,R,19651005,USA,atp,138364
101022,Kelly,Jones,R,19640331,USA,atp,138376
101050,Martin,Laurendeau,R,19640710,CAN,atp,138360
101366,David,Macpherson,L,19670703,AUS,atp,138215
101075,Dexter,Macbride,R,19641021,USA,atp,141073
100924,Jorge,Lozano,R,19630517,MEX,atp,138363
100985,Tim,Pawsat,R,19631210,USA,atp,141074
100810,Paul,Chamberlin,R,19620326,USA,atp,138329
100852,Howard,Herr,R,19620816,RSA,atp,141075
101334,Alexander,Volkov,L,19670303,RUS,atp,138373
101332,Gilad,Bloom,L,19670301,ISR,atp,138351
101179,Jean Philippe,Fleurian,R,19650911,FRA,atp,138308
100906,Antony,Emerson,R,19630329,AUS,atp,141076
100899,Jorgen,Windahl,R,19630312,SWE,atp,138112
100978,Andrew,Castle,R,19631115,GBR,atp,138332
101190,Darren,Cahill,R,19651002,AUS,atp,138246
100964,Jon,Levine,R,19630929,USA,atp,138204
101108,Richard,Schmidt,R,19650131,USA,atp,138434
101216,Olli,Rahnasto,R,19651228,FIN,atp,138459
100877,Brett,Dickinson,R,19621204,USA,atp,141077
101550,Al,Parker,R,19681222,USA,atp,138320
101242,Brad,Pearce,R,19660321,USA,atp,138309
100913,Peter,Carlsson,L,19630413,SWE,atp,138343
100490,Jaroslav,Navratil,R,19570724,CZE,atp,138267
101263,Luke,Jensen,U,19660618,USA,atp,138290
101727,Jason,Stoltenberg,R,19700404,AUS,atp,138387
101717,Diego,Nargiso,L,19700315,ITA,atp,138394
100930,Paul,Vojtischek,R,19630613,GER,atp,138345
107894,Omar,Urbinati,R,,ITA,atp,141078
101035,Menno,Oosting,R,19640517,NED,atp,138276
100837,Jeremy,Bates,R,19620619,GBR,atp,138140
101382,Marcelo,Filippini,R,19670804,URU,atp,138420
101663,Eugenio,Rossi,R,19691110,ITA,atp,141079
101445,Alessandro,Baldoni,R,19680220,ITA,atp,141080
101391,Carl Uwe,Steeb,L,19670901,GER,atp,138344
101344,Bruno,Oresar,R,19670421,CRO,atp,138296
101312,Robbie,Weiss,R,19661201,USA,atp,138448
101318,Javier,Frana,L,19661225,ARG,atp,138386
101178,Pieter,Aldrich,R,19650907,RSA,atp,138400
102021,Michael,Chang,R,19720222,USA,atp,138367
101143,Branislav,Stankovic,R,19650530,SVK,atp,138405
101948,Pete,Sampras,R,19710812,USA,atp,138444
101071,Tom,Nijssen,R,19641001,NED,atp,138335
101233,Alex,Antonitsch,R,19660208,AUT,atp,138359
101232,Nicklas,Kroon,R,19660205,SWE,atp,138393
101793,Jim,Courier,R,19700817,USA,atp,138447
100997,Roger,Smith,R,19640120,BAH,atp,138369
101358,Olivier,Delaitre,R,19670601,FRA,atp,138336
101320,Magnus,Gustafsson,R,19670103,SWE,atp,138404
101234,Patrik,Kuhnen,R,19660211,GER,atp,138347
101500,Christian,Saceanu,R,19680708,GER,atp,138328
100817,Mark,Basham,L,19620424,USA,atp,141081
100904,George,Bezecny,R,19630324,USA,atp,141082
101434,Petr,Korda,L,19680123,CZE,atp,138409
101249,Andrei,Olhovskiy,R,19660415,RUS,atp,138391
100995,Eduardo,Masso,L,19640111,BEL,atp,138414
101238,Andres,Vysand,R,19660310,GER,atp,138421
101365,Paul,Wekesa,R,19670702,KEN,atp,138475
101788,Doug,Flach,R,19700810,USA,atp,138631
101154,Simon,Youl,R,19650701,AUS,atp,138154
100955,Yahiya,Doumbia,R,19630825,SEN,atp,138407
101593,Chris,Garner,R,19690407,USA,atp,138504
101057,Peter,Carter,R,19640809,AUS,atp,138159
101114,Charles,Beckman,R,19650301,USA,atp,141083
102148,Fabrice,Santoro,R,19721209,FRA,atp,14261
101964,Goran,Ivanisevic,L,19710913,CRO,atp,138395
101337,Martin,Strelba,R,19670322,CZE,atp,138490
101767,Lars,Jonsson,R,19700627,SWE,atp,138500
101809,Nicolas,Pereira,R,19700929,VEN,atp,138452
101731,Nuno,Marques,L,19700409,POR,atp,138446
101532,Francisco,Clavet,L,19681024,ESP,atp,138526
101611,Cedric,Pioline,R,19690615,FRA,atp,138486
101843,Sergi,Bruguera,R,19710116,ESP,atp,138457
101440,Mark,Koevermans,R,19680203,NED,atp,138460
101924,Stefano,Pescosolido,R,19710613,ITA,atp,138515
101956,Mark,Knowles,R,19710904,BAH,atp,3942
101862,Maurice,Ruah,R,19710219,VEN,atp,138548
101308,Neil,Broad,R,19661120,GBR,atp,138455
100896,Miguel,Nido,R,19630308,PUR,atp,138445
101339,Agustin,Moreno,R,19670331,MEX,atp,138411
101772,Andrei,Cherkasov,R,19700704,RUS,atp,138456
101477,Chris,Bailey,R,19680429,GBR,atp,138390
101783,Mark,Petchey,R,19700801,GBR,atp,138397
101417,Mario,Rincon,R,19671203,COL,atp,138497
101068,Byron,Talbot,R,19640915,RSA,atp,138462
101299,Sven,Salumaa,R,19661021,USA,atp,141084
101314,Woody,Hunt,R,19661203,USA,atp,141085
101889,Todd,Woodbridge,R,19710402,AUS,atp,138399
101900,Nicklas,Kulti,R,19710422,SWE,atp,138483
101123,Alexander,Mronz,R,19650407,GER,atp,138437
101421,Veli,Paloheimo,R,19671213,FIN,atp,138463
101589,Arnaud,Boetsch,R,19690401,FRA,atp,138353
101133,Patrick,Baur,R,19650503,GER,atp,138423
101237,Danilo,Marcelino,R,19660308,BRA,atp,138469
100908,Tobias,Svantesson,R,19630401,SWE,atp,138398
101412,Shuzo,Matsuoka,R,19671106,JPN,atp,138428
101680,Zeeshan,Ali,R,19700101,IND,atp,138491
101735,Richard,Fromberg,R,19700428,AUS,atp,138425
101281,Shelby,Cannon,L,19660819,USA,atp,138368
101224,Kenny,Thorne,R,19660124,USA,atp,138634
101274,Udo,Riglewski,R,19660728,GER,atp,138403
101055,Heiner,Moraing,R,19640803,GER,atp,138396
101215,Scott,Warner,R,19651222,USA,atp,138492
101789,Steve,Bryan,R,19700810,USA,atp,138461
101776,Sandon,Stolle,R,19700713,AUS,atp,138540
101543,Jeff,Tarango,L,19681120,USA,atp,138439
102071,Robert,Janecek,R,19720609,CAN,atp,141086
107818,Miles,Walker,R,,USA,atp,141087
107688,Mark,Greenan,R,,CAN,atp,141088
102301,Sebastien,Leblanc,L,19731227,CAN,atp,141089
101452,Greg,Failla,R,19680309,USA,atp,141090
102235,Tommy,Ho,L,19730617,USA,atp,138442
102205,Sebastien,Lareau,R,19730427,CAN,atp,138616
101279,Philippe,Pech,L,19660809,FRA,atp,138415
101364,Bret,Garnett,R,19670702,USA,atp,138480
100989,Ned,Caswell,R,19631228,USA,atp,141091
102110,Daniel,Nestor,L,19720904,CAN,atp,138585
101529,Michael,Stich,R,19681018,GER,atp,132496
101609,David,Wheaton,R,19690602,USA,atp,138374
101613,Malivai,Washington,R,19690620,USA,atp,138450
101598,Eduardo,Velez,R,19690420,MEX,atp,141092
101214,Bryan,Shelton,R,19651222,USA,atp,138453
101435,Brian,Gyetko,R,19680126,CAN,atp,141093
101534,Libor,Nemecek,R,19681026,CZE,atp,138516
102154,Marcos,Ondruska,R,19721218,RSA,atp,138562
102000,Aki,Rahunen,R,19711224,FIN,atp,138505
101703,Guillaume,Raoux,R,19700214,FRA,atp,138419
101820,Marc,Rosset,R,19701107,SUI,atp,138509
101393,Jens,Woehrmann,R,19670908,GER,atp,138514
101507,Tomas,Carbonell,R,19680807,ESP,atp,138355
101284,Lars Anders,Wahlgren,R,19660824,SWE,atp,138356
101407,David,Engel,R,19671017,SWE,atp,138416
101482,Markus,Zoecke,R,19680510,GER,atp,138513
101174,Fernando,Roese,R,19650824,BRA,atp,138544
101262,Rikard,Bergh,L,19660614,SWE,atp,141094
101368,Christian,Miniussi,R,19670705,ARG,atp,138333
101696,Federico,Mordegan,R,19700201,ITA,atp,141095
101746,Renzo,Furlan,R,19700517,ITA,atp,138488
101283,Dirk,Leppen,R,19660823,GER,atp,141096
101235,Paul,Haarhuis,R,19660219,NED,atp,138458
101502,Torben,Theine,L,19680710,GER,atp,138430
101030,Goran,Prpic,R,19640504,CRO,atp,138304
101430,Sergio,Cortes,R,19680111,CHI,atp,138633
101725,Gabriel,Markus,R,19700331,ARG,atp,138559
101920,Jamie,Morgan,R,19710608,AUS,atp,138476
101202,Ian,Aler,R,19651111,USA,atp,141097
101510,Henrik,Holm,R,19680822,SWE,atp,138494
101398,Neil,Borwick,L,19670915,AUS,atp,138517
101955,Luis,Herrera,L,19710827,MEX,atp,138525
101750,Cristiano,Caratti,R,19700524,ITA,atp,138507
101792,Slava,Dosedel,R,19700814,CZE,atp,138555
101549,Rodolphe,Gilbert,L,19681212,FRA,atp,15371
101965,Wayne,Ferreira,R,19710915,RSA,atp,138522
101917,Grant,Stafford,R,19710527,RSA,atp,138563
101990,Richard,Krajicek,R,19711206,NED,atp,138547
101733,Jan,Siemerink,L,19700414,NED,atp,138546
101475,Carlos,Costa,R,19680422,ESP,atp,138518
101719,Frederic,Fontang,R,19700318,FRA,atp,138484
101723,Magnus,Larsson,R,19700325,SWE,atp,138464
101484,Vladimir,Gabrichidze,R,19680516,GEO,atp,141098
101866,David,Rikl,L,19710227,CZE,atp,138529
102375,Dinu,Pescariu,R,19740412,ROU,atp,138556
101945,Thierry,Guardiola,R,19710807,FRA,atp,138600
101647,Byron,Black,R,19691006,ZIM,atp,138569
101761,Jaime,Oncins,R,19700616,BRA,atp,138541
101851,Alexis,Hombrecher,R,19710129,GER,atp,141099
102226,David,Witt,R,19730602,USA,atp,138496
101469,Brian,Garrow,R,19680408,USA,atp,138499
101462,Francisco,Roig,R,19680401,ESP,atp,138485
101774,Todd,Martin,R,19700708,USA,atp,138510
101890,Jonathan,Stark,R,19710403,USA,atp,138570
102061,Kevin,Ullyett,R,19720523,ZIM,atp,27581
101805,David,Nainkin,R,19700920,RSA,atp,138606
101937,Robbie,Koenig,R,19710705,RSA,atp,141100
101660,Francisco,Montana,R,19691105,USA,atp,138564
102001,German,Lopez,R,19711229,ESP,atp,138561
101373,Karsten,Braasch,L,19670714,GER,atp,138574
101280,Mikael,Stadling,L,19660810,SWE,atp,141101
102093,Martin,Damm,R,19720801,CZE,atp,138572
101835,Arne,Thoms,R,19710101,GER,atp,138580
101901,Chuck,Adams,R,19710423,USA,atp,138449
102257,Greg,Rusedski,L,19730906,GBR,atp,138618
101463,Bernd,Karbacher,R,19680403,GER,atp,138571
102053,Brian,Macphie,L,19720511,USA,atp,138653
101594,Carsten,Arriens,R,19690411,GER,atp,138621
101009,John,Sobel,R,19640215,USA,atp,141102
102368,Brian,Dunn,R,19740405,USA,atp,138595
101710,Martin,Blackman,R,19700305,USA,atp,138495
101348,Dave,Randall,R,19670508,USA,atp,138579
102446,Andrei,Medvedev,R,19740831,UKR,atp,138597
102374,Alex,Corretja,R,19740411,ESP,atp,138596
101721,Markus,Zillner,L,19700319,GER,atp,138601
100943,Girts,Dzelde,R,19630716,LAT,atp,141103
102025,Mikael,Tillstrom,R,19720305,SWE,atp,138644
101362,Stephane,Simian,L,19670608,FRA,atp,138567
101797,Jacco,Eltingh,R,19700829,NED,atp,138549
102233,Leander,Paes,R,19730617,IND,atp,27663
102202,Kenneth,Carlsen,L,19730417,DEN,atp,138614
101601,Brett,Steven,R,19690427,NZL,atp,138613
101711,Alex,Obrien,R,19700307,USA,atp,138587
102158,Patrick,Rafter,R,19721228,AUS,atp,138584
102304,Grant,Doyle,R,19740109,AUS,atp,138582
101584,Keith,Evans,R,19690322,USA,atp,141104
101681,Chris,Wilkinson,R,19700105,GBR,atp,138543
101932,Jared,Palmer,R,19710702,USA,atp,138438
101991,Mauricio,Hadad,R,19711207,COL,atp,138664
101422,Mark,Kaplan,R,19671220,RSA,atp,138501
102247,Andrea,Gaudenzi,R,19730730,ITA,atp,138649
102031,Sandor,Noszaly,R,19720316,HUN,atp,138558
102062,Guillaume,Marx,R,19720524,FRA,atp,141105
101765,Tomas,Anzari,R,19700624,CZE,atp,141106
101775,Frederik,Fetterlein,R,19700711,DEN,atp,138683
102358,Thomas,Enqvist,R,19740313,SWE,atp,138586
101806,Marc Kevin,Goellner,R,19700922,GER,atp,138591
102201,Lionel,Roux,R,19730412,FRA,atp,138602
102184,David,Prinosil,R,19730309,GER,atp,138603
101685,Markus,Naewie,R,19700107,GER,atp,138576
102434,Vincent,Spadea,R,19740719,USA,atp,14281
102146,Jordi,Burillo,R,19721207,ESP,atp,138632
102286,Wayne,Black,R,19731114,ZIM,atp,138694
101582,Gilbert,Schaller,R,19690317,AUT,atp,138598
102338,Yevgeny,Kafelnikov,R,19740218,RUS,atp,138628
102223,Karim,Alami,R,19730524,MAR,atp,138665
101962,Younes,El Aynaoui,R,19710912,MAR,atp,14348
102650,Roberto,Carretero,R,19750830,ESP,atp,138721
102234,Oliver,Gross,R,19730617,GER,atp,138666
101888,Daniel,Vacek,R,19710401,CZE,atp,138552
102238,Alberto,Berasategui,R,19730628,ESP,atp,138599
101468,Gerard,Solves,R,19680407,FRA,atp,138619
101659,Jan,Apell,L,19691104,SWE,atp,138470
102610,Albert,Costa,R,19750625,ESP,atp,138641
101270,Thomas,Gollwitzer,R,19660724,GER,atp,141107
101699,Alois,Beust,R,19700208,FRA,atp,141108
102351,Oscar,Martinez,R,19740309,ESP,atp,138677
102018,Tamer,El Sawy,R,19720211,EGY,atp,138667
101865,Albert,Chang,R,19710227,CAN,atp,138669
102791,Bobby,Kokavec,R,19760517,CAN,atp,141109
102035,Jonas,Bjorkman,R,19720323,SWE,atp,3989
102372,Sule,Ladipo,R,19740409,NGR,atp,141110
102203,Jonathan,Leach,R,19730418,USA,atp,141111
101460,Jose Francisco,Altur,L,19680324,ESP,atp,138502
101515,Donald,Johnson,L,19680909,USA,atp,138687
101977,Patricio,Arnold,R,19711020,ARG,atp,138647
102477,Gaston,Etlis,R,19741104,ARG,atp,138712
101597,Louis,Gloria,L,19690415,USA,atp,138679
101612,Roland,Burtscher,R,19690615,AUT,atp,141112
101897,Fernando,Meligeni,L,19710412,BRA,atp,138590
102152,Pablo,Campana,R,19721216,ECU,atp,138728
101552,Xavier,Daufresne,R,19681224,BEL,atp,138604
102497,Mashiska,Washington,R,19741219,USA,atp,138779
102882,Mark,Philippoussis,R,19761107,AUS,atp,138656
101625,Steve,Herdoiza,R,19690721,USA,atp,141113
102401,Scott,Draper,L,19740605,AUS,atp,138682
102169,Michael,Joyce,R,19730201,USA,atp,138565
102437,Adrian,Voinea,R,19740806,ROU,atp,138651
101833,Michael,Tebbutt,L,19701222,AUS,atp,138636
102259,Jerome,Golmard,L,19730909,FRA,atp,138685
102701,Marcelo,Rios,L,19751226,CHI,atp,138642
101432,Dimitri,Poliakov,R,19680119,UKR,atp,138523
102287,Albert,Portas,R,19731115,ESP,atp,15259
101826,Alex,Lopez Moron,R,19701128,ESP,atp,138678
102212,Corrado,Borroni,R,19730506,ITA,atp,141114
102135,Emilio,Benfele Alvarez,R,19721115,ESP,atp,138675
101016,Marcos Aurelio,Gorriz,L,19640304,ESP,atp,138573
102539,Bohdan,Ulihrach,R,19750223,CZE,atp,14538
102344,Karol,Kucera,R,19740304,SVK,atp,138629
101441,Martin,Sinner,R,19680207,GER,atp,138553
102087,Oleg,Ogorodov,R,19720716,UZB,atp,138709
102318,Andrei,Pavel,R,19740127,ROU,atp,14342
101567,Hendrik Jan,Davids,L,19690130,NED,atp,138748
101600,Daniel,Courcol,R,19690426,FRA,atp,138686
102491,Alex,Radulescu,R,19741207,GER,atp,138718
102198,Paul,Kilderry,R,19730411,AUS,atp,138605
102795,Scott,Humphries,R,19760526,USA,atp,138704
102139,Eyal,Ran,R,19721121,ISR,atp,138705
102524,Neville,Godwin,R,19750131,RSA,atp,138703
102118,Radomir,Vasek,R,19720923,CZE,atp,138652
102104,Christian,Ruud,R,19720824,NOR,atp,138594
102521,Hendrik,Dreekmann,R,19750129,GER,atp,138650
101490,Daniel,Orsanic,L,19680611,ARG,atp,138550
102556,Claude,Ngoran,L,19750318,CIV,atp,141115
102106,Davide,Sanguinetti,R,19720825,ITA,atp,14937
102430,Adam,Peterson,R,19740716,USA,atp,141116
101864,Fernon,Wibier,R,19710225,NED,atp,138610
102845,Carlos,Moya,R,19760827,ESP,atp,14248
102450,Tim,Henman,R,19740906,GBR,atp,14784
102456,Felix,Mantilla,R,19740923,ESP,atp,15304
101636,Wade,Mcguire,R,19690819,USA,atp,138671
102271,Hicham,Arazi,L,19731019,MAR,atp,138699
102162,Chris,Woodruff,R,19730102,USA,atp,138635
102029,Filip,Dewulf,R,19720315,BEL,atp,138654
102085,Sasa,Hirszon,R,19720714,CRO,atp,141117
101406,Wojtek,Kowalski,R,19671010,POL,atp,138443
103167,Jocelyn,Robichaud,R,19780408,CAN,atp,141118
102024,Hernan,Gumy,R,19720305,ARG,atp,138691
102854,Sjeng,Schalken,R,19760908,NED,atp,138674
102562,Jiri,Novak,R,19750322,CZE,atp,138702
102571,Gregory,Carraz,R,19750409,FRA,atp,138720
102088,Joern,Renzenbrink,R,19720717,GER,atp,138624
102220,Patrik,Fredriksson,R,19730516,SWE,atp,138708
102113,Daniele,Musa,R,19720910,ITA,atp,138672
101745,Roberto,Jabali,R,19700516,BRA,atp,138727
101687,David,Dilucia,R,19700115,USA,atp,138589
101869,Juan Luis Tati,Rascon,R,19710302,ESP,atp,14965
102466,Jan,Kroslak,R,19741017,SVK,atp,15090
102019,Dirk,Dier,R,19720216,GER,atp,138519
102925,Justin,Gimelstob,R,19770126,USA,atp,14931
102839,Nicolas,Lapentti,R,19760813,ECU,atp,3958
101816,Steve,Campbell,R,19701022,USA,atp,138696
101821,Peter,Tramacchi,R,19701108,AUS,atp,138676
101459,Tomas,Nydahl,R,19680321,SWE,atp,138657
102687,Herbert,Wiltschnig,R,19751121,AUT,atp,141119
101947,Vincenzo,Santopadre,L,19710811,ITA,atp,138790
103151,Mariano,Zabaleta,R,19780228,ARG,atp,14659
102464,Todd,Larkham,R,19741013,AUS,atp,138710
102821,Cecil,Mamiit,R,19760627,PHI,atp,14589
102856,Gustavo,Kuerten,R,19760910,BRA,atp,15315
103103,Dominik,Hrbaty,R,19780104,SVK,atp,3982
102563,Thomas,Johansson,R,19750324,SWE,atp,3991
101926,Andrei,Merinov,L,19710623,RUS,atp,138742
102002,Davide,Scala,R,19720102,ITA,atp,141120
101997,Marzio,Martelli,R,19711214,ITA,atp,138729
103163,Tommy,Haas,R,19780403,GER,atp,14254
103017,Nicolas,Kiefer,R,19770705,GER,atp,3966
102615,Dennis,Van Scheppingen,R,19750705,NED,atp,138731
102243,Marcelo,Charpentier,L,19730711,ARG,atp,14793
102076,Mark,Merklein,R,19720628,BAH,atp,138668
102869,Galo,Blanco,R,19761008,ESP,atp,138723
103031,Julian,Alonso,R,19770802,ESP,atp,138740
103060,Alejandro,Hernandez,R,19771001,MEX,atp,138788
102227,Sargis,Sargsian,R,19730603,ARM,atp,138698
102269,Jeff,Salzenstein,L,19731014,USA,atp,138741
102394,Johan,Van Herck,R,19740524,BEL,atp,138689
102167,Juan Albert,Viloca Puig,R,19730117,ESP,atp,138697
102463,Lucas Arnold,Ker,R,19741012,ARG,atp,15437
103096,Arnaud,Clement,R,19771217,FRA,atp,3963
102796,Magnus,Norman,R,19760530,SWE,atp,138707
102765,Nicolas,Escude,R,19760403,FRA,atp,138630
101688,Geoff,Grant,R,19700116,USA,atp,138730
102780,Frederic,Niemeyer,R,19760424,CAN,atp,11367
102047,Pier,Gauthier,R,19720420,FRA,atp,141121
102998,Jan Michael,Gambill,R,19770603,USA,atp,138732
103720,Lleyton,Hewitt,R,19810224,AUS,atp,3940
102811,Dusan,Vemic,R,19760617,SRB,atp,14343
102851,Giorgio,Galimberti,R,19760905,ITA,atp,15198
102950,Fernando,Vicente,R,19770308,ESP,atp,14364
103206,Sebastien,Grosjean,R,19780529,FRA,atp,14263
102538,Tuomas,Ketola,R,19750221,FIN,atp,138738
103188,Michael,Russell,R,19780501,USA,atp,14381
102887,Ramon,Delgado,R,19761114,PAR,atp,14507
102133,Laurence,Tieleman,R,19721114,ITA,atp,138607
103084,Guillermo,Canas,R,19771125,ARG,atp,3936
102776,Andrew,Ilie,R,19760418,AUS,atp,138684
102753,Wolfgang,Schranz,R,19760319,AUT,atp,15760
103324,Arnaud,Di Pasquale,R,19790211,FRA,atp,138760
102103,Michael,Sell,R,19720823,USA,atp,138734
102652,Christian,Vinck,L,19750903,GER,atp,138764
101868,Dick,Norman,L,19710301,BEL,atp,14436
102730,Ivo,Heuberger,R,19760219,SUI,atp,138774
102629,Oscar,Burrieza,R,19750722,ESP,atp,14762
102585,Sebastian,Prieto,R,19750519,ARG,atp,27574
103507,Juan Carlos,Ferrero,R,19800212,ESP,atp,14250
102905,Stefan,Koubek,L,19770102,AUT,atp,14273
102783,Rainer,Schuettler,R,19760425,GER,atp,3967
103498,Marat,Safin,R,19800127,RUS,atp,14251
102567,George,Bastl,R,19750401,SUI,atp,14462
102770,John,Van Lottum,R,19760410,NED,atp,138735
102644,Franco,Squillari,L,19750822,ARG,atp,138719
102050,Marco,Meneschincheri,L,19720425,ITA,atp,141122
103292,Gaston,Gaudio,R,19781209,ARG,atp,14761
103264,Mariano,Puerta,L,19780919,ARG,atp,14334
103819,Roger,Federer,R,19810808,SUI,atp,3992
102519,Marcio,Carlsson,R,19750124,BRA,atp,138784
103344,Ivan,Ljubicic,R,19790319,CRO,atp,3952
103598,Xavier,Malisse,R,19800719,BEL,atp,14371
102548,Juan Antonio,Marin,R,19750302,CRC,atp,138737
102410,David,Caldwell,R,19740613,USA,atp,138726
102834,Paul,Goldstein,R,19760804,USA,atp,14668
103184,Bob,Bryan,L,19780429,USA,atp,30074
102107,Jan Frode,Andersen,L,19720829,NOR,atp,138819
103225,Simon,Larose,R,19780628,CAN,atp,141123
103018,Max,Mirnyi,R,19770706,BLR,atp,3943
103061,Jan,Boruszewski,R,19771002,GER,atp,141124
103252,Alberto,Martin,R,19780820,ESP,atp,14306
103958,Philip,Gubenco,L,19820314,CAN,atp,141125
102809,Axel,Pretzsch,R,19760616,GER,atp,138780
101885,Wayne,Arthurs,L,19710318,AUS,atp,138769
103758,Taylor,Dent,R,19810424,USA,atp,27425
103484,James,Blake,R,19791228,USA,atp,3999
102642,Cyril,Saulnier,R,19750816,FRA,atp,138781
104053,Andy,Roddick,R,19820830,USA,atp,14242
103182,Markus,Hipfl,R,19780426,AUT,atp,15742
102860,Agustin,Calleri,R,19760914,ARG,atp,3935
103294,Christophe,Rochus,R,19781215,BEL,atp,14299
103356,Michel,Kratochvil,R,19790407,SUI,atp,14867
103454,Nicolas,Massu,R,19791010,CHI,atp,3949
103888,Mardy,Fish,R,19811209,USA,atp,14252
103900,David,Nalbandian,R,19820101,ARG,atp,3937
103714,Andreas,Vinciguerra,L,19810219,SWE,atp,28613
103248,Harel,Levy,R,19780805,ISR,atp,14340
103428,Juan Ignacio,Chela,R,19790830,ARG,atp,14255
103166,Vladimir,Voltchkov,R,19780407,BLR,atp,14602
103387,Paradorn,Srichaphan,R,19790614,THA,atp,31117
102872,James,Sekulov,R,19761013,AUS,atp,138766
103157,Arvind,Parmar,R,19780322,GBR,atp,138787
103566,Michael,Llodra,L,19800518,FRA,atp,3965
101969,Orlin,Stanoytchev,R,19710924,BUL,atp,138745
102369,Julien,Boutter,R,19740405,FRA,atp,138763
101902,Stephane,Huet,L,19710425,FRA,atp,138623
102231,Alex,Calatrava,R,19730614,ESP,atp,138754
104068,Robby,Ginepri,R,19821007,USA,atp,3998
103181,Jiri,Vanek,R,19780424,CZE,atp,3955
102817,Edwin,Kempes,R,19760623,NED,atp,138785
102831,Jacobo,Diaz,R,19760711,ESP,atp,138722
103909,Guillermo,Coria,R,19820113,ARG,atp,14739
103420,Michal,Tabara,R,19790811,CZE,atp,14998
102911,Andrei,Stoliarov,R,19770109,RUS,atp,16028
103397,Alexandre,Simoni,R,19790702,BRA,atp,15374
102703,Hyung Taik,Lee,R,19760103,KOR,atp,138799
102607,Juan,Balcells,R,19750620,ESP,atp,138809
103487,Federico,Luzzi,R,19800103,ITA,atp,14471
103990,Tommy,Robredo,R,19820501,ESP,atp,3988
103917,Nicolas,Mahut,R,19820121,FRA,atp,14282
102179,Antony,Dupuis,R,19730224,FRA,atp,14743
103835,Filippo,Volandri,R,19810905,ITA,atp,14321
102433,Mose,Navarra,L,19740718,ITA,atp,138715
104022,Mikhail,Youzhny,R,19820625,RUS,atp,3978
103319,Jeff,Morrison,R,19790204,USA,atp,138778
102965,Jamie,Delgado,R,19770321,GBR,atp,15531
102669,Noam,Behr,L,19751013,ISR,atp,138767
103114,Martin,Lee,L,19780113,GBR,atp,138751
103694,Olivier,Rochus,R,19810118,BEL,atp,3945
102722,Attila,Savolt,R,19760205,HUN,atp,138801
103602,Fernando,Gonzalez,R,19800729,CHI,atp,3948
103176,David,Sanchez,R,19780420,ESP,atp,138798
102987,Andre,Sa,R,19770506,BRA,atp,138775
103709,Kristian,Pless,R,19810209,DEN,atp,14312
103813,Jarkko,Nieminen,L,19810723,FIN,atp,3960
104076,Jose,Acasuso,R,19821020,ARG,atp,14258
103632,Luis,Horna,R,19800914,PER,atp,14272
103789,Irakli,Labadze,L,19810609,GEO,atp,14950
103280,Martin,Verkerk,R,19781031,NED,atp,14450
102788,Jan,Vacek,R,19760510,CZE,atp,14532
103656,Albert,Montanes,R,19801126,ESP,atp,14262
102694,Lars,Burgsmuller,R,19751206,GER,atp,14794
103171,Raemon,Sluiter,R,19780413,NED,atp,14441
103852,Feliciano,Lopez,L,19810920,ESP,atp,14246
103786,Nikolay,Davydenko,R,19810602,RUS,atp,3979
104339,Mario,Ancic,R,19840330,CRO,atp,14247
103285,Radek,Stepanek,R,19781127,CZE,atp,3957
103297,Alex,Kim,R,19781220,USA,atp,138795
104433,Frank,Dancevic,R,19840926,CAN,atp,11530
103174,Noam,Okun,R,19780416,ISR,atp,14585
102999,Stefano,Galvani,R,19770603,ITA,atp,14347
104755,Richard,Gasquet,R,19860618,FRA,atp,14243
102934,Nicolas,Coutelot,R,19770209,FRA,atp,14416
103970,David,Ferrer,R,19820402,ESP,atp,3985
103812,Victor,Hanescu,R,19810721,ROU,atp,3975
103318,Zeljko,Krajan,R,19790203,CRO,atp,138832
103408,Brian,Vahaly,R,19790719,USA,atp,138825
103908,Paul Henri,Mathieu,R,19820112,FRA,atp,138818
104745,Rafael,Nadal,L,19860603,ESP,atp,3987
103429,Peter,Luczak,R,19790831,AUS,atp,14337
103898,Julien,Benneteau,R,19811220,FRA,atp,14257
103325,Wesley,Moodie,R,19790214,RSA,atp,14478
103581,Flavio,Saretta,R,19800628,BRA,atp,14854
104269,Fernando,Verdasco,L,19831115,ESP,atp,14244
103470,Robert,Kendrick,R,19791115,USA,atp,14307
103971,Karol,Beck,R,19820403,SVK,atp,14410
103693,Thierry,Ascione,R,19810117,FRA,atp,14315
104166,Alex,Bogomolov Jr,R,19830423,RUS,atp,14414
103444,Jean Rene,Lisnard,R,19790925,MON,atp,138791
104379,Todd,Reid,R,19840603,AUS,atp,15191
103333,Ivo,Karlovic,R,19790228,CRO,atp,3951
103781,Jurgen,Melzer,L,19810522,AUT,atp,138808
104229,Yen Hsun,Lu,R,19830814,TPE,atp,3994
104098,Dmitry,Tursunov,R,19821212,RUS,atp,3976
104417,Robin,Soderling,R,19840814,SWE,atp,3990
104026,Joachim,Johansson,R,19820701,SWE,atp,14933
104214,Igor,Andreev,R,19830714,RUS,atp,3977
103401,Jan,Hernych,R,19790707,CZE,atp,14309
103534,Nicolas,Devilder,L,19800325,FRA,atp,14270
104607,Tomas,Berdych,R,19850917,CZE,atp,3954
103716,Uros,Vico,R,19810219,ITA,atp,15029
103105,Ruben,Ramirez Hidalgo,R,19780106,ESP,atp,14335
103435,Massimo,Dellacqua,R,19790906,ITA,atp,141126
103035,Alessio,Di Mauro,L,19770809,ITA,atp,14558
104252,Florian,Mayer,R,19831005,GER,atp,14403
104312,Andreas,Seppi,R,19840221,ITA,atp,3972
104019,Kristof,Vliegen,R,19820622,BEL,atp,14308
102785,Glenn,Weiner,R,19760427,USA,atp,138840
102768,Federico,Browne,R,19760407,ARG,atp,138810
104117,Giovanni,Lapentti,R,19830125,ECU,atp,14552
104548,Brian,Baker,R,19850430,USA,atp,15040
104338,Juan,Monaco,R,19840329,ARG,atp,3938
103672,Ricardo,Mello,L,19801221,BRA,atp,14382
104180,Gilles,Muller,L,19830509,LUX,atp,14303
104542,Jo Wilfried,Tsonga,R,19850417,FRA,atp,14245
104792,Gael,Monfils,R,19860901,FRA,atp,3961
104527,Stanislas,Wawrinka,R,19850328,SUI,atp,3993
103808,Potito,Starace,R,19810714,ITA,atp,3970
104597,Nicolas,Almagro,R,19850821,ESP,atp,3986
104198,Guillermo,Garcia Lopez,R,19830604,ESP,atp,14265
102720,Tomas,Zib,R,19760131,CZE,atp,14454
104925,Novak,Djokovic,R,19870522,SRB,atp,3980
103722,Florent,Serra,R,19810228,FRA,atp,14268
104918,Andy,Murray,R,19870515,GBR,atp,3969
104468,Gilles,Simon,R,19841227,FRA,atp,3964
105229,Philip,Bester,R,19881006,CAN,atp,15061
103510,Rob,Steckley,R,19800216,CAN,atp,141127
103240,Kevin,Kim,R,19780726,USA,atp,14365
103490,Santiago,Ventura,R,19800105,ESP,atp,14286
105385,Donald,Young,L,19890723,USA,atp,14276
104371,Ivo,Minar,R,19840521,CZE,atp,3956
103451,Bjorn,Phau,R,19791004,GER,atp,14346
104259,Philipp,Kohlschreiber,R,19831016,GER,atp,3968
104717,Brendan,Evans,R,19860408,USA,atp,14357
103193,Peter,Wessels,R,19780507,NED,atp,14492
104035,Bobby,Reynolds,R,19820717,USA,atp,14278
104864,Alex,Kuznetsov,R,19870205,USA,atp,14430
104639,Wayne,Odesnik,L,19851121,USA,atp,14290
103110,Daniele,Bracciali,R,19780110,ITA,atp,15279
104386,Janko,Tipsarevic,R,19840622,SRB,atp,3981
102967,Marc,Gicquel,R,19770330,FRA,atp,14256
104559,Teymuraz,Gabashvili,R,19850523,RUS,atp,14288
104154,Paul,Capdeville,R,19830402,CHI,atp,14322
104122,Carlos,Berlocq,R,19830203,ARG,atp,14304
104081,Boris,Pashanski,R,19821103,SRB,atp,14314
103752,Simon,Greul,R,19810413,GER,atp,14413
103857,Igor,Kunitsyn,R,19810930,RUS,atp,14267
105023,Sam,Querrey,R,19871007,USA,atp,3997
103503,Robin,Vik,R,19800205,CZE,atp,29272
104160,Lukas,Dlouhy,R,19830409,CZE,atp,14389
104571,Marcos,Baghdatis,R,19850617,CYP,atp,14249
104173,Sam,Warburg,R,19830429,USA,atp,14324
104025,Amer,Delic,R,19820630,BIH,atp,14327
103505,Vasilis,Mazarakis,R,19800209,GRE,atp,14464
102494,Tomas,Behrend,R,19741212,GER,atp,138806
104268,Alejandro,Falla,L,19831114,COL,atp,14301
105223,Juan Martin,Del Potro,R,19880923,ARG,atp,14253
103165,Gorka,Fraile,R,19780407,ESP,atp,14629
103868,Ivan,Navarro,R,19811019,ESP,atp,14285
103823,Denis,Gremelmayr,L,19810816,GER,atp,14275
105166,Peter,Polansky,R,19880615,CAN,atp,14465
104330,Rajeev,Ram,R,19840318,USA,atp,14391
103573,Rik,De Voest,R,19800605,RSA,atp,14326
104112,Benjamin,Balleret,R,19830115,MON,atp,14628
105095,Evgeny,Korolev,R,19880214,KAZ,atp,14271
104620,Simone,Bolelli,R,19851008,ITA,atp,3971
104926,Fabio,Fognini,R,19870524,ITA,atp,14266
103169,Oscar,Hernandez,R,19780410,ESP,atp,14293
103794,Benjamin,Becker,R,19810616,GER,atp,14295
103373,Sergio,Roitman,R,19790516,ARG,atp,14289
104898,Robin,Haase,R,19870406,NED,atp,14264
105208,Ernests,Gulbis,R,19880830,LAT,atp,3974
104545,John,Isner,R,19850426,USA,atp,14283
104225,Jan,Hajek,R,19830807,CZE,atp,14703
102565,Alexander,Waske,R,19750331,GER,atp,14873
104589,Chris,Guccione,L,19850730,AUS,atp,3939
104678,Viktor,Troicki,R,19860210,SRB,atp,14274
103821,Danai,Udomchoke,R,19810811,THA,atp,14374
104976,Ryan,Sweeting,R,19870714,USA,atp,14438
103506,Martin,Vassallo Arguello,R,19800210,ARG,atp,138829
104327,Steve,Darcis,R,19840313,BEL,atp,3944
105227,Marin,Cilic,R,19880928,CRO,atp,3953
104719,Marcel,Granollers,R,19860412,ESP,atp,14259
105064,Thomaz,Bellucci,L,19871230,BRA,atp,3946
103676,Michael,Yani,R,19801231,USA,atp,14408
103521,Andrea,Stoppini,R,19800229,ITA,atp,14487
104731,Kevin,Anderson,R,19860518,RSA,atp,3983
105028,Jesse,Levine,L,19871015,CAN,atp,14305
103607,Victor,Estrella,R,19800802,DOM,atp,14463
104753,Woong Sun,Jun,R,19860614,KOR,atp,14473
104979,Andrey,Golubev,R,19870722,KAZ,atp,14339
104628,Alexander,Kudryavtsev,R,19851026,RUS,atp,14373
104851,Gianluca,Naso,R,19870106,ITA,atp,14419
104655,Pablo,Cuevas,R,19860101,URU,atp,14318
104262,Flavio,Cipolla,R,19831020,ITA,atp,14313
103535,Olivier,Patience,R,19800325,FRA,atp,14353
105341,Thomas,Fabbiano,R,19890526,ITA,atp,14531
104871,Jeremy,Chardy,R,19870212,FRA,atp,14284
105173,Adrian,Mannarino,L,19880629,FRA,atp,14359
104721,Josselin,Ouanna,R,19860414,FRA,atp,14395
104534,Dudi,Sela,R,19850404,ISR,atp,14269
105053,Santiago,Giraldo,R,19871127,COL,atp,14344
105453,Kei,Nishikori,R,19891229,JPN,atp,3973
103582,Michael,Berrer,L,19800701,GER,atp,14279
102381,Werner,Eschauer,R,19740426,AUT,atp,14399
104523,Frederico,Gil,R,19850324,POR,atp,14291
104999,Mischa,Zverev,L,19870822,GER,atp,14277
104724,Eduardo,Schwank,R,19860423,ARG,atp,14260
104660,Sergiy,Stakhovsky,R,19860106,UKR,atp,14316
103675,Diego,Junqueira,L,19801228,ARG,atp,14300
106026,Yuki,Bhambri,R,19920704,IND,atp,15398
105062,Mikhail,Kukushkin,R,19871226,KAZ,atp,14319
104676,Andreas,Beck,L,19860205,GER,atp,14297
104167,Todd,Widom,R,19830424,USA,atp,14482
104230,Daniel,Koellerer,R,19830817,AUT,atp,14320
103967,Michael,Lammer,R,19820325,SUI,atp,14528
104192,Marco,Crugnola,R,19830524,ITA,atp,14615
104332,Philipp,Petzschner,R,19840324,GER,atp,14302
104095,David,Guez,R,19821208,FRA,atp,14363
103997,Lukasz,Kubot,R,19820516,POL,atp,14397
104672,Vincent,Millot,L,19860130,FRA,atp,14641
103843,Marco,Chiudinelli,R,19810910,SUI,atp,27435
104003,Victor,Crivoi,R,19820525,ROU,atp,14406
104593,Daniel,Gimeno Traver,R,19850807,ESP,atp,14298
105683,Milos,Raonic,R,19901227,CAN,atp,15096
104919,Leonardo,Mayer,R,19870515,ARG,atp,14328
104896,Bruno,Agostinelli,R,19870401,CAN,atp,30517
105041,Lukas,Lacko,R,19871103,SVK,atp,14354
103926,Daniel,Munoz De La Nava,L,19820129,ESP,atp,28181
105137,Pere,Riba,R,19880407,ESP,atp,14396
103565,Stephane,Robert,R,19800517,FRA,atp,14811
105238,Alexandr,Dolgopolov,R,19881107,UKR,atp,14553
105217,Thiemo,De Bakker,R,19880919,NED,atp,14421
105011,Illya,Marchenko,R,19870908,UKR,atp,14488
104797,Denis,Istomin,R,19860907,UZB,atp,14330
104661,Pierre Ludovic,Duclos,R,19860108,CAN,atp,14640
104500,Somdev,Devvarman,R,19850213,IND,atp,14740
104547,Horacio,Zeballos,L,19850427,ARG,atp,14452
103228,Marcos,Daniel,R,19780704,BRA,atp,3947
103893,Paolo,Lorenzi,R,19811215,ITA,atp,14393
104594,Marinko,Matosevic,R,19850808,AUS,atp,14588
103999,Thiago,Alves,R,19820522,BRA,atp,14349
105065,Tim,Smyczek,R,19871230,USA,atp,14543
104314,Brian,Dabul,L,19840224,ARG,atp,14296
105992,Ryan,Harrison,R,19920507,USA,atp,14886
104947,Marsel,Ilhan,R,19870611,TUR,atp,14360
105936,Filip,Krajinovic,R,19920227,SRB,atp,15631
106071,Bernard,Tomic,R,19921021,AUS,atp,15230
