200371,Mima,Jausovec,U,19560720,SLO,wta,139264
200353,Lele,Forood,U,19560910,USA,wta,139341
200333,Betsy,Nagelsen,R,19561023,USA,wta,139273
200379,Paula,Smith,U,19570110,USA,wta,139393
200355,Diane,Desfor,U,19550615,USA,wta,139342
200264,Helena,Anliot,U,19560926,SWE,wta,139245
200298,Laura,Du Pont,U,19490504,USA,wta,139015
200223,Sharon,Walsh Pete,R,19520224,USA,wta,139095
200460,Regina,Marsikova,U,19581211,CZE,wta,139274
200273,Nerida,Gregory,U,19560513,AUS,wta,139253
200283,Pam,Teeguarden,U,19510417,USA,wta,139038
200363,Hana,Strachonova,U,19610102,SUI,wta,139368
200410,Yvonne,Vermaak,R,19561218,RSA,wta,139314
200320,Renata,Tomanova,U,19541209,GER,wta,139214
200308,Kym,Ruddell,U,19550719,AUS,wta,139300
200312,Frederique,Thibault,U,19540602,FRA,wta,139303
200953,Viviana,Segal,U,19580422,ARG,wta,139365
200932,Jeanne,Evert,U,19571005,USA,wta,139194
200969,Jeanne,Duvall,U,19591207,USA,wta,139398
200942,Kathy,Kuykendall,U,19561123,USA,wta,139283
200400,Kate,Latham,U,19521025,USA,wta,139232
201907,Lisette,Senn,U,19580312,CAN,wta,140810
200967,Zenda,Liess,U,19591212,USA,wta,139343
200938,Kathy,May Teacher Paben,U,19560618,USA,wta,139239
200318,Michelle,Tyler,U,19580708,GBR,wta,139317
200394,Marjorie,Blackwood,U,19570501,CAN,wta,139395
200185,Lesley,Hunt,U,19500529,AUS,wta,138947
200146,Cynthia,Doerner,U,19510211,AUS,wta,139115
201259,Sonoe,Yonezawa,U,19490829,JPN,wta,139400
200957,Ruta,Gerulaitis,U,19551118,USA,wta,139339
200337,Virginia,Ruzici,R,19550131,ROU,wta,139221
200963,Caroline,Stoll,U,19601104,USA,wta,139375
200950,Marise,Kruger,U,19580717,RSA,wta,139330
200194,Francoise,Durr,R,19421225,FRA,wta,138861
200756,Bunny,Bruning,U,19570905,USA,wta,139337
200977,Dana,Gilbert,U,19591126,USA,wta,139409
200234,Pam,Whytcross,U,19531125,AUS,wta,139182
200323,Rene,Blount,U,19570512,USA,wta,139387
200962,Patricia,Medrado,U,19561126,BRA,wta,139346
200256,Chris,Oneil,R,19560319,AUS,wta,139210
200956,Carrie,Meyer,R,19550822,USA,wta,139280
200243,Glynis,Coles,U,19540220,GBR,wta,139161
200285,Mimi,Wikstedt,U,19540430,SWE,wta,139224
200328,Patricia,Bostrom,U,19511125,USA,wta,139223
200904,Kristien,Shaw,U,19520725,USA,wta,139097
200966,Kay,Mcdaniel,U,19570925,USA,wta,139412
200879,Wendy,Overton,U,19470331,USA,wta,139032
200940,Ilana,Kloss,U,19560312,RSA,wta,139233
200143,Kathleen,Harter,U,19461027,USA,wta,138953
201160,Wendy,Barlow,U,19600507,CAN,wta,139397
200954,Claudia,Casabianca,U,19600321,ARG,wta,139366
200263,Janet,Wright,U,19530806,USA,wta,139135
200755,Daniela,Marzano,U,19500607,ITA,wta,139154
200787,Fiorella,Bonicelli,U,19511221,URU,wta,138932
200759,Katja,Ebbinghaus,U,19480601,FRG,wta,139066
200936,Iris,Riedel Kuhn,U,19540316,FRG,wta,139308
200316,Heidi,Eisterlehner,R,19491025,GER,wta,139313
200334,Sabina,Simmonds,R,19600417,ITA,wta,139332
200361,Marie,Pinterova,U,19460816,HUN,wta,139071
200905,Mariana,Simionescu,R,19561127,ROU,wta,139216
200935,Florenta,Mihai,U,19550902,ROU,wta,139307
200259,Chris,Evert,R,19541221,USA,wta,139169
200991,Joanne,Russell,U,19541030,USA,wta,139318
200968,Betty Ann,Dent,U,19500226,USA,wta,139082
200961,Ivanna,Madruga Osses,U,19610127,ARG,wta,139392
200970,Linda,Siegel,U,19610605,USA,wta,139415
200352,Greer,Stevens,U,19570215,RSA,wta,139277
200176,Kerry,Reid,R,19470807,AUS,wta,138877
200463,Terry,Holladay,U,19551128,USA,wta,139316
200397,Tracy,Austin,R,19621212,USA,wta,139372
200221,Dianne,Balestrat,U,19560810,AUS,wta,139148
200356,Betty,Stove,U,19450624,NED,wta,139083
200391,Sherry,Acker,U,19590606,USA,wta,139416
200366,Sylvia,Hanika,U,19591130,GER,wta,139390
200375,Barbara,Potter,U,19611022,USA,wta,139406
200209,Wendy,Turnbull,U,19521126,AUS,wta,139122
200150,Evonne,Cawley,R,19510731,AUS,wta,139040
200378,Anne,Smith,R,19590701,USA,wta,139370
200159,Rosie,Casals,R,19480916,USA,wta,138919
200237,Virginia,Wade,R,19450710,GBR,wta,138959
200372,Bettina,Bunge,U,19630613,GER,wta,139403
200585,Kathy,Horvath,U,19650825,USA,wta,139430
200359,Christiane,Jolissaint,U,19610912,SUI,wta,139440
200365,Tanya,Harford,U,19581128,RSA,wta,139364
200383,Anne,Hobbs,U,19590821,GBR,wta,139374
200351,Lindsay,Morse,U,19550124,USA,wta,139438
201261,Lisa,Doherty,U,19590305,USA,wta,139453
200331,Kim,Sands,U,19561011,USA,wta,139389
200971,Lucia,Romanov,U,19590428,ROU,wta,139417
200433,Kim,Jones Shaefer,R,19570928,USA,wta,139447
200343,Susan,Leo,U,19620810,AUS,wta,139360
200388,Leslie,Allen,U,19570312,USA,wta,139414
200975,Julie,Harrington,U,19620205,USA,wta,139425
200978,Roberta,Mccallum,U,19581103,USA,wta,139448
200349,Dianne,Morrison,U,19580811,USA,wta,139419
200360,Pam,Shriver,R,19620704,USA,wta,139396
200402,Wendy,Prausa,R,19600929,USA,wta,139405
200357,Rosalyn,Nideffer,R,19601102,USA,wta,139429
200275,Ann,Kiyomura Hayashi,R,19550822,USA,wta,139234
200315,Nina,Bohm,U,19580430,SWE,wta,139322
201163,Susie,Jaeger,U,19620329,USA,wta,139456
200380,Nancy,Yeargin,U,19550522,USA,wta,139347
200976,Stacy,Margolin,U,19590405,USA,wta,139380
201908,Karen,Dewis,U,19620919,CAN,wta,140811
200448,Sandy,Collins,U,19581013,USA,wta,139399
200293,Martina,Navratilova,L,19561018,USA,wta,139219
200389,Kathy,Jordan,U,19591203,USA,wta,139404
200381,Andrea,Jaeger,U,19650604,USA,wta,139431
200348,Hana,Mandlikova,R,19620219,AUS,wta,139394
201937,Kathy,Barton,U,,USA,wta,140812
200945,Marita,Redondo,R,19560219,USA,wta,139170
200190,Billie Jean,King,R,19431122,USA,wta,138951
201256,Renee,Richards,U,19340819,USA,wta,139376
200955,Mary,Carillo,L,19570312,USA,wta,139367
200447,Adriana,Villagran Reami,U,19560807,ARG,wta,139386
200974,Lena,Sandin,U,19610608,SWE,wta,139446
201911,Nina,Bland,U,19590421,CAN,wta,140813
200254,Michele,Gurdal,U,19521130,BEL,wta,139185
202132,Manuela,Zoni,U,19601012,ITA,wta,140814
200987,Yvona,Brzakova,U,19530423,TCH,wta,139450
200431,Lilian,Kelaidis,U,19650523,SUI,wta,139515
201765,Brenda,Perry,U,19571004,NZL,wta,140815
200907,Carmen,Perea Alcala,U,19520503,ESP,wta,139218
200982,Liliana,Giussani,U,19590427,ARG,wta,139478
200326,Naoko,Sato,U,19550102,JPN,wta,139312
200984,Deborah,Jevans,U,19600520,GBR,wta,139422
200409,Petra,Delhees Jauch,L,19590328,SUI,wta,139413
200321,Elisabeth,Ekblom,U,19580210,SWE,wta,139324
200241,Duk Hee,Lee,U,19530713,KOR,wta,139201
202133,Annalisa,Pesce,U,,ITA,wta,140816
200376,Katerina,Bohmova,L,19580122,CZE,wta,139459
200986,Barbara,Rossi,U,19610518,ITA,wta,139473
200314,Brigitte,Simon Glinel,U,19561101,FRA,wta,139305
200990,Claudia,Pasquale,U,19630522,SUI,wta,139481
200354,Claudia,Kohde Kilsch,R,19631211,GER,wta,139439
200392,Jo,Durie,R,19600727,GBR,wta,139371
201889,Patrizia,Murgo,U,19620326,ITA,wta,140817
200959,Mareen,Louie Harper,R,19600815,USA,wta,139329
200405,Susan,Mascarin,U,19640628,USA,wta,139427
200364,Barbara,Hallquist,U,19570501,USA,wta,139340
200384,Eva,Pfaff,U,19610210,GER,wta,139462
201909,Carol,Bertrand,U,19640628,CAN,wta,140818
201910,Angela,Walker,U,19601218,CAN,wta,140819
200979,Joyce,Portman,U,19580503,USA,wta,139455
200419,Kathy,Rinaldi Stunkel,U,19670324,USA,wta,139469
200369,Candy,Reynolds,U,19550324,USA,wta,139319
200395,Catherine,Tanvier,U,19650528,FRA,wta,139466
200533,Pam,Casale Telford,R,19631220,USA,wta,139476
200427,Beth,Herr,U,19640528,USA,wta,139491
200398,Iva,Budarova,U,19600731,TCH,wta,139391
200390,Mary Lou,Daniels,R,19610806,USA,wta,139432
201006,Lea,Plchova,U,19560831,TCH,wta,139548
201730,Karin,Stampfli,U,19630907,SUI,wta,140820
200980,Debbie,Freeman,U,19620605,AUS,wta,139470
200422,Raffaella,Reggi Concato,U,19651127,ITA,wta,139533
200367,Nanette,Schutte,U,19620406,NED,wta,139442
200386,Corinne,Vanier,U,19630920,FRA,wta,139465
200725,Sandra,Cecchini,U,19650227,ITA,wta,139581
200373,Bonnie,Gadusek,U,19630911,USA,wta,139457
200382,Isabelle,Villiger,U,19621124,SUI,wta,139461
201871,Kate,Glancy,U,19600325,CAN,wta,140821
200500,Pilar,Vasquez,U,19630515,PER,wta,139477
200929,Elly,Appel,U,19520727,NED,wta,139278
200983,Susan,Rollinson,U,19610822,RSA,wta,139452
200973,Caroline,Franch,U,19610121,FRA,wta,139445
200408,Alycia,Moulton,U,19610218,USA,wta,139401
200453,Catarina,Lindqvist Ryan,U,19630613,SWE,wta,139522
200404,Zina,Garrison,U,19631116,USA,wta,139494
200393,Lea,Antonoplis,U,19590120,USA,wta,139284
200435,Barbara,Gerken,U,19640703,USA,wta,139496
201008,Jill,Davis,U,19600623,USA,wta,139489
200490,Michaela,Pazderova,U,19630121,TCH,wta,139502
200324,Beth,Norton,U,19570613,USA,wta,139320
200377,Helena,Sukova,R,19650223,CZE,wta,139460
200465,Lisa,Bonder Kreiss,R,19651016,USA,wta,139487
200444,Elise,Burgin,U,19620305,USA,wta,139486
200430,Marcela,Skuherska,U,19610214,TCH,wta,139509
200423,Carling,Bassett Seguso,U,19671009,CAN,wta,139534
201912,Sylvie,Tetreault,U,19630521,CAN,wta,140822
200442,Andrea,Temesvari,R,19660426,HUN,wta,139472
200399,Jennifer,Mundel,U,19620120,RSA,wta,139479
200346,Anne,Minter,U,19630403,AUS,wta,139435
200266,Sue,Barker,R,19560419,GBR,wta,139225
200493,Marianne,Van Der Torre,U,19610818,NED,wta,139471
200630,Laura,Gildemeister,U,19640112,PER,wta,139497
201003,Renata,Sasak,U,19640614,YUG,wta,139543
200385,Brenda,Remilton,U,19560224,AUS,wta,139463
200464,Ann,Henricksson,U,19591031,USA,wta,139516
200549,Penny,Barg Mager,R,19640411,USA,wta,139617
200989,Leigh Anne,Thompson,U,19640108,USA,wta,139485
200496,Terry,Phelps,U,19661218,USA,wta,139545
200424,Etsuko,Inoue,U,19641018,JPN,wta,139535
200407,Camille,Benjamin,U,19660602,USA,wta,139500
200413,Heather,Ludloff,U,19610611,USA,wta,139428
200543,Jill,Hetherington,U,19641027,CAN,wta,139729
200412,Vicki,Nelson Dunbar,U,19620925,USA,wta,139490
201020,Petra,Huber,U,19660215,AUT,wta,139564
200396,Kim,Steinmetz,U,19571222,USA,wta,139467
201004,Catrin,Jexell,U,19630217,SWE,wta,139546
201002,Barbi,Bramblett,U,19640914,USA,wta,139513
200473,Beverly,Bowes Hackney,R,19650909,USA,wta,139552
200965,Emilse,Rapponi Longo,U,19571219,USA,wta,139411
201018,Rene,Uys,U,19640726,RSA,wta,139565
200988,Jenny,Klitch,U,19650419,USA,wta,139501
200415,Catherine,Suire,U,19590915,FRA,wta,139529
200664,Stephanie,Rehe,U,19691105,USA,wta,139588
200401,Manuela,Maleeva Fragniere,R,19670214,SUI,wta,139499
201005,Amy,Holton,U,19650405,USA,wta,139514
200993,Cornelia,Dries,U,19610304,GER,wta,139505
200516,Jennifer,Fuchs,U,19670702,USA,wta,139710
200548,Patty,Fendick,U,19650331,USA,wta,139541
200492,Tina,Mochizuki,R,19521124,USA,wta,139495
200452,Tine,Scheuer Larsen,U,19660313,DEN,wta,139574
200628,Sabrina,Goles,U,19650603,YUG,wta,139540
200534,Melissa,Brown,U,19680411,USA,wta,139583
201172,Helene,Pelletier,U,19590102,CAN,wta,139593
200362,Liz,Smylie,U,19630411,AUS,wta,139441
200437,Annabel,Croft,U,19660712,GBR,wta,139510
200387,Anne,White,U,19610928,USA,wta,139464
200436,Carina,Karlsson,U,19630911,SWE,wta,139547
200994,Michelle,Torres,U,19670627,USA,wta,139506
200340,Marcella,Mesker,U,19590523,NED,wta,139421
200503,Gretchen,Magers,R,19640207,USA,wta,139520
200451,Beverly,Mould,U,19620313,RSA,wta,139517
201174,Marianne,Groat,U,19650605,CAN,wta,139628
201015,Grace,Kim,U,19680416,USA,wta,139561
200416,Robin,White,U,19631210,USA,wta,139530
200421,Pascale,Paradis Mangon,R,19660424,FRA,wta,139503
200434,Shelley,Solomon,U,19630619,USA,wta,139523
201021,Laura,Garrone,U,19671115,ITA,wta,139613
200586,Federica,Bonsignori,U,19671120,ITA,wta,139577
201039,Caterina,Nozzoli,U,19670629,ITA,wta,139690
200576,Nathalie,Herreman,U,19660328,FRA,wta,139549
200406,Claudia,Monteiro,U,19610508,BRA,wta,139474
201009,Ginny,Purdy,U,19661115,USA,wta,139578
200425,Sophie,Amiach,U,19631110,FRA,wta,139468
200450,Larisa,Savchenko,U,19660721,URS,wta,139562
200414,Steffi,Graf,R,19690614,GER,wta,139528
200429,Elizabeth,Minter,U,19650823,AUS,wta,139538
200572,Gabriela,Sabatini,R,19700516,ARG,wta,139597
201022,Debbie,Spence Nasim,U,19670809,USA,wta,139596
200455,Katerina,Maleeva,U,19690507,BUL,wta,139602
200417,Gigi,Fernandez,U,19640222,USA,wta,139531
200472,Helen,Kelesi,U,19691115,CAN,wta,139611
200456,Masako,Yanagi,U,19591111,JPN,wta,139589
201033,Kristin,Kinney,U,19590827,USA,wta,139594
200466,Molly,Van Nostrand,U,19650312,USA,wta,139590
200650,Isabel,Cueto,U,19681203,GER,wta,139615
200443,Sara,Gomer,U,19640513,GBR,wta,139544
200640,Mercedes,Paz,U,19660627,ARG,wta,139620
201270,Jane,Young,U,19650531,CAN,wta,139053
200454,Myriam,Schropp,U,19660429,GER,wta,139555
200486,Csilla,Cserepy,U,19660329,SUI,wta,139655
200097,Nathalie,Tauziat,R,19671017,FRA,wta,139575
200370,Marie Christine,Calleja,U,19640114,FRA,wta,139444
200467,Janine,Tremelling,U,19670912,AUS,wta,139607
201031,Niurka,Sodupe,U,19690419,USA,wta,139641
201176,Jane,Forman,U,19620121,USA,wta,139566
200462,Belinda,Cordwell,U,19650921,NZL,wta,139606
200575,Anna,Ivan,U,19660117,USA,wta,139635
201017,Angelika,Kanellopoulou,R,19651218,GRE,wta,139586
200597,Mary Joe,Fernandez,R,19710819,USA,wta,139612
200470,Dee Ann,Hansel,U,19620611,USA,wta,139610
200679,Caroline,Kuhlman,U,19660825,USA,wta,139560
201913,Jennifer,Young,R,19690715,USA,wta,140823
200501,Marianne,Werdel Witmeyer,U,19671017,USA,wta,139632
200457,Andrea,Holikova,U,19680115,TCH,wta,139603
200439,Jenny,Byrne,U,19670225,AUS,wta,139568
200591,Ronni,Reis,U,19660510,USA,wta,139599
200498,Michelle,Jaggard Lai,U,19690506,AUS,wta,139667
200521,Hellas,Ter Riet,U,19680621,NED,wta,139687
200587,Silke,Meier,U,19680713,GER,wta,139639
201970,Vicki,Beggs,U,19570325,USA,wta,140824
200522,Nicole,Krijger Jagerman,U,19670723,NED,wta,139675
200553,Carin,Bakkum,U,19620725,NED,wta,139732
200584,Laura,Golarsa,R,19671127,ITA,wta,139694
201733,Lorenza,Jachia,U,19681024,ITA,wta,140825
200487,Eva,Krapl,U,19660116,SUI,wta,139645
200674,Bettina,Fulco Villella,R,19681023,ARG,wta,139677
200616,Pascale,Etchemendy,U,19660606,FRA,wta,139621
200449,Petra,Keppeler,U,19650322,GER,wta,139573
201027,Gabriela,Dinu,U,19600416,FRG,wta,139623
201828,Olga,Votavova,U,19660710,TCH,wta,140826
200017,Arantxa,Sanchez Vicario,R,19711218,ESP,wta,139685
201914,Elizabeth,Alexander,U,19660406,USA,wta,140827
200481,Elna,Reinach,U,19681202,RSA,wta,139627
200694,Elly,Hakami,U,19690825,USA,wta,139659
200480,Claudia,Porwik,U,19681114,GER,wta,139636
200497,Patricia,Hy Boulais,U,19650822,CAN,wta,139551
200506,Wiltrud,Probst,R,19690529,GER,wta,139669
201025,Neige,Dias,U,19661205,BRA,wta,139618
200507,Kathrin,Keil,U,19621128,USA,wta,139484
201030,Mariana,Perez Roldan,U,19671007,ARG,wta,139640
200621,Isabelle,Demongeot,U,19660918,FRA,wta,139576
200605,Regina,Rajchrtova,U,19680205,TCH,wta,139682
200494,Dianne,Van Rensburg,U,19680304,RSA,wta,139650
200589,Halle,Cioffi,U,19690805,USA,wta,139688
200552,Maria,Lindstrom,U,19630307,SWE,wta,139633
201035,Kate,Gompert,U,19630111,USA,wta,139454
200485,Manon,Bollegraf,U,19640410,NED,wta,139672
200641,Patricia,Tarabini,R,19680806,ARG,wta,139637
200116,Natalia,Zvereva,R,19710416,BLR,wta,139678
201038,Karen,Schimper,U,19670526,RSA,wta,139683
200601,Leila,Meskhi,U,19680105,GEO,wta,139753
200673,Susan,Sloane Lundy,R,19701205,USA,wta,139630
200021,Alexia,Dechaume Balleret,R,19700503,FRA,wta,139638
200469,Nicole,Bradtke,U,19690922,AUS,wta,139609
200482,Judith,Wiesner,R,19660302,AUT,wta,139662
200428,Lori,Mcneil,U,19631218,USA,wta,139537
201019,Melissa,Gurney,U,19690624,USA,wta,139587
200468,Hu,Na,U,19630416,USA,wta,139608
200476,Cammy,Macgregor,U,19681011,USA,wta,139656
200445,Svetlana,Cherneva,U,19621008,RUS,wta,139571
200502,Andrea,Betzner,U,19660710,GER,wta,139622
200484,Ann,Devries,U,19700227,BEL,wta,139663
202052,Andrea,Berger,U,19700128,USA,wta,140828
200474,Louise,Allen,U,19620107,USA,wta,139525
200539,Jana,Novotna,R,19681002,CZE,wta,139643
200420,Anna Maria,Fernandez,U,19601022,USA,wta,139408
200495,Akiko,Kijimuta,U,19680501,JPN,wta,139646
201051,Laura,Lapi,U,19700910,ITA,wta,139755
200530,Radomira,Zrubakova,R,19701226,SVK,wta,139689
200705,Linda,Ferrando,U,19660112,ITA,wta,139679
202155,Annalia,Dellorso,U,19710224,ITA,wta,140829
200604,Barbara,Paulus,U,19700901,AUT,wta,139684
201045,Natalia,Egorova,U,19660913,RUS,wta,139695
200491,Christina,Singer,U,19680727,GER,wta,139666
200598,Jeri,Ingram,U,19701211,USA,wta,139780
200510,Julie,Richardson,U,19670330,NZL,wta,139654
200028,Maureen,Drake,R,19710321,CAN,wta,16511
200594,Iwona,Kuczynska,U,19610222,POL,wta,139475
201915,Carrie Lynn,Cohen,U,19670307,CAN,wta,140830
200557,Katrina,Adams,U,19680805,USA,wta,139734
200535,Jo Anne,Faull,U,19710113,AUS,wta,139722
200112,Julie,Halard Decugis,R,19700910,FRA,wta,139676
200590,Gisele,Miro,U,19681101,BRA,wta,139691
200610,Stacey,Martin,U,19701113,USA,wta,139763
200479,Emiko,Okagawa,U,19641226,JPN,wta,139579
200560,Rene,Collins,L,19660114,CAN,wta,139765
200538,Akemi,Nishiya,R,19650311,JPN,wta,139725
200540,Amy,Schwartz,U,19690902,USA,wta,139726
200515,Lindsay,Bartlett,U,19620731,USA,wta,139709
200566,Donna,Faber,U,19710705,USA,wta,139749
200041,Amy,Frazier,R,19720919,USA,wta,139702
200526,Carol,Christian,U,19621009,USA,wta,139716
200556,Wendy,Wood,U,19640420,USA,wta,139733
200568,Andrea,Farley,U,19710930,USA,wta,139769
200564,Hester,Witvoet,U,19670707,NED,wta,139744
200547,Sandra,Wasserman,U,19700310,BEL,wta,139686
200596,Sabine,Krein Auer,U,19661002,GER,wta,139751
200489,Yukie,Koizumi,U,19580124,JPN,wta,139665
201830,Katharina,Duell,U,19730409,GER,wta,140831
200550,Emmanuelle,Derly,U,19700430,FRA,wta,139625
200715,Mariaan,De Swardt,R,19710318,RSA,wta,139841
200544,Celine,Cohen,U,19670305,SUI,wta,139728
200652,Monica,Seles,L,19731202,USA,wta,139787
200441,Louise,Field,U,19670225,AUS,wta,139570
200595,Ann,Wunderlich,U,19701013,USA,wta,139701
202053,Xin Yi,Li,U,19620614,CHN,wta,140832
200554,Brenda,Schultz Mccarthy,R,19701228,NED,wta,139703
201722,Luanne,Spadea,U,19721228,USA,wta,140833
201832,Gabriela,Mosca,U,19690812,ARG,wta,140834
201046,Silvia,La Fratta,U,19671105,ITA,wta,139783
201049,Denisa,Krajcovicova,U,19681018,SVK,wta,139786
202156,Gabriella,Boschiero,U,19720113,ITA,wta,140835
200561,Cathy,Caverzasio,U,19720928,SUI,wta,139766
201043,Barbara,Romano,U,19650114,ITA,wta,139746
200105,Rachel,Mcquillan,U,19711202,AUS,wta,139708
200569,Petra,Pichalova Langrova,U,19700627,TCH,wta,139770
200606,Nana,Smith,R,19710410,JPN,wta,139799
200602,Shaun,Stafford,U,19681213,USA,wta,139699
201916,Anne,Grousbeck,U,19660205,USA,wta,140836
200625,Jana,Pospisilova,U,19700323,CZE,wta,139740
200612,Natalia,Medvedeva,U,19711115,UKR,wta,139697
200593,Karine,Quentrec,U,19691021,FRA,wta,139743
200542,Clare,Wood,R,19680308,GBR,wta,139626
200583,Laxmi,Poruri,U,19721109,USA,wta,139758
200095,Linda,Wild,R,19710211,USA,wta,139793
200514,Monique,Javer,R,19670722,GBR,wta,139700
202054,Linda,Barnard,U,19680810,RSA,wta,140837
200651,Sabine,Hack,U,19690712,GER,wta,139742
200567,Jennifer,Santrock,U,19690226,USA,wta,139704
200582,Maria,Strandlund Tomsvik,U,19690817,SWE,wta,139741
200562,Martina,Pawlik,U,19691208,GER,wta,139767
200599,Carrie,Cunningham,U,19720428,USA,wta,139761
200668,Silke,Frankl,U,19700529,GER,wta,139759
200064,Amanda,Coetzer,R,19711022,RSA,wta,139788
200565,Nathalie,Guerree Spitzer,U,19680707,FRA,wta,139736
200699,Meredith,Mcgrath,U,19710428,USA,wta,139789
201040,Luciana,Corsato Owsianka,U,19660121,BRA,wta,139737
200700,Silvia,Farina Elia,R,19720427,ITA,wta,139845
200523,Olga,Tsarbopoulou,U,19680619,GRE,wta,139714
200574,Eva,Sviglerova,U,19710713,CZE,wta,139773
200527,Maria Christine,Damas,U,19661209,FRA,wta,139718
201899,Luciana,Tella,U,19691231,BRA,wta,140838
202015,Nicoletta,Iaccarino,U,19730224,ITA,wta,140839
200692,Marzia,Grossi,U,19700902,ITA,wta,139900
200588,Renata,Baranski,U,19650224,POL,wta,139778
200520,Sarah,Loosemore,U,19710615,GBR,wta,139713
200086,Magdalena,Maleeva,R,19750401,BUL,wta,139819
201629,Yael,Segal,U,19720721,ISR,wta,140840
201804,Claudia,Chabalgoity,U,19710313,BRA,wta,140841
200403,Andrea,Leand,U,19640118,USA,wta,139498
200644,Naoko,Sawamatsu,U,19730323,JPN,wta,139814
201271,Lisa,Green,U,19680718,USA,wta,139760
200710,Magdalena,Feistel,U,19700822,POL,wta,139926
201917,Suzanne,Italiano,U,19730319,CAN,wta,140842
200639,Claudine,Toleafoa,U,19700228,NZL,wta,139833
200077,Jennifer,Capriati,R,19760329,USA,wta,49358
201269,Eleni,Rossides,U,19671023,USA,wta,139631
200608,Audra,Keller,U,19711117,USA,wta,139801
200013,Angelica,Gavaldon,R,19731003,MEX,wta,139810
202037,Linley,Tanner,U,19620501,USA,wta,140843
201877,Karen,Shin,U,19680705,USA,wta,140844
200049,Conchita,Martinez,R,19720416,ESP,wta,139739
200622,Maya,Kidowaki,U,19690517,JPN,wta,139808
202055,Themis,Zambrzycki,U,19601020,BRA,wta,140845
201047,Andrea,Vieira,U,19710205,BRA,wta,139784
200026,Florencia,Labat,L,19710612,ARG,wta,139794
200624,Tami,Whitlinger Jones,U,19681113,USA,wta,139657
200617,Kimiko,Date Krumm,R,19700928,JPN,wta,16373
200099,Sonya,Jeyaseelan,R,19760424,CAN,wta,139966
201918,Melanie,Bernard,U,19740914,CAN,wta,140846
200676,Mana,Endo,U,19710206,JPN,wta,139868
200057,Erika,De Lone,R,19721014,USA,wta,139796
200721,Hiromi,Nagano,U,19710720,JPN,wta,139947
200686,Sandra,Dopfer,U,19700525,AUT,wta,139843
200005,Jolene,Watanabe Giltz,R,19680831,USA,wta,139913
200573,Cecilia,Dahlman,U,19680724,SWE,wta,139772
200623,Petra,Thoren,U,19690808,FIN,wta,139809
200669,Debbie,Graham,R,19700825,USA,wta,139762
200656,Jessica,Emmons,U,19700913,USA,wta,139857
201054,Katia,Piccolini,U,19730115,ITA,wta,139820
200659,Rika,Hiraki,U,19711206,JPN,wta,139847
200504,Julie,Salmon,U,19650708,GBR,wta,139558
200643,Petra,Kamstra,U,19740318,NED,wta,139836
200006,Karina,Habsudova,R,19730802,SVK,wta,139825
200614,Elena,Pampoulova,U,19720517,BUL,wta,139803
200633,Stacey,Schefflin,U,19680319,USA,wta,139829
200039,Chanda,Rubin,R,19760218,USA,wta,139823
200532,Maider,Laval,U,19700518,FRA,wta,139681
200096,Mary,Pierce,R,19750115,FRA,wta,139816
200094,Barbara,Rittner,R,19730425,GER,wta,139837
200649,Ginger,Helgeson Nielsen,R,19680914,USA,wta,139840
200581,Tamaka,Takagi,U,19651230,JPN,wta,139777
200666,Marion,Maruska,R,19721215,AUT,wta,139855
201044,Catherine,Mothes Jobkel,U,19700607,FRA,wta,139750
200089,Miriam,Oremans,R,19720909,NED,wta,139824
200661,Samantha,Smith,R,19711127,GBR,wta,139792
200634,Elena,Brioukhovets,U,19710608,UKR,wta,139821
200670,Nathalie,Housset Gilbert,U,19680729,FRA,wta,139846
200579,Karin,Kschwendt,R,19680914,AUT,wta,139775
200016,Sandrine,Testud,R,19720403,FRA,wta,139817
200681,Natalia,Baudone Furlan,U,19720712,ITA,wta,139844
200010,Rita,Grande,R,19750323,ITA,wta,139960
200675,Eugenia,Maniokova,R,19680517,RUS,wta,139859
202022,Sabrina,Lucchi,U,19680815,ITA,wta,140847
201838,Federica,Fortuni,U,19740930,ITA,wta,140848
200081,Anke,Huber,R,19741204,GER,wta,139797
200629,Cristina,Tessi,U,19720720,ARG,wta,139826
200632,Andrea,Strnadova,U,19720528,CZE,wta,139828
200646,Francesca,Romano,U,19710207,ITA,wta,139818
200647,Noelle,Van Lottum,U,19720712,FRA,wta,139752
200774,Vanessa,Webb,L,19760124,CAN,wta,140021
200020,Lisa,Raymond,R,19730810,USA,wta,27647
200080,Dominique,Monami,R,19730531,BEL,wta,139858
201194,Tammy,Whittington,U,19651012,USA,wta,139880
200578,Rennae,Stubbs,R,19710326,AUS,wta,38102
200638,Stephanie,Rottier,U,19740122,NED,wta,139834
200660,Kimberly,Po Messerli,R,19711020,USA,wta,139856
202016,Pam,Nelson,U,19750701,USA,wta,140849
200615,Kristin,Godridge,U,19730207,HKG,wta,139804
201954,Kirsten,Dreyer,U,19690327,USA,wta,140850
200653,Yayuk,Basuki,R,19701130,INA,wta,32117
201630,Nicole,Hummel,U,19740801,USA,wta,140851
201274,Viktoria,Milvidskaia,U,19670420,RUS,wta,139884
200671,Meike,Babel,R,19741122,GER,wta,139866
200128,Lindsay,Davenport,R,19760608,USA,wta,4084
200648,Marketa,Kochta,U,19750714,GER,wta,139839
200690,Kyoko,Nagatsuka,U,19740222,JPN,wta,139886
202157,Paola,Tampieri,U,19750426,ITA,wta,140852
200654,Patty,Oreilly,U,19680118,USA,wta,139860
200672,Barbara,Mulej,R,19740529,SLO,wta,139867
200696,Christina,Papadaki,R,19730224,GRE,wta,139906
202158,Cristina,Cavina,U,19690302,ITA,wta,140853
200678,Gloria,Pizzichini,R,19750724,ITA,wta,139893
200667,Ines,Gorrochategui,R,19730613,ARG,wta,139864
201760,Heidi,Sprung,U,19690110,AUT,wta,140854
200691,Flora,Perfetti,U,19690129,ITA,wta,139889
200687,Katarzyna,Nowak,U,19690113,POL,wta,139813
201801,Ana Maria,Segura Perez,U,19690205,ESP,wta,140855
200723,Iva,Majoli,R,19770812,CRO,wta,139891
200704,Maria Jose,Gaidano,U,19730525,ARG,wta,139901
200059,Ruxandra,Dragomir Ilie,R,19721024,ROU,wta,139908
200693,Elena,Makarova,U,19730201,RUS,wta,139918
200048,Elena,Likhovtseva,R,19750908,RUS,wta,16288
200689,Tessa,Price,U,19670325,RSA,wta,139896
201922,Stephanie,Tibbits,U,19750226,CAN,wta,140856
201923,Alix,Creek,U,19721022,USA,wta,140857
200698,Petra,Begerow,U,19750414,GER,wta,139920
201924,Caroline,Delisle,U,19691005,CAN,wta,140858
201726,Rachel Ann,Jensen,U,19721119,USA,wta,140859
201276,Nicole,London,U,19760203,USA,wta,139888
200645,Maja,Zivec Skulj,U,19730925,GER,wta,139838
200627,Petra,Schwarz,U,19720524,AUT,wta,139782
200682,Joannette,Kruger,R,19730903,RSA,wta,139894
201277,Anne,Mall,U,19741210,IRL,wta,139937
201275,Julie,Steven,U,19760424,USA,wta,139887
200655,Nicole,Arendt,L,19690826,USA,wta,139658
200685,Christelle,Fauche,U,19730609,SUI,wta,139881
200680,Nadin,Ercegovic,U,19730202,CRO,wta,139890
200663,Nanne,Dahlman,U,19700907,FIN,wta,139848
200712,Katerina,Kroupova,U,19740220,CZE,wta,139882
200709,Rosana,De Los Rios,R,19750916,PAR,wta,139912
201273,Shannan,Mccarthy,U,19700519,USA,wta,139883
201749,Julie,Shiflet,U,19721007,USA,wta,140860
200545,Ei,Iida,U,19670909,JPN,wta,139730
201806,Ying,Bi,U,19700211,CHN,wta,140861
201807,Li Yao,Tang,U,19740123,CHN,wta,140862
200075,Jing Qian,Yi,R,19740228,CHN,wta,139970
200019,Alexandra,Fusai,R,19731122,FRA,wta,139842
200004,Kerry Anne,Guse,R,19721204,AUS,wta,139764
200707,Romana,Tedjakusuma,U,19760724,INA,wta,16294
200658,Fang,Li,R,19730101,CHN,wta,73970
200716,Sung Hee,Park,U,19750217,KOR,wta,139942
201808,Hiroko,Hara,U,19720210,JPN,wta,140863
200736,Li Ling,Chen,U,19710313,CHN,wta,139986
200036,Nicole,Pratt,R,19730305,AUS,wta,16317
201059,Misumi,Miyauchi,U,19710906,JPN,wta,139899
201723,Angela,Kerek,U,19720125,GER,wta,140864
200287,Miki,Yokobori,U,,JPN,wta,139263
200708,Sandra,Cacic,R,19740910,USA,wta,139914
200051,Irina,Spirlea,R,19740326,ROU,wta,139871
200559,Kristine,Kunce,U,19700303,AUS,wta,139735
200684,Shi Ting,Wang,R,19731019,TPE,wta,139876
200082,Kristie,Boogert,R,19731216,NED,wta,139872
200040,Anna,Smashnova,R,19760716,ISR,wta,139925
200012,Jana,Nejedly,R,19740609,CAN,wta,139958
200084,Asa,Svensson,R,19750616,SWE,wta,139933
200024,Maria,Vento Kabchi,R,19740524,VEN,wta,139885
201925,Erica,Adams,U,19690716,USA,wta,140865
201717,Michelle,Jackson Nobrega,U,19731228,USA,wta,140866
201850,Nino,Louarsabishvili,U,19770203,GEO,wta,140867
200724,Lea,Ghirardi,R,19740210,FRA,wta,139898
201926,Stephanie,Reece,U,19700424,USA,wta,140868
200127,Sarah,Pitkowski Malcor,R,19751113,FRA,wta,139903
200076,Laurence,Courtois,R,19760118,BEL,wta,139917
200607,Beate,Reinstadler,U,19670520,AUT,wta,139800
200706,Catalina,Cristea,R,19750602,ROU,wta,139924
200701,Caroline,Vis,R,19700304,NED,wta,139921
200711,Tatiana,Ignatieva,U,19740611,BLR,wta,139905
200703,Katarina,Studenikova,R,19720902,SVK,wta,139907
200697,Janette,Husarova,R,19740604,SVK,wta,17041
201193,Claire,Wegink,U,19670929,NED,wta,139879
200091,Janet,Lee,R,19761022,TPE,wta,139916
200085,Ai,Sugiyama,R,19750705,JPN,wta,4057
201952,Elena,Savoldi,U,19721111,ITA,wta,140869
200727,Adriana,Serra Zanetti,R,19760305,ITA,wta,139939
201063,Maria Francesca,Bentivoglio,U,19770127,ITA,wta,139915
200570,Veronika,Martinek,U,19720403,GER,wta,139771
201066,Neus,Avila Bonastre,U,19710726,ESP,wta,139952
200718,Ludmila,Richterova,U,19770307,CZE,wta,139929
200657,Radka,Bobkova,R,19730212,CZE,wta,139861
200730,Min,Tang,U,19710126,HKG,wta,139950
201341,Mi Ra,Jeon,U,19780206,KOR,wta,140082
200031,Meilen,Tu,R,19780117,USA,wta,16169
201623,Jing Jing,Chen,U,19750819,CHN,wta,140870
201624,Eun Ha,Kim,U,19750308,KOR,wta,140871
201625,Ju Yeon,Choi,U,19751119,KOR,wta,140872
201626,Petra,Winzenholler,U,19720311,GER,wta,140873
201628,Li,Li,U,19761003,CHN,wta,4036
201627,Kim,De Weille,U,19760412,NED,wta,140874
200740,Elena,Tatarkova,L,19760822,UKR,wta,140005
200720,Dally,Randriantefy,R,19770223,MAD,wta,139946
200037,Sabine,Appelmans,L,19720422,BEL,wta,139748
200748,Venus,Williams,R,19800617,USA,wta,4085
200001,Martina,Hingis,R,19800930,SUI,wta,100658
200107,Paola,Suarez,R,19760623,ARG,wta,139932
200118,Virginia,Ruano Pascual,R,19730921,ESP,wta,16088
200665,Yone,Kamio,U,19711122,JPN,wta,139863
200042,Els,Callens,R,19700820,BEL,wta,139852
200729,Lindsay,Lee Waters,R,19770628,USA,wta,139954
200717,Anne,Miller,R,19770119,USA,wta,139943
200732,Magdalena,Grzybowska,R,19781122,POL,wta,139969
200714,Yvette,Basting,R,19770608,NED,wta,139941
200734,Tatjana,Jecmenica,U,19780704,SRB,wta,139963
200106,Angeles,Montolio,R,19750806,ESP,wta,139931
202017,Stephanie,Halsell,R,19791023,USA,wta,140875
200626,Emanuela,Zardo,U,19700424,SUI,wta,139811
200032,Barbara,Schett,R,19760310,AUT,wta,139930
200726,Nancy,Feber,U,19760205,BEL,wta,139904
200695,Tina,Krizan,R,19740318,SLO,wta,139919
200009,Tamarine,Tanasugarn,R,19770524,THA,wta,4078
200722,Francesca,Lubiani,L,19770712,ITA,wta,139964
201727,Silvia,Ramon Cortes,U,19720809,ESP,wta,140876
201809,Hila,Rosen,R,19770905,ISR,wta,140877
201810,Yuko,Hosoki,U,19681112,JPN,wta,140878
201811,Young Ja,Choi,U,19750530,KOR,wta,140879
200702,Naoko,Kijimuta,U,19720326,JPN,wta,139922
200747,Haruka,Inoue,R,19770607,JPN,wta,139999
200125,Corina,Morariu,R,19780126,USA,wta,139976
200713,Yuka,Yoshida,R,19760401,JPN,wta,139940
201812,Hiroko,Mochizuki,U,19750723,JPN,wta,140880
200735,Miho,Saeki,R,19760318,JPN,wta,139984
200109,Nathalie,Dechy,R,19790221,FRA,wta,16089
201323,Saori,Obata,L,19780423,JPN,wta,140072
200746,Sandra,Kloesel,R,19790622,GER,wta,16122
200728,Melanie,Schnell,R,19770222,AUT,wta,139956
200061,Gala,Leon Garcia,L,19731223,ESP,wta,139972
201919,Christina,Popescu,U,19791220,CAN,wta,140881
200067,Patty,Schnyder,L,19781214,SUI,wta,4076
200035,Maria,Sanchez Lorenzo,R,19771107,ESP,wta,139965
202026,Noelia,Serra Djamdjean,U,19770909,ESP,wta,140882
201858,Kristina,Triska,R,19800306,SWE,wta,140883
200083,Alexandra,Stevenson,R,19801215,USA,wta,16197
201771,Virag,Csurgo,U,19721110,HUN,wta,140884
200101,Jana,Kandarr,R,19760921,GER,wta,139959
200045,Tara,Snyder,R,19770526,USA,wta,140003
200098,Henrieta,Nagyova,R,19781215,SVK,wta,139971
200769,Giulia,Casoni,R,19780419,ITA,wta,140049
200027,Magui,Serna,L,19790301,ESP,wta,139983
201920,Renata,Kolbovic,R,19760730,CAN,wta,140885
200050,Sandra,Kleinova,R,19780508,CZE,wta,139967
200038,Annabel,Ellwood,R,19780202,AUS,wta,139944
200745,Andrea,Glass,R,19760717,GER,wta,139974
200063,Tatiana,Panova,R,19760813,RUS,wta,139992
201929,Laura,Pena,U,19791101,ESP,wta,140886
200071,Lenka,Nemeckova,R,19760420,CZE,wta,139994
202027,Elena,Salvador Reja,R,19790515,ESP,wta,140887
200070,Anne Gaelle,Sidot,L,19790724,FRA,wta,139973
200113,Anna,Kournikova,R,19810607,RUS,wta,139978
200739,Stephanie,De Ville,U,19760724,BEL,wta,139979
200052,Olga,Barabanschikova,R,19791102,BLR,wta,139993
200062,Kristina,Brandi,R,19770329,PUR,wta,16408
200123,Marlene,Weingartner,R,19800130,GER,wta,140020
200115,Brie,Rippner,R,19800121,USA,wta,139962
200044,Denisa,Chladkova,R,19790208,CZE,wta,139989
200046,Meghann,Shaughnessy,R,19790413,USA,wta,16152
200088,Adriana,Gersi,R,19760626,CZE,wta,139985
201863,Alice,Canepa,R,19780430,ITA,wta,140888
200055,Mariana,Diaz Oliva,R,19760311,ARG,wta,139995
200066,Cristina,Torrens Valero,R,19740912,ESP,wta,139980
200054,Sylvia,Plischke,R,19770720,AUT,wta,140008
200065,Amelie,Mauresmo,R,19790705,FRA,wta,16066
200117,Kveta,Peschke,R,19750709,CZE,wta,27646
202028,Nuria,Montero,U,19781008,ESP,wta,140889
200047,Pavlina,Nola,R,19740714,NZL,wta,140002
202029,Ana,Salas Lozano,U,19720712,ESP,wta,16947
200060,Tathiana,Garbin,R,19770630,ITA,wta,16075
200078,Barbara,Schwartz,L,19790127,AUT,wta,140012
201312,Sarah,Taylor,R,19811106,USA,wta,140067
200002,Mirjana,Lucic,R,19820309,CRO,wta,16476
200068,Lilia,Osterloh,R,19780407,USA,wta,16125
200072,Cara,Black,R,19790217,ZIM,wta,4089
200033,Serena,Williams,R,19810926,USA,wta,4086
201087,Mashona,Washington,R,19760531,USA,wta,16325
200749,Samantha,Reeves,R,19790117,USA,wta,140009
200022,Emmanuelle,Gagliardi,R,19760709,SUI,wta,16135
201921,Martina,Nejedly,U,19750526,CAN,wta,140890
200120,Jelena,Dokic,R,19830412,AUS,wta,16202
200104,Emilie,Loit,L,19790609,FRA,wta,16093
200007,Silvija,Talaja,R,19780114,CRO,wta,139987
200124,Anne,Kremer,R,19751017,LUX,wta,16126
200110,Fabiola,Zuluaga,R,19790107,COL,wta,140023
200093,Amelie,Cocheteux,L,19780327,FRA,wta,139951
200074,Jane,Chi,R,19740621,USA,wta,139981
200119,Rita,Kuti Kis,L,19780213,HUN,wta,140027
200777,Marta,Marrero,R,19830116,ESP,wta,16241
202030,Carolina,Rodriguez,U,19811228,COL,wta,140891
202031,Rosa Maria,Andres Rodriguez,R,19770529,ESP,wta,140892
201824,Gisela,Riera Roura,R,19760507,ESP,wta,140893
200752,Raluca,Sandu,R,19800203,ROU,wta,140024
200008,Alicia,Molik,R,19810127,AUS,wta,4027
201728,Jessica,Steck,R,19780806,RSA,wta,140894
201280,Jacqueline,Trail,R,19801126,USA,wta,140001
201285,Melissa,Middleton,R,19820606,USA,wta,140040
200122,Tina,Pisnik,R,19810219,SLO,wta,140038
201860,Mariam,Ramon Climent,U,19760826,ESP,wta,140895
201212,Francesca,Schiavone,R,19800623,ITA,wta,4053
200108,Elena,Dementieva,R,19811015,RUS,wta,4065
201321,Antonella,Serra Zanetti,R,19800725,ITA,wta,16513
201840,Germana,Di Natale,R,19740402,ITA,wta,140896
200069,Nadia,Petrova,R,19820608,RUS,wta,16062
200092,Sandra,Nacuk,R,19800817,SCG,wta,140019
200772,Anastasia,Myskina,R,19810708,RUS,wta,140036
200003,Justine,Henin,R,19820601,BEL,wta,32140
200114,Patricia,Wartusch,R,19780805,AUT,wta,140046
200011,Katarina,Srebotnik,R,19810312,SLO,wta,16064
201452,Lourdes,Dominguez Lino,R,19810331,ESP,wta,16101
201286,Anabel,Medina Garrigues,R,19820731,ESP,wta,4072
200121,Alina,Jidkova,R,19770118,RUS,wta,16194
200126,Marissa,Gould,R,19800623,USA,wta,140047
200767,Holly,Parkinson,R,19790210,USA,wta,140048
201083,Daja,Bedanova,R,19830309,CZE,wta,140053
200079,Kim,Clijsters,R,19830608,BEL,wta,30545
200111,Lina,Krasnoroutskaya,R,19840429,RUS,wta,140045
201061,Eva,Martincova,U,19750304,CZE,wta,139927
200030,Miroslava,Vavrinec,R,19780401,SUI,wta,140029
201085,Shinobu,Asagoe,R,19760628,JPN,wta,140055
200023,Bryanne,Stewart,R,19791209,AUS,wta,27651
201309,Tatiana,Perebiynis,R,19821215,UKR,wta,4082
200765,Katalin,Marosi,R,19791112,HUN,wta,16409
201418,Ting,Li,R,19800105,CHN,wta,16872
201419,Na,Li,R,19820226,CHN,wta,4036
201204,Iroda,Tulyaganova,R,19820107,UZB,wta,16341
201295,Wynne,Prakusya,R,19810426,INA,wta,140062
201347,Jelena,Jankovic,R,19850228,SRB,wta,4067
200103,Evie,Dominikovic,R,19800529,AUS,wta,139982
200766,Jennifer,Hopkins,R,19810210,USA,wta,140034
200764,Elena,Bovina,R,19830310,RUS,wta,16211
201208,Dawn,Buth,R,19760529,USA,wta,140058
200053,Lubomira,Bacheva,R,19750307,BUL,wta,140032
201290,Daniela,Hantuchova,R,19830423,SVK,wta,4069
201284,Tatiana,Poutchek,R,19790109,BLR,wta,4031
200754,Jill,Craybas,R,19740704,USA,wta,11600
201308,Maria Elena,Camerin,R,19820321,ITA,wta,16128
201291,Nuria,Llagostera Vives,R,19800516,ESP,wta,4073
201296,Bianka,Lamade,R,19820830,GER,wta,140063
201293,Catalina,Castano,R,19790707,COL,wta,16141
201287,Maria Jose,Martinez Sanchez,L,19820812,ESP,wta,11595
202259,Valentina,Sassi,U,19800712,ITA,wta,16349
201360,Julia,Vakulenko,R,19830710,UKR,wta,16085
201320,Svetlana,Kuznetsova,R,19850627,RUS,wta,4063
200773,Stephanie,Foretz Gacon,R,19810503,FRA,wta,16108
201397,Shuai,Peng,R,19860108,CHN,wta,4037
202265,Mirielle,Dittmann,U,19740110,AUS,wta,140897
201313,Yoon Jeong,Cho,R,19790402,KOR,wta,140898
200025,Ludmila,Cervanova,R,19791015,SVK,wta,140030
201298,Zsofia,Gubacsi,R,19810406,HUN,wta,16948
201429,Rika,Fujiwara,R,19810919,JPN,wta,16163
201324,Irina,Selyutina,R,19791107,KAZ,wta,140073
201209,Selima,Sfar,R,19770708,TUN,wta,4079
201299,Celine,Beigbeder,U,19750225,FRA,wta,140065
201322,Eva,Dyrberg,R,19800217,DEN,wta,140071
201310,Martina,Muller,R,19821011,GER,wta,16120
201297,Maja,Matevzic,L,19800613,SLO,wta,140064
201281,Laura,Granville,R,19810512,USA,wta,16213
200015,Petra,Mandula,R,19780117,HUN,wta,140041
201086,Greta,Arn,R,19790413,HUN,wta,16140
200056,Jelena,Kostanic Tosic,L,19810706,CRO,wta,16097
201305,Eleni,Daniilidou,R,19820919,GRE,wta,4050
201333,Angelika,Roesch,R,19770608,GER,wta,16345
201345,Maria,Sharapova,R,19870419,RUS,wta,16059
200043,Virginie,Razzano,R,19830512,FRA,wta,4046
201292,Martina,Sucha,R,19801120,SVK,wta,16267
201344,Klara,Koukalova,R,19820224,CZE,wta,4043
201306,Marie Gaiane,Mikaelian,R,19840303,SUI,wta,140066
201302,Clarisa,Fernandez,L,19810828,ARG,wta,16390
201336,Dinara,Safina,R,19860427,RUS,wta,4064
201381,Tian Tian,Sun,R,19811012,CHN,wta,140899
200733,Trudi,Musgrave,U,19770910,AUS,wta,16643
201352,Akiko,Morigami,R,19800112,JPN,wta,16098
200034,Amanda,Grahame,L,19790325,AUS,wta,140043
202292,Ayami,Takase,U,19781213,JPN,wta,140900
201327,Angelique,Widjaja,R,19841212,INA,wta,140075
201459,Zi,Yan,R,19841112,CHN,wta,4039
202293,Jie,Hao,U,19841016,CHN,wta,16699
201386,Jie,Zheng,R,19830705,CHN,wta,4038
201405,Nan Nan,Liu,U,19830619,CHN,wta,140093
202294,Yan Ze,Xie,U,19840111,CHN,wta,16289
202295,Ying,Yu,R,19820216,CHN,wta,140901
201437,Ivana,Lisjak,R,19870317,CRO,wta,16321
201355,Flavia,Pennetta,R,19820225,ITA,wta,4056
200751,Conchita,Martinez Granados,R,19760120,ESP,wta,140025
201364,Tatiana,Golovin,R,19880125,FRA,wta,4048
201363,Gisela,Dulko,R,19850130,ARG,wta,4025
201078,Eugenia,Kulikovskaya,U,19781221,RUS,wta,140018
200770,Stephanie,Cohen Aloro,R,19830318,FRA,wta,16103
201380,Claudine,Schaul,R,19830820,LUX,wta,16417
201294,Marion,Bartoli,R,19841002,FRA,wta,16061
201335,Myriam,Casanova,R,19850620,SUI,wta,140078
201404,Jessica,Kirkland,R,19871110,USA,wta,17056
201329,Vera,Zvonareva,R,19840907,RUS,wta,4066
201318,Bethanie,Mattek Sands,R,19850323,USA,wta,16069
200090,Anca,Barna,L,19770514,GER,wta,140039
201331,Iveta,Benesova,L,19830201,CZE,wta,140902
201315,Ashley,Harkleroad,R,19850502,USA,wta,16076
201367,Arantxa,Parra Santonja,R,19821109,ESP,wta,16332
202153,Melanie,Marois,R,19840310,CAN,wta,140903
201383,Marie Eve,Pelletier,R,19820518,CAN,wta,16189
202315,Beier,Ko,R,19860717,SIN,wta,140904
201445,Viktoria,Kutuzova,R,19880819,UKR,wta,16137
201366,Barbora,Zahlavova Strycova,R,19860328,CZE,wta,140905
201376,Angela,Haynes,L,19840927,USA,wta,16177
201356,Eva,Birnerova,R,19840814,CZE,wta,16377
201349,Melinda,Czink,L,19821022,HUN,wta,16123
201402,Sesil,Karatantcheva,R,19890808,KAZ,wta,16164
201346,Lubomira,Kurhajcova,R,19831011,SVK,wta,16637
201373,Maria,Kirilenko,R,19870125,RUS,wta,16063
201394,Anna Lena,Groenefeld,R,19850604,GER,wta,16165
201408,Jamea,Jackson,R,19860907,USA,wta,16486
201325,Samantha,Stosur,R,19840330,AUS,wta,4028
201379,Mara,Santangelo,R,19810628,ITA,wta,4054
201334,Zuzana,Ondraskova,R,19800503,CZE,wta,16161
201375,Shenay,Perry,R,19840706,USA,wta,17095
201515,Alisa,Kleybanova,R,19890715,RUS,wta,16065
201317,Aniko,Kapros,R,19831111,HUN,wta,16463
201446,Sybille,Bammer,L,19800427,AUT,wta,4030
201368,Karolina,Sprem,R,19841025,CRO,wta,16214
201371,Vera,Dushevina,R,19861006,RUS,wta,16072
201385,Yuliana,Fedak,R,19830608,UKR,wta,16132
202335,Antonia,Matic,R,19841231,GER,wta,16565
201395,Teryn,Ashley,U,19781212,USA,wta,140091
201486,Aleksandra,Wozniak,R,19870907,CAN,wta,16086
201392,Severine,Beltrame,R,19790814,FRA,wta,33514
201301,Camille,Pin,U,19810825,FRA,wta,16079
201391,Sanda,Mamic,U,19850322,CRO,wta,16215
201406,Shikha,Uberoi,R,19830405,IND,wta,16748
201443,Alexa,Glatch,R,19890910,USA,wta,16230
201448,Galina,Voskoboeva,R,19841218,KAZ,wta,16092
201409,Michaela,Pastikova,R,19800327,CZE,wta,16238
201400,Nicole,Vaidisova,R,19890423,CZE,wta,4040
201412,Anastasia,Yakimova,R,19861101,BLR,wta,140906
201416,Alona,Bondarenko,R,19840813,UKR,wta,4080
201401,Abigail,Spears,U,19810712,USA,wta,16166
201417,Marta,Domachowska,R,19860116,POL,wta,4060
201300,Maria Emilia,Salerni,R,19830514,ARG,wta,16133
201403,Anna,Chakvetadze,R,19870305,RUS,wta,16060
201407,Evgenia,Linetskaya,R,19861130,ISR,wta,140094
201311,Roberta,Vinci,R,19830218,ITA,wta,16160
201421,Ana,Ivanovic,R,19871106,SRB,wta,4068
201464,Nathalie,Vierin,U,19821015,ITA,wta,16284
201496,Caroline,Wozniacki,R,19900711,DEN,wta,4044
201411,Aiko,Nakamura,R,19831228,JPN,wta,16105
201424,Shahar,Peer,R,19870501,ISR,wta,4052
201420,Sania,Mirza,R,19861115,IND,wta,11588
202264,Cory Ann,Avants,R,19850122,USA,wta,140907
201425,Lucie,Safarova,L,19870204,CZE,wta,4041
201477,Stephanie,Dubois,R,19861031,CAN,wta,16112
201453,Hana,Sromova,U,19780410,CZE,wta,16234
201441,Emma,Laine,L,19860326,FIN,wta,16366
201450,Tsvetana,Pironkova,R,19870913,BUL,wta,4035
201447,Vania,King,R,19890303,USA,wta,16099
201370,Anastasia,Rodionova,R,19820512,AUS,wta,16077
201455,Elena,Vesnina,R,19860801,RUS,wta,16068
201361,Julia,Schruff,R,19820816,GER,wta,16127
201438,Ekaterina,Bychkova,U,19850605,RUS,wta,16106
201343,Maret,Ani,R,19820131,EST,wta,11540
201588,Anna,Tatishvili,R,19900203,GEO,wta,16170
201466,Kaia,Kanepi,R,19850610,EST,wta,4045
201460,Meng,Yuan,U,19860509,CHN,wta,16114
201435,Kateryna,Bondarenko,R,19860808,UKR,wta,4081
201506,Sara,Errani,R,19870429,ITA,wta,4055
201387,Sofia,Arvidsson,R,19840216,SWE,wta,4074
201458,Victoria,Azarenka,R,19890731,BLR,wta,4034
201440,Laura,Pous Tio,U,19841001,ESP,wta,33517
201472,Romina,Oprandi,R,19860329,SUI,wta,28114
201473,Vasilisa,Bardina,R,19871130,RUS,wta,17042
202359,Chin Wei,Chan,R,19850108,TPE,wta,16224
201478,Varvara,Lepchenko,L,19860521,USA,wta,16147
201708,Natalie,Grandin,U,19810227,RSA,wta,16290
201369,Carly,Gullickson,R,19861126,USA,wta,16309
201456,Olga,Savchuk,R,19870920,UKR,wta,16121
201414,Michaella,Krajicek,R,19890109,NED,wta,16113
202324,Neha,Uberoi,R,19860206,USA,wta,16426
200014,Tzipi,Obziler,R,19730419,ISR,wta,11607
201462,Alberta,Brianti,R,19800405,ITA,wta,16179
201442,Yung Jan,Chan,R,19890817,TPE,wta,3995
201423,Yvonne,Meusburger,R,19831003,AUT,wta,16091
201474,Agnieszka,Radwanska,R,19890306,POL,wta,4061
201431,Aravane,Rezai,R,19870314,FRA,wta,16078
201475,Ahsha,Rolle,U,19850321,USA,wta,16142
201479,Olga,Puchkova,U,19870927,RUS,wta,16119
201481,Tamira,Paszek,R,19901206,AUT,wta,16096
201498,Karin,Knapp,R,19870628,ITA,wta,16067
201463,Anda,Perianu,R,19800407,ROU,wta,16291
201348,Casey,Dellacqua,L,19850211,AUS,wta,4029
200776,Angelika,Bachmann,R,19790516,GER,wta,16139
201501,Olga,Govortsova,R,19880823,BLR,wta,4032
201454,Akgul,Amanmuradova,R,19840623,UZB,wta,4087
202379,Chieh Yu,Hsu,L,19920114,USA,wta,16953
201410,Monique,Adamczak,R,19830121,AUS,wta,16178
201493,Angelique,Kerber,L,19880118,GER,wta,16130
201482,Andreja,Klepac,R,19860313,SLO,wta,16100
201495,Dominika,Cibulkova,R,19890506,SVK,wta,4070
202382,Ekaterina,Shulaeva,R,19870530,CAN,wta,16285
201497,Agnes,Szavay,R,19881229,HUN,wta,4051
201523,Marina,Erakovic,R,19880306,NZL,wta,4059
201494,Raluca,Olaru,R,19890303,ROU,wta,16134
201703,Yi Fan,Xu,L,19880808,CHN,wta,16302
201510,Julie,Ditty,L,19790104,USA,wta,16107
201457,Jarmila,Gajdosova,R,19870426,AUS,wta,140099
202371,Lindsey,Nelson,R,19851118,USA,wta,16833
202378,Kirsten,Flower,U,19880814,USA,wta,140908
201622,Iryna,Bremond,R,19841005,FRA,wta,40650
201528,Melanie,Oudin,R,19910923,USA,wta,16261
201426,Pauline,Parmentier,R,19860131,FRA,wta,4049
201483,Madison,Brengle,R,19900403,USA,wta,16272
201513,Sabine,Lisicki,R,19890922,GER,wta,16081
201485,Alla,Kudryavtseva,R,19871103,RUS,wta,16104
201516,Evgeniya,Rodina,R,19890204,RUS,wta,16090
201532,Anastasia,Pivovarova,R,19900616,RUS,wta,16159
201444,Su Wei,Hsieh,R,19860104,TPE,wta,16110
201468,Yaroslava,Shvedova,R,19870912,KAZ,wta,16116
201365,Edina,Gallovits Hall,R,19841210,ROU,wta,16080
201489,Mariya,Koryttseva,R,19850525,UKR,wta,4083
201524,Urszula,Radwanska,R,19901207,POL,wta,16149
201339,Renata,Voracova,R,19831006,CZE,wta,16118
201505,Ekaterina,Makarova,L,19880607,RUS,wta,16070
201512,Monica,Niculescu,R,19870925,ROU,wta,16082
201427,Alize,Cornet,R,19900122,FRA,wta,4047
201520,Petra,Kvitova,L,19900308,CZE,wta,16073
201541,Chanelle,Scheepers,R,19840313,RSA,wta,16175
201547,Michelle,Larcher De Brito,R,19930129,POR,wta,16217
201589,Sharon,Fichman,R,19901203,CAN,wta,16280
201469,Melanie,South,R,19860503,GBR,wta,16150
201491,Olivia,Sanchez,U,19821117,FRA,wta,16094
201303,Anne,Keothavong,R,19830916,GBR,wta,16083
201518,Yanina,Wickmayer,R,19891020,BEL,wta,16074
202408,Amanda,Fink,U,19861204,USA,wta,140909
201508,Petra,Cetkovska,R,19850208,CZE,wta,16071
201533,Shuai,Zhang,R,19890121,CHN,wta,16223
201502,Tatjana,Malek,R,19870808,GER,wta,140101
201490,Timea,Bacsinszky,R,19890608,SUI,wta,4075
201548,Ajla,Tomljanovic,R,19930507,CRO,wta,28702
201549,Petra,Martic,R,19910119,CRO,wta,16227
201503,Ayumi,Morita,R,19900311,JPN,wta,4058
201517,Magdalena,Rybarikova,R,19881004,SVK,wta,16102
201499,Anastasia,Pavlyuchenkova,R,19910703,RUS,wta,16087
201514,Sorana,Cirstea,R,19900407,ROU,wta,4062
201521,Carla,Suarez Navarro,R,19880903,ESP,wta,4071
201470,Kristina,Barrois,R,19810930,GER,wta,16153
201531,Mariana,Duque Marino,R,19890812,COL,wta,16143
201562,Silvia,Soler Espinosa,R,19871119,ESP,wta,16206
201304,Elena,Baltacha,R,19830814,GBR,wta,16131
201576,Valerie,Tetreault,R,19880121,CAN,wta,16454
201577,Heidi,El Tabakh,R,19860925,CAN,wta,16372
201526,Julie,Coin,R,19821202,FRA,wta,16182
201580,Xinyun,Han,L,19900530,CHN,wta,16245
201581,Chun Mei,Ji,R,19860214,CHN,wta,16593
201582,Jing Jing,Lu,R,19890505,CHN,wta,16633
201567,Alexandra,Dulgheru,R,19890530,ROU,wta,16252
201465,Kirsten,Flipkens,R,19860110,BEL,wta,16136
201545,Anastasija,Sevastova,U,19900413,LAT,wta,16274
201492,Andrea,Petkovic,R,19870909,GER,wta,16181
201527,Stefanie,Voegele,R,19900310,SUI,wta,16148
201572,Regina,Kulikova,R,19890130,RUS,wta,16191
201504,Julia,Goerges,R,19881102,GER,wta,16095
201585,Sloane,Stephens,R,19930320,USA,wta,16606
201556,Lucie,Hradecka,R,19850521,CZE,wta,16228
201555,Polona,Hercog,R,19910120,SLO,wta,16199
201539,Christina,Mchale,R,19920511,USA,wta,16548
201592,Beatriz,Garcia Vidagany,U,19881117,ESP,wta,16561
201587,Bojana,Jovanovski,R,19911231,SRB,wta,33607
201600,Jamie,Hampton,R,19900108,USA,wta,16573
201535,Coco,Vandeweghe,R,19911206,USA,wta,16501
201608,Sheng Nan,Sun,L,19870121,CHN,wta,16389
201609,Yi Miao,Zhou,R,19910207,CHN,wta,16275
201570,Vesna,Dolonc,R,19890721,SRB,wta,40649
