200259,Chris,Evert,R,19541221,USA,wta,139169
200948,Brigette,Cuypers,U,19551203,RSA,wta,139276
200942,Kathy,Kuykendall,U,19561123,USA,wta,139283
200904,Kristien,Shaw,U,19520725,USA,wta,139097
200159,Rosie,Casals,R,19480916,USA,wta,138919
200184,Helen,Cawley,U,19461223,AUS,wta,138883
200275,Ann,Kiyomura Hayashi,R,19550822,USA,wta,139234
200226,Mona,Guerrant,U,19481128,USA,wta,139167
200237,Virginia,Wade,R,19450710,GBR,wta,138959
200298,Laura,Du Pont,U,19490504,USA,wta,139015
200263,Janet,Wright,U,19530806,USA,wta,139135
200932,Jeanne,Evert,U,19571005,USA,wta,139194
200176,Kerry,Reid,R,19470807,AUS,wta,138877
200333,Betsy,Nagelsen,R,19561023,USA,wta,139273
200337,Virginia,Ruzici,R,19550131,ROU,wta,139221
200930,Julie,Anthony,U,19480113,USA,wta,139079
200952,Mary,Hamm,U,19540907,USA,wta,139237
200146,Cynthia,Doerner,U,19510211,AUS,wta,139115
200221,Dianne,Balestrat,U,19560810,AUS,wta,139148
201256,Renee,Richards,U,19340819,USA,wta,139376
200950,Marise,Kruger,U,19580717,RSA,wta,139330
200848,Maria,Bueno,R,19391011,BRA,wta,138943
200356,Betty,Stove,U,19450624,NED,wta,139083
200991,Joanne,Russell,U,19541030,USA,wta,139318
200194,Francoise,Durr,R,19421225,FRA,wta,138861
200283,Pam,Teeguarden,U,19510417,USA,wta,139038
200190,Billie Jean,King,R,19431122,USA,wta,138951
200967,Zenda,Liess,U,19591212,USA,wta,139343
200209,Wendy,Turnbull,U,19521126,AUS,wta,139122
200957,Ruta,Gerulaitis,U,19551118,USA,wta,139339
200293,Martina,Navratilova,L,19561018,USA,wta,139219
200936,Iris,Riedel Kuhn,U,19540316,FRG,wta,139308
200951,Mary,Struthers,U,19500721,USA,wta,139140
200905,Mariana,Simionescu,R,19561127,ROU,wta,139216
201156,Stephanie,Tolleson,U,19560325,USA,wta,139348
200143,Kathleen,Harter,U,19461027,USA,wta,138953
200956,Carrie,Meyer,R,19550822,USA,wta,139280
200410,Yvonne,Vermaak,R,19561218,RSA,wta,139314
200968,Betty Ann,Dent,U,19500226,USA,wta,139082
200371,Mima,Jausovec,U,19560720,SLO,wta,139264
200302,Linda,Mottram,U,19570517,GBR,wta,139226
200862,Valerie,Ziegenfuss,U,19490629,USA,wta,138971
200463,Terry,Holladay,U,19551128,USA,wta,139316
200352,Greer,Stevens,U,19570215,RSA,wta,139277
200320,Renata,Tomanova,U,19541209,GER,wta,139214
200223,Sharon,Walsh Pete,R,19520224,USA,wta,139095
200938,Kathy,May Teacher Paben,U,19560618,USA,wta,139239
200358,Marcie,Harper,U,19530910,USA,wta,139174
200266,Sue,Barker,R,19560419,GBR,wta,139225
200911,Linky,Boshoff,U,19561112,RSA,wta,139228
200273,Nerida,Gregory,U,19560513,AUS,wta,139253
200255,Lesley,Charles,U,19520715,GBR,wta,139191
200234,Pam,Whytcross,U,19531125,AUS,wta,139182
200963,Caroline,Stoll,U,19601104,USA,wta,139375
200150,Evonne,Cawley,R,19510731,AUS,wta,139040
200288,Sue,Mappin,R,19470711,GBR,wta,139187
200330,Sue,Saliba,U,19571014,AUS,wta,139334
200316,Heidi,Eisterlehner,R,19491025,GER,wta,139313
200460,Regina,Marsikova,U,19581211,CZE,wta,139274
200243,Glynis,Coles,U,19540220,GBR,wta,139161
200329,Mary,Sawyer,U,19570611,AUS,wta,139349
200141,Wendy,Gilchrist,L,19500517,AUS,wta,139048
200308,Kym,Ruddell,U,19550719,AUS,wta,139300
200326,Naoko,Sato,U,19550102,JPN,wta,139312
200185,Lesley,Hunt,U,19500529,AUS,wta,138947
200940,Ilana,Kloss,U,19560312,RSA,wta,139233
200977,Dana,Gilbert,U,19591126,USA,wta,139409
200969,Jeanne,Duvall,U,19591207,USA,wta,139398
200959,Mareen,Louie Harper,R,19600815,USA,wta,139329
200355,Diane,Desfor,U,19550615,USA,wta,139342
200393,Lea,Antonoplis,U,19590120,USA,wta,139284
200379,Paula,Smith,U,19570110,USA,wta,139393
200402,Wendy,Prausa,R,19600929,USA,wta,139405
200759,Katja,Ebbinghaus,U,19480601,FRG,wta,139066
201152,Aleida,Spex,U,19550616,USA,wta,139331
200360,Pam,Shriver,R,19620704,USA,wta,139396
200366,Sylvia,Hanika,U,19591130,GER,wta,139390
200312,Frederique,Thibault,U,19540602,FRA,wta,139303
200383,Anne,Hobbs,U,19590821,GBR,wta,139374
200363,Hana,Strachonova,U,19610102,SUI,wta,139368
200160,Judy,Dalton,U,19371212,AUS,wta,138999
200929,Elly,Appel,U,19520727,NED,wta,139278
200935,Florenta,Mihai,U,19550902,ROU,wta,139307
200129,Lesley,Bowrey,R,19420816,AUS,wta,138989
200945,Marita,Redondo,R,19560219,USA,wta,139170
200787,Fiorella,Bonicelli,U,19511221,URU,wta,138932
200291,Diane,Evers,U,19561109,AUS,wta,139288
200353,Lele,Forood,U,19560910,USA,wta,139341
200264,Helena,Anliot,U,19560926,SWE,wta,139245
200314,Brigitte,Simon Glinel,U,19561101,FRA,wta,139305
200321,Elisabeth,Ekblom,U,19580210,SWE,wta,139324
200285,Mimi,Wikstedt,U,19540430,SWE,wta,139224
200397,Tracy,Austin,R,19621212,USA,wta,139372
200318,Michelle,Tyler,U,19580708,GBR,wta,139317
200328,Patricia,Bostrom,U,19511125,USA,wta,139223
200400,Kate,Latham,U,19521025,USA,wta,139232
200364,Barbara,Hallquist,U,19570501,USA,wta,139340
200281,Jackie,Fayter,U,19510610,GBR,wta,139131
200955,Mary,Carillo,L,19570312,USA,wta,139367
200829,Nancy,Richey,R,19420823,USA,wta,138907
200324,Beth,Norton,U,19570613,USA,wta,139320
200976,Stacy,Margolin,U,19590405,USA,wta,139380
200966,Kay,Mcdaniel,U,19570925,USA,wta,139412
200879,Wendy,Overton,U,19470331,USA,wta,139032
201871,Kate,Glancy,U,19600325,CAN,wta,143081
200365,Tanya,Harford,U,19581128,RSA,wta,139364
201158,Karen,Susman,U,19421211,USA,wta,139100
200962,Patricia,Medrado,U,19561126,BRA,wta,139346
201001,Jean,Hepner,U,19581025,USA,wta,139407
200420,Anna Maria,Fernandez,U,19601022,USA,wta,139408
200448,Sandy,Collins,U,19581013,USA,wta,139399
200949,Silvana,Urroz,U,19550221,CHI,wta,139363
200299,Kaye,Hallam,U,19570324,AUS,wta,139293
200958,Helle,Viragh,U,19560630,DEN,wta,139285
200152,Gail,Benedetti,R,19450403,FRA,wta,138869
200323,Rene,Blount,U,19570512,USA,wta,139387
201118,Tine,Zwaan,U,19470617,NED,wta,139086
200336,Keryn,Pratt,U,19590620,AUS,wta,139353
200309,Merrilyn,Robinson,U,,AUS,wta,139301
200394,Marjorie,Blackwood,U,19570501,CAN,wta,139395
200315,Nina,Bohm,U,19580430,SWE,wta,139322
200331,Kim,Sands,U,19561011,USA,wta,139389
200233,Christine,Dorey,U,19511029,AUS,wta,139181
200334,Sabina,Simmonds,R,19600417,ITA,wta,139332
200803,Raquel,Giscafre,U,19490515,ARG,wta,138876
200254,Michele,Gurdal,U,19521130,BEL,wta,139185
200325,Leanne,Harrison Austin,U,19580410,AUS,wta,139354
201934,Anne Marie,Ruegg,U,19580401,SUI,wta,143082
200348,Hana,Mandlikova,R,19620219,AUS,wta,139394
200943,Jane,Stratton,U,19530810,USA,wta,139327
200755,Daniela,Marzano,U,19500607,ITA,wta,139154
200335,Judy,Chaloner,U,19531118,NZL,wta,139315
201164,Glaucia,Langela,U,19540505,BRA,wta,139482
201765,Brenda,Perry,U,19571004,NZL,wta,143083
200332,Amanda,Tobin Dingwall,R,19600608,AUS,wta,139351
200359,Christiane,Jolissaint,U,19610912,SUI,wta,139440
200256,Chris,Oneil,R,19560319,AUS,wta,139210
200219,Patricia,Coleman,U,19530513,AUS,wta,139146
200409,Petra,Delhees Jauch,L,19590328,SUI,wta,139413
200756,Bunny,Bruning,U,19570905,USA,wta,139337
201259,Sonoe,Yonezawa,U,19490829,JPN,wta,139400
200953,Viviana,Segal,U,19580422,ARG,wta,139365
200378,Anne,Smith,R,19590701,USA,wta,139370
200971,Lucia,Romanov,U,19590428,ROU,wta,139417
200391,Sherry,Acker,U,19590606,USA,wta,139416
200372,Bettina,Bunge,U,19630613,GER,wta,139403
200375,Barbara,Potter,U,19611022,USA,wta,139406
200392,Jo,Durie,R,19600727,GBR,wta,139371
200389,Kathy,Jordan,U,19591203,USA,wta,139404
200361,Marie,Pinterova,U,19460816,HUN,wta,139071
200758,Rayni,Fox,U,19560524,USA,wta,139240
200984,Deborah,Jevans,U,19600520,GBR,wta,139422
200961,Ivanna,Madruga Osses,U,19610127,ARG,wta,139392
201153,Anthea,Stewart,U,19590207,GBR,wta,139333
200344,Barbara,Jordan,R,19570402,USA,wta,139381
200970,Linda,Siegel,U,19610605,USA,wta,139415
200894,Isabel,Fernandez De Soto,U,19500918,COL,wta,139157
200357,Rosalyn,Nideffer,R,19601102,USA,wta,139429
200978,Roberta,Mccallum,U,19581103,USA,wta,139448
200340,Marcella,Mesker,U,19590523,NED,wta,139421
200349,Dianne,Morrison,U,19580811,USA,wta,139419
200980,Debbie,Freeman,U,19620605,AUS,wta,139470
200388,Leslie,Allen,U,19570312,USA,wta,139414
200975,Julie,Harrington,U,19620205,USA,wta,139425
200433,Kim,Jones Shaefer,R,19570928,USA,wta,139447
200985,Trey,Lewis,U,19591127,USA,wta,139426
200987,Yvona,Brzakova,U,19530423,TCH,wta,139450
200381,Andrea,Jaeger,U,19650604,USA,wta,139431
200997,Kate,Brasher,U,19620802,GBR,wta,139449
200351,Lindsay,Morse,U,19550124,USA,wta,139438
200390,Mary Lou,Daniels,R,19610806,USA,wta,139432
201162,Linda,Geeves,U,19540621,GBR,wta,139451
200398,Iva,Budarova,U,19600731,TCH,wta,139391
200981,Andrea,Whitmore,U,19550406,USA,wta,139423
200411,Jane,Preyer,U,19531206,USA,wta,139488
200350,Felicia,Hutnick,U,19570720,USA,wta,139402
200369,Candy,Reynolds,U,19550324,USA,wta,139319
200585,Kathy,Horvath,U,19650825,USA,wta,139430
200380,Nancy,Yeargin,U,19550522,USA,wta,139347
200464,Ann,Henricksson,U,19591031,USA,wta,139516
200405,Susan,Mascarin,U,19640628,USA,wta,139427
200241,Duk Hee,Lee,U,19530713,KOR,wta,139201
201265,Phyllis,Blackwell,U,19570326,USA,wta,139563
201261,Lisa,Doherty,U,19590305,USA,wta,139453
201008,Jill,Davis,U,19600623,USA,wta,139489
200347,Bernadette,Randall,U,19650927,AUS,wta,139437
202196,Karen,Denman,U,,AUS,wta,143084
200338,Elizabeth,Little,U,19601003,AUS,wta,139358
200345,Brenda,Catton,U,19620104,AUS,wta,139436
200343,Susan,Leo,U,19620810,AUS,wta,139360
200339,Linda,Cassell,R,19620424,AUS,wta,139433
200342,Chris,Newton,U,19560213,NZL,wta,139336
202197,Debbie,Chesterton,U,19600622,AUS,wta,143085
200367,Nanette,Schutte,U,19620406,NED,wta,139442
200354,Claudia,Kohde Kilsch,R,19631211,GER,wta,139439
200368,Miranda,Yates,U,19631208,AUS,wta,139443
200282,Jenny,Dimond,U,19551113,AUS,wta,139259
200322,Karen,Gulley,U,,AUS,wta,139357
200262,Jenny,Walker,U,19560409,AUS,wta,139244
200456,Masako,Yanagi,U,19591111,JPN,wta,139589
202097,Jean,Nachand,R,19550606,USA,wta,143086
202223,Soo Ok,Kim,U,19610813,KOR,wta,143087
,,,,,,,3935
200489,Yukie,Koizumi,U,19580124,JPN,wta,139665
202096,Li Qiao,Yu,U,19571126,CHN,wta,143088
202005,Cathy,Fink,U,19580310,USA,wta,143089
201999,Penny,Johnson,U,19550826,USA,wta,143090
200468,Hu,Na,U,19630416,USA,wta,139608
201998,Julie,Filkoff,U,19570621,USA,wta,143091
201970,Vicki,Beggs,U,19570325,USA,wta,143092
200253,Kiyoko,Nomura,U,19541117,JPN,wta,139209
202224,Yoko,Kobayashi,U,19530509,JPN,wta,143093
200479,Emiko,Okagawa,U,19641226,JPN,wta,139579
202098,Fumiko,Furuhashi,U,19590422,JPN,wta,143094
202095,Li Lan,Duan,U,19620702,CHN,wta,143095
200979,Joyce,Portman,U,19580503,USA,wta,139455
201163,Susie,Jaeger,U,19620329,USA,wta,139456
200507,Kathrin,Keil,U,19621128,USA,wta,139484
200373,Bonnie,Gadusek,U,19630911,USA,wta,139457
201029,Kathleen,Cummings,U,19610905,USA,wta,139480
200362,Liz,Smylie,U,19630411,AUS,wta,139441
200412,Vicki,Nelson Dunbar,U,19620925,USA,wta,139490
200983,Susan,Rollinson,U,19610822,RSA,wta,139452
201720,Joy,Cummings,U,19621006,USA,wta,143096
200382,Isabelle,Villiger,U,19621124,SUI,wta,139461
200533,Pam,Casale Telford,R,19631220,USA,wta,139476
200384,Eva,Pfaff,U,19610210,GER,wta,139462
200419,Kathy,Rinaldi Stunkel,U,19670324,USA,wta,139469
200387,Anne,White,U,19610928,USA,wta,139464
200396,Kim,Steinmetz,U,19571222,USA,wta,139467
200465,Lisa,Bonder Kreiss,R,19651016,USA,wta,139487
200493,Marianne,Van Der Torre,U,19610818,NED,wta,139471
201262,Lucy,Gordon,U,,USA,wta,139492
200386,Corinne,Vanier,U,19630920,FRA,wta,139465
201257,Carol,Baily,U,19501022,USA,wta,139377
200346,Anne,Minter,U,19630403,AUS,wta,139435
200395,Catherine,Tanvier,U,19650528,FRA,wta,139466
202008,Susana,Rojas,U,,MEX,wta,143097
200483,Kumiko,Okamoto,U,19650219,JPN,wta,139664
201910,Angela,Walker,U,19601218,CAN,wta,143098
200986,Barbara,Rossi,U,19610518,ITA,wta,139473
202092,Mihoka,Matshushima,U,19540414,JPN,wta,143099
200406,Claudia,Monteiro,U,19610508,BRA,wta,139474
200989,Leigh Anne,Thompson,U,19640108,USA,wta,139485
200424,Etsuko,Inoue,U,19641018,JPN,wta,139535
200630,Laura,Gildemeister,U,19640112,PER,wta,139497
201035,Kate,Gompert,U,19630111,USA,wta,139454
200377,Helena,Sukova,R,19650223,CZE,wta,139460
200408,Alycia,Moulton,U,19610218,USA,wta,139401
200988,Jenny,Klitch,U,19650419,USA,wta,139501
200994,Michelle,Torres,U,19670627,USA,wta,139506
200444,Elise,Burgin,U,19620305,USA,wta,139486
200477,Susan,Rimes,U,19590415,USA,wta,139557
200437,Annabel,Croft,U,19660712,GBR,wta,139510
201004,Catrin,Jexell,U,19630217,SWE,wta,139546
200996,Nancy,Neviaser,U,19580418,USA,wta,139508
200451,Beverly,Mould,U,19620313,RSA,wta,139517
200399,Jennifer,Mundel,U,19620120,RSA,wta,139479
200992,Elizabeth,Jones,U,19640329,GBR,wta,139504
200442,Andrea,Temesvari,R,19660426,HUN,wta,139472
200404,Zina,Garrison,U,19631116,USA,wta,139494
200403,Andrea,Leand,U,19640118,USA,wta,139498
201166,Shelly,Walpole,U,19650917,GBR,wta,139511
200435,Barbara,Gerken,U,19640703,USA,wta,139496
200401,Manuela,Maleeva Fragniere,R,19670214,SUI,wta,139499
200974,Lena,Sandin,U,19610608,SWE,wta,139446
200467,Janine,Tremelling,U,19670912,AUS,wta,139607
200407,Camille,Benjamin,U,19660602,USA,wta,139500
200413,Heather,Ludloff,U,19610611,USA,wta,139428
202011,June,Ferestein,U,19630619,USA,wta,143100
201159,Sheila,Mcinerney,U,19580222,USA,wta,139379
201002,Barbi,Bramblett,U,19640914,USA,wta,139513
201889,Patrizia,Murgo,U,19620326,ITA,wta,143101
200434,Shelley,Solomon,U,19630619,USA,wta,139523
201972,Helen,Park,U,19590603,KOR,wta,143102
200500,Pilar,Vasquez,U,19630515,PER,wta,139477
200385,Brenda,Remilton,U,19560224,AUS,wta,139463
201167,Ellinore,Lightbody,U,19590216,GBR,wta,139512
202225,Natalya,Borodina,U,,URS,wta,143103
200454,Myriam,Schropp,U,19660429,GER,wta,139555
200496,Terry,Phelps,U,19661218,USA,wta,139545
200418,Amanda,Brown,U,19650502,GBR,wta,139532
200427,Beth,Herr,U,19640528,USA,wta,139491
200548,Patty,Fendick,U,19650331,USA,wta,139541
200492,Tina,Mochizuki,R,19521124,USA,wta,139495
200422,Raffaella,Reggi Concato,U,19651127,ITA,wta,139533
200763,Cathy,Drury,U,19600325,GBR,wta,139362
200504,Julie,Salmon,U,19650708,GBR,wta,139558
200474,Louise,Allen,U,19620107,USA,wta,139525
200376,Katerina,Bohmova,L,19580122,CZE,wta,139459
200423,Carling,Bassett Seguso,U,19671009,CAN,wta,139534
200443,Sara,Gomer,U,19640513,GBR,wta,139544
201005,Amy,Holton,U,19650405,USA,wta,139514
200497,Patricia,Hy Boulais,U,19650822,CAN,wta,139551
200490,Michaela,Pazderova,U,19630121,TCH,wta,139502
200990,Claudia,Pasquale,U,19630522,SUI,wta,139481
201009,Ginny,Purdy,U,19661115,USA,wta,139578
200414,Steffi,Graf,R,19690614,GER,wta,139528
201033,Kristin,Kinney,U,19590827,USA,wta,139594
200417,Gigi,Fernandez,U,19640222,USA,wta,139531
200416,Robin,White,U,19631210,USA,wta,139530
200421,Pascale,Paradis Mangon,R,19660424,FRA,wta,139503
200415,Catherine,Suire,U,19590915,FRA,wta,139529
200370,Marie Christine,Calleja,U,19640114,FRA,wta,139444
200813,Ingrid,Bentzer,R,19431206,SWE,wta,138889
200425,Sophie,Amiach,U,19631110,FRA,wta,139468
200439,Jenny,Byrne,U,19670225,AUS,wta,139568
200430,Marcela,Skuherska,U,19610214,TCH,wta,139509
200431,Lilian,Kelaidis,U,19650523,SUI,wta,139515
202079,Kathy,Obrien,U,19591224,USA,wta,143104
201897,Helena,Manset,U,19610201,USA,wta,143105
200591,Ronni,Reis,U,19660510,USA,wta,139599
201710,Annette,Gulley,U,19640227,AUS,wta,143106
200525,Jennifer,Goodling,U,19620426,USA,wta,139717
201168,Micki,Schillig,U,19601129,USA,wta,139519
200502,Andrea,Betzner,U,19660710,GER,wta,139622
202221,Cornelia,Lechner,U,19661113,GER,wta,143107
202222,Kathy,Holton,U,19631005,USA,wta,143108
200495,Akiko,Kijimuta,U,19680501,JPN,wta,139646
200549,Penny,Barg Mager,R,19640411,USA,wta,139617
201013,Rina,Einy,U,19650329,GBR,wta,139554
200466,Molly,Van Nostrand,U,19650312,USA,wta,139590
200428,Lori,Mcneil,U,19631218,USA,wta,139537
201018,Rene,Uys,U,19640726,RSA,wta,139565
200503,Gretchen,Magers,R,19640207,USA,wta,139520
200725,Sandra,Cecchini,U,19650227,ITA,wta,139581
200534,Melissa,Brown,U,19680411,USA,wta,139583
201011,Natasha,Reva,U,19650821,URS,wta,139580
200628,Sabrina,Goles,U,19650603,YUG,wta,139540
200576,Nathalie,Herreman,U,19660328,FRA,wta,139549
200450,Larisa,Savchenko,U,19660721,URS,wta,139562
200452,Tine,Scheuer Larsen,U,19660313,DEN,wta,139574
200436,Carina,Karlsson,U,19630911,SWE,wta,139547
200447,Adriana,Villagran Reami,U,19560807,ARG,wta,139386
200440,Shawn,Foltz,U,19671221,USA,wta,139569
201266,Linda,Howell,U,19631106,USA,wta,139598
200458,Rebecca,Bryant,U,19631220,AUS,wta,139604
200438,Michaela,Washington,U,19660227,USA,wta,139567
200449,Petra,Keppeler,U,19650322,GER,wta,139573
200453,Catarina,Lindqvist Ryan,U,19630613,SWE,wta,139522
201017,Angelika,Kanellopoulou,R,19651218,GRE,wta,139586
202200,Miki,Mizokuchi,U,19650513,JPN,wta,143109
200486,Csilla,Cserepy,U,19660329,SUI,wta,139655
200965,Emilse,Rapponi Longo,U,19571219,USA,wta,139411
200572,Gabriela,Sabatini,R,19700516,ARG,wta,139597
201176,Jane,Forman,U,19620121,USA,wta,139566
201730,Karin,Stampfli,U,19630907,SUI,wta,143110
201028,Maeve,Quinlan,U,19641116,USA,wta,139624
201908,Karen,Dewis,U,19620919,CAN,wta,143111
202226,Yoko,Mitsuko,U,,JPN,wta,143112
202227,Judith,Warringa,U,19650322,NED,wta,143113
201025,Neige,Dias,U,19661205,BRA,wta,139618
201012,Elena,Eliseenko,U,19590505,URS,wta,139582
200445,Svetlana,Cherneva,U,19621008,RUS,wta,139571
200429,Elizabeth,Minter,U,19650823,AUS,wta,139538
200472,Helen,Kelesi,U,19691115,CAN,wta,139611
201015,Grace,Kim,U,19680416,USA,wta,139561
200640,Mercedes,Paz,U,19660627,ARG,wta,139620
200455,Katerina,Maleeva,U,19690507,BUL,wta,139602
201019,Melissa,Gurney,U,19690624,USA,wta,139587
200664,Stephanie,Rehe,U,19691105,USA,wta,139588
201169,Heather,Crowe,U,19610712,USA,wta,139526
201020,Petra,Huber,U,19660215,AUT,wta,139564
200461,Lisa,Spain Short,R,19620714,USA,wta,139556
201022,Debbie,Spence Nasim,U,19670809,USA,wta,139596
200462,Belinda,Cordwell,U,19650921,NZL,wta,139606
200459,Linda,Gates,U,19691224,USA,wta,139605
200457,Andrea,Holikova,U,19680115,TCH,wta,139603
200498,Michelle,Jaggard Lai,U,19690506,AUS,wta,139667
200509,Michelle,Turk,U,19670923,AUS,wta,139671
201270,Jane,Young,U,19650531,CAN,wta,139053
200523,Olga,Tsarbopoulou,U,19680619,GRE,wta,139714
202228,Rie,Nakazaka,U,,JPN,wta,143114
201178,Diane,Farrell,U,19611105,USA,wta,139651
201171,Joanne,Louis,U,19670427,GBR,wta,139592
200552,Maria,Lindstrom,U,19630307,SWE,wta,139633
201173,Sally,Reeves,U,19640708,GBR,wta,139595
200481,Elna,Reinach,U,19681202,RSA,wta,139627
200097,Nathalie,Tauziat,R,19671017,FRA,wta,139575
200494,Dianne,Van Rensburg,U,19680304,RSA,wta,139650
200650,Isabel,Cueto,U,19681203,GER,wta,139615
201931,Jill,Waldman,U,19671011,USA,wta,143115
201021,Laura,Garrone,U,19671115,ITA,wta,139613
200679,Caroline,Kuhlman,U,19660825,USA,wta,139560
200597,Mary Joe,Fernandez,R,19710819,USA,wta,139612
200621,Isabelle,Demongeot,U,19660918,FRA,wta,139576
201180,Belinda,Borneo,U,19661110,GBR,wta,139653
200575,Anna,Ivan,U,19660117,USA,wta,139635
201031,Niurka,Sodupe,U,19690419,USA,wta,139641
200017,Arantxa,Sanchez Vicario,R,19711218,ESP,wta,139685
201032,Cecilia,Fernandez Parker,U,19630628,USA,wta,139642
200674,Bettina,Fulco Villella,R,19681023,ARG,wta,139677
200469,Nicole,Bradtke,U,19690922,AUS,wta,139609
202229,Sasano,Yoshiko,U,19730927,JPN,wta,143116
201829,Heliane,Steden,U,19640718,MEX,wta,143117
200538,Akemi,Nishiya,R,19650311,JPN,wta,139725
200441,Louise,Field,U,19670225,AUS,wta,139570
201735,Monika,Lundqvist,U,19670418,SWE,wta,143118
200510,Julie,Richardson,U,19670330,NZL,wta,139654
201038,Karen,Schimper,U,19670526,RSA,wta,139683
201045,Natalia,Egorova,U,19660913,RUS,wta,139695
200522,Nicole,Krijger Jagerman,U,19670723,NED,wta,139675
200555,Valda,Lake,U,19681011,GBR,wta,139696
200476,Cammy,Macgregor,U,19681011,USA,wta,139656
200473,Beverly,Bowes Hackney,R,19650909,USA,wta,139552
200539,Jana,Novotna,R,19681002,CZE,wta,139643
201832,Gabriela,Mosca,U,19690812,ARG,wta,140834
200694,Elly,Hakami,U,19690825,USA,wta,139659
200589,Halle,Cioffi,U,19690805,USA,wta,139688
200485,Manon,Bollegraf,U,19640410,NED,wta,139672
201894,Kylie,Copeland,U,19610519,USA,wta,143119
201030,Mariana,Perez Roldan,U,19671007,ARG,wta,139640
200641,Patricia,Tarabini,R,19680806,ARG,wta,139637
200566,Donna,Faber,U,19710705,USA,wta,139749
200673,Susan,Sloane Lundy,R,19701205,USA,wta,139630
200540,Amy,Schwartz,U,19690902,USA,wta,139726
200586,Federica,Bonsignori,U,19671120,ITA,wta,139577
200521,Hellas,Ter Riet,U,19680621,NED,wta,139687
200506,Wiltrud,Probst,R,19690529,GER,wta,139669
200580,Kimberly,Kessaris,U,19730327,USA,wta,139776
200470,Dee Ann,Hansel,U,19620611,USA,wta,139610
200471,Jamie,Golder,U,19620121,USA,wta,139559
200501,Marianne,Werdel Witmeyer,U,19671017,USA,wta,139632
200116,Natalia,Zvereva,R,19710416,BLR,wta,139678
200542,Clare,Wood,R,19680308,GBR,wta,139626
200480,Claudia,Porwik,U,19681114,GER,wta,139636
200484,Ann,Devries,U,19700227,BEL,wta,139663
200487,Eva,Krapl,U,19660116,SUI,wta,139645
200601,Leila,Meskhi,U,19680105,GEO,wta,139753
200543,Jill,Hetherington,U,19641027,CAN,wta,139729
200587,Silke,Meier,U,19680713,GER,wta,139639
200526,Carol,Christian,U,19621009,USA,wta,139716
200595,Ann,Wunderlich,U,19701013,USA,wta,139701
201841,Sally,Godman,U,19690131,GBR,wta,143120
200584,Laura,Golarsa,R,19671127,ITA,wta,139694
200564,Hester,Witvoet,U,19670707,NED,wta,139744
200557,Katrina,Adams,U,19680805,USA,wta,139734
200612,Natalia,Medvedeva,U,19711115,UKR,wta,139697
200491,Christina,Singer,U,19680727,GER,wta,139666
200021,Alexia,Dechaume Balleret,R,19700503,FRA,wta,139638
200514,Monique,Javer,R,19670722,GBR,wta,139700
200520,Sarah,Loosemore,U,19710615,GBR,wta,139713
200635,Ingelise,Driehuis,U,19670917,NED,wta,139830
200112,Julie,Halard Decugis,R,19700910,FRA,wta,139676
200554,Brenda,Schultz Mccarthy,R,19701228,NED,wta,139703
200594,Iwona,Kuczynska,U,19610222,POL,wta,139475
200556,Wendy,Wood,U,19640420,USA,wta,139733
200610,Stacey,Martin,U,19701113,USA,wta,139763
200482,Judith,Wiesner,R,19660302,AUT,wta,139662
200590,Gisele,Miro,U,19681101,BRA,wta,139691
200547,Sandra,Wasserman,U,19700310,BEL,wta,139686
201051,Laura,Lapi,U,19700910,ITA,wta,139755
200488,Alison,Scott,U,19680208,AUS,wta,139673
200475,Lisa,Oneill,U,19680808,AUS,wta,139660
200537,Cynthia,Macgregor,U,19640326,USA,wta,139724
200559,Kristine,Kunce,U,19700303,AUS,wta,139735
200550,Emmanuelle,Derly,U,19700430,FRA,wta,139625
200530,Radomira,Zrubakova,R,19701226,SVK,wta,139689
200105,Rachel,Mcquillan,U,19711202,AUS,wta,139708
200558,Leigh Anne,Eldredge,U,19641214,USA,wta,139527
200705,Linda,Ferrando,U,19660112,ITA,wta,139679
200599,Carrie,Cunningham,U,19720428,USA,wta,139761
200699,Meredith,Mcgrath,U,19710428,USA,wta,139789
200553,Carin,Bakkum,U,19620725,NED,wta,139732
201181,Lisa,Gould,R,19670527,GBR,wta,139692
201842,Rikki,Gaddie,U,19710902,RSA,wta,143121
200602,Shaun,Stafford,U,19681213,USA,wta,139699
200562,Martina,Pawlik,U,19691208,GER,wta,139767
200064,Amanda,Coetzer,R,19711022,RSA,wta,139788
200606,Nana,Smith,R,19710410,JPN,wta,139799
201177,Amanda,Grunfeld,U,19670301,GBR,wta,139649
200617,Kimiko,Date Krumm,R,19700928,JPN,wta,16373
200567,Jennifer,Santrock,U,19690226,USA,wta,139704
201185,Robyn,Field,U,19660627,RSA,wta,139822
201183,Anne,Meredith,U,19690402,GBR,wta,139754
200535,Jo Anne,Faull,U,19710113,AUS,wta,139722
200593,Karine,Quentrec,U,19691021,FRA,wta,139743
200605,Regina,Rajchrtova,U,19680205,TCH,wta,139682
200625,Jana,Pospisilova,U,19700323,CZE,wta,139740
200582,Maria,Strandlund Tomsvik,U,19690817,SWE,wta,139741
200527,Maria Christine,Damas,U,19661209,FRA,wta,139718
200569,Petra,Pichalova Langrova,U,19700627,TCH,wta,139770
200096,Mary,Pierce,R,19750115,FRA,wta,139816
200646,Francesca,Romano,U,19710207,ITA,wta,139818
202086,Natalia,Biletskaia,U,19721106,UKR,wta,143122
200574,Eva,Sviglerova,U,19710713,CZE,wta,139773
202087,Reeka,Szikszay,U,19650803,HUN,wta,143123
200634,Elena,Brioukhovets,U,19710608,UKR,wta,139821
200651,Sabine,Hack,U,19690712,GER,wta,139742
200614,Elena,Pampoulova,U,19720517,BUL,wta,139803
200632,Andrea,Strnadova,U,19720528,CZE,wta,139828
202088,Aida,Khalatian,U,19670508,ARM,wta,143124
201271,Lisa,Green,U,19680718,USA,wta,139760
200560,Rene,Collins,L,19660114,CAN,wta,139765
200041,Amy,Frazier,R,19720919,USA,wta,139702
202055,Themis,Zambrzycki,U,19601020,BRA,wta,143125
200622,Maya,Kidowaki,U,19690517,JPN,wta,139808
200644,Naoko,Sawamatsu,U,19730323,JPN,wta,139814
200652,Monica,Seles,L,19731202,USA,wta,139787
200629,Cristina,Tessi,U,19720720,ARG,wta,139826
200615,Kristin,Godridge,U,19730207,HKG,wta,139804
200013,Angelica,Gavaldon,R,19731003,MEX,wta,139810
200588,Renata,Baranski,U,19650224,POL,wta,139778
200661,Samantha,Smith,R,19711127,GBR,wta,139792
200573,Cecilia,Dahlman,U,19680724,SWE,wta,139772
200077,Jennifer,Capriati,R,19760329,USA,wta,49358
200604,Barbara,Paulus,U,19700901,AUT,wta,139684
201043,Barbara,Romano,U,19650114,ITA,wta,139746
200095,Linda,Wild,R,19710211,USA,wta,139793
201877,Karen,Shin,U,19680705,USA,wta,143127
200624,Tami,Whitlinger Jones,U,19681113,USA,wta,139657
200608,Audra,Keller,U,19711117,USA,wta,139801
201718,Akiko,Gooden,U,19720214,USA,wta,143128
201269,Eleni,Rossides,U,19671023,USA,wta,139631
200561,Cathy,Caverzasio,U,19720928,SUI,wta,139766
201047,Andrea,Vieira,U,19710205,BRA,wta,139784
200570,Veronika,Martinek,U,19720403,GER,wta,139771
201040,Luciana,Corsato Owsianka,U,19660121,BRA,wta,139737
200049,Conchita,Martinez,R,19720416,ESP,wta,139739
201049,Denisa,Krajcovicova,U,19681018,SVK,wta,139786
200086,Magdalena,Maleeva,R,19750401,BUL,wta,139819
200006,Karina,Habsudova,R,19730802,SVK,wta,139825
200623,Petra,Thoren,U,19690808,FIN,wta,139809
201844,Agnese,Gustmane,U,19710409,LAT,wta,143129
200620,Kirrily,Sharpe,U,19730225,AUS,wta,139807
200693,Elena,Makarova,U,19730201,RUS,wta,139918
200579,Karin,Kschwendt,R,19680914,AUT,wta,139775
200686,Sandra,Dopfer,U,19700525,AUT,wta,139843
201274,Viktoria,Milvidskaia,U,19670420,RUS,wta,139884
200607,Beate,Reinstadler,U,19670520,AUT,wta,139800
200675,Eugenia,Maniokova,R,19680517,RUS,wta,139859
201741,Alysia,May,U,19710131,USA,wta,143130
200026,Florencia,Labat,L,19710612,ARG,wta,139794
200581,Tamaka,Takagi,U,19651230,JPN,wta,139777
201059,Misumi,Miyauchi,U,19710906,JPN,wta,139899
200656,Jessica,Emmons,U,19700913,USA,wta,139857
200057,Erika,De Lone,R,19721014,USA,wta,139796
200653,Yayuk,Basuki,R,19701130,INA,wta,32117
200578,Rennae,Stubbs,R,19710326,AUS,wta,38102
200647,Noelle,Van Lottum,U,19720712,FRA,wta,139752
200715,Mariaan,De Swardt,R,19710318,RSA,wta,139841
201188,Barbara,Griffiths,U,19720520,GBR,wta,139851
201843,Suzanna,Anggarkusuma,U,19631125,INA,wta,143131
200089,Miriam,Oremans,R,19720909,NED,wta,139824
200649,Ginger,Helgeson Nielsen,R,19680914,USA,wta,139840
201957,Dorien,Wamelink,U,19701224,NED,wta,143132
201194,Tammy,Whittington,U,19651012,USA,wta,139880
200668,Silke,Frankl,U,19700529,GER,wta,139759
201054,Katia,Piccolini,U,19730115,ITA,wta,139820
201723,Angela,Kerek,U,19720125,GER,wta,140864
200633,Stacey,Schefflin,U,19680319,USA,wta,139829
201048,Leona,Laskova,U,19700407,CZE,wta,139785
202016,Pam,Nelson,U,19750701,USA,wta,140849
200669,Debbie,Graham,R,19700825,USA,wta,139762
201273,Shannan,Mccarthy,U,19700519,USA,wta,139883
200037,Sabine,Appelmans,L,19720422,BEL,wta,139748
200081,Anke,Huber,R,19741204,GER,wta,139797
200659,Rika,Hiraki,U,19711206,JPN,wta,139847
200676,Mana,Endo,U,19710206,JPN,wta,139868
200545,Ei,Iida,U,19670909,JPN,wta,139730
200671,Meike,Babel,R,19741122,GER,wta,139866
200681,Natalia,Baudone Furlan,U,19720712,ITA,wta,139844
200648,Marketa,Kochta,U,19750714,GER,wta,139839
200039,Chanda,Rubin,R,19760218,USA,wta,139823
200005,Jolene,Watanabe Giltz,R,19680831,USA,wta,139913
200094,Barbara,Rittner,R,19730425,GER,wta,139837
201058,Agnes,Zugasti,U,19720515,FRA,wta,139875
201191,Shirli Ann,Siddall,U,19740620,GBR,wta,139877
201760,Heidi,Sprung,U,19690110,AUT,wta,140854
200638,Stephanie,Rottier,U,19740122,NED,wta,139834
200660,Kimberly,Po Messerli,R,19711020,USA,wta,139856
201845,Stella,Sampras,U,19690309,USA,wta,143133
200042,Els,Callens,R,19700820,BEL,wta,139852
200565,Nathalie,Guerree Spitzer,U,19680707,FRA,wta,139736
200689,Tessa,Price,U,19670325,RSA,wta,139896
200685,Christelle,Fauche,U,19730609,SUI,wta,139881
200695,Tina,Krizan,R,19740318,SLO,wta,139919
200611,Tracey,Morton Rodgers,U,19671218,AUS,wta,139791
200016,Sandrine,Testud,R,19720403,FRA,wta,139817
200687,Katarzyna,Nowak,U,19690113,POL,wta,139813
201726,Rachel Ann,Jensen,U,19721119,USA,wta,140859
200642,Denisa,Szabova,U,19681118,SVK,wta,139835
200627,Petra,Schwarz,U,19720524,AUT,wta,139782
201994,Christine,Oreilly,U,19680118,USA,wta,143134
200667,Ines,Gorrochategui,R,19730613,ARG,wta,139864
201749,Julie,Shiflet,U,19721007,USA,wta,140860
200723,Iva,Majoli,R,19770812,CRO,wta,139891
200626,Emanuela,Zardo,U,19700424,SUI,wta,139811
200684,Shi Ting,Wang,R,19731019,TPE,wta,139876
200690,Kyoko,Nagatsuka,U,19740222,JPN,wta,139886
200721,Hiromi,Nagano,U,19710720,JPN,wta,139947
200085,Ai,Sugiyama,R,19750705,JPN,wta,4057
200598,Jeri,Ingram,U,19701211,USA,wta,139780
200066,Cristina,Torrens Valero,R,19740912,ESP,wta,139980
201742,Susi,Fortun Lohrmann,R,19730327,GER,wta,143135
201277,Anne,Mall,U,19741210,IRL,wta,139937
201743,Laura,Glitz,U,19670517,USA,wta,143136
201744,Caroline,Schneider,U,19730601,GER,wta,143137
201717,Michelle,Jackson Nobrega,U,19731228,USA,wta,140866
200636,Danielle,Jones,U,19690304,AUS,wta,139831
200012,Jana,Nejedly,R,19740609,CAN,wta,139958
201745,Lupita,Novelo,U,19670505,MEX,wta,143138
201746,Amanda,Basica,U,19780620,USA,wta,143139
201747,Lihini,Weerasuriya,U,19720220,SRI,wta,143140
201748,Renata,Kochta,U,19730414,GER,wta,143141
200696,Christina,Papadaki,R,19730224,GRE,wta,139906
200087,Seda,Noorlander,R,19740522,NED,wta,140016
200654,Patty,Oreilly,U,19680118,USA,wta,139860
201276,Nicole,London,U,19760203,USA,wta,139888
200020,Lisa,Raymond,R,19730810,USA,wta,27647
201750,Ann,Stephenson,U,19670822,USA,wta,143142
200700,Silvia,Farina Elia,R,19720427,ITA,wta,139845
201846,Katarzyna,Teodorowicz Lisowska,U,19721128,POL,wta,143143
201193,Claire,Wegink,U,19670929,NED,wta,139879
200059,Ruxandra,Dragomir Ilie,R,19721024,ROU,wta,139908
200683,Monique,Kiene,U,19740805,NED,wta,139895
200682,Joannette,Kruger,R,19730903,RSA,wta,139894
200711,Tatiana,Ignatieva,U,19740611,BLR,wta,139905
200082,Kristie,Boogert,R,19731216,NED,wta,139872
201082,Lorna,Woodroffe,U,19760818,GBR,wta,139909
200655,Nicole,Arendt,L,19690826,USA,wta,139658
200701,Caroline,Vis,R,19700304,NED,wta,139921
200128,Lindsay,Davenport,R,19760608,USA,wta,4084
200048,Elena,Likhovtseva,R,19750908,RUS,wta,16288
200663,Nanne,Dahlman,U,19700907,FIN,wta,139848
200118,Virginia,Ruano Pascual,R,19730921,ESP,wta,16088
200028,Maureen,Drake,R,19710321,CAN,wta,16511
200691,Flora,Perfetti,U,19690129,ITA,wta,139889
200680,Nadin,Ercegovic,U,19730202,CRO,wta,139890
200708,Sandra,Cacic,R,19740910,USA,wta,139914
200709,Rosana,De Los Rios,R,19750916,PAR,wta,139912
200080,Dominique,Monami,R,19730531,BEL,wta,139858
200019,Alexandra,Fusai,R,19731122,FRA,wta,139842
200665,Yone,Kamio,U,19711122,JPN,wta,139863
200051,Irina,Spirlea,R,19740326,ROU,wta,139871
200702,Naoko,Kijimuta,U,19720326,JPN,wta,139922
200658,Fang,Li,R,19730101,CHN,wta,73970
201087,Mashona,Washington,R,19760531,USA,wta,16325
200099,Sonya,Jeyaseelan,R,19760424,CAN,wta,139966
200727,Adriana,Serra Zanetti,R,19760305,ITA,wta,139939
201751,Melissa,Mazzotta,U,19720621,USA,wta,143144
201752,Cristina,Salvi,U,19700515,ITA,wta,143145
201278,Angela,Lettiere,U,19720404,USA,wta,139938
200073,Julie,Pullin,L,19751105,GBR,wta,139934
200010,Rita,Grande,R,19750323,ITA,wta,139960
201196,Claire,Taylor,U,19750217,GBR,wta,139936
201729,Larissa,Schaerer,R,19750415,PAR,wta,143146
200726,Nancy,Feber,U,19760205,BEL,wta,139904
201275,Julie,Steven,U,19760424,USA,wta,139887
200740,Elena,Tatarkova,L,19760822,UKR,wta,140005
201847,Mareze,Joubert,U,19730818,RSA,wta,143147
200036,Nicole,Pratt,R,19730305,AUS,wta,16317
200643,Petra,Kamstra,U,19740318,NED,wta,139836
200004,Kerry Anne,Guse,R,19721204,AUS,wta,139764
200720,Dally,Randriantefy,R,19770223,MAD,wta,139946
201835,Maja,Muric,U,19740227,CRO,wta,143148
200084,Asa,Svensson,R,19750616,SWE,wta,139933
201939,Anique,Snijders,U,19730915,NED,wta,143149
200704,Maria Jose,Gaidano,U,19730525,ARG,wta,139901
201066,Neus,Avila Bonastre,U,19710726,ESP,wta,139952
200697,Janette,Husarova,R,19740604,SVK,wta,17041
200076,Laurence,Courtois,R,19760118,BEL,wta,139917
200657,Radka,Bobkova,R,19730212,CZE,wta,139861
202089,Irina,Sukhova,U,19740209,UKR,wta,143150
200090,Anca,Barna,L,19770514,GER,wta,140039
200734,Tatjana,Jecmenica,U,19780704,SRB,wta,139963
201850,Nino,Louarsabishvili,U,19770203,GEO,wta,140867
200718,Ludmila,Richterova,U,19770307,CZE,wta,139929
200698,Petra,Begerow,U,19750414,GER,wta,139920
201195,Amanda,Wainwright,R,19760324,GBR,wta,139910
202090,Emily,Bond,U,19731013,GBR,wta,143151
200035,Maria,Sanchez Lorenzo,R,19771107,ESP,wta,139965
200063,Tatiana,Panova,R,19760813,RUS,wta,139992
200748,Venus,Williams,R,19800617,USA,wta,4085
200031,Meilen,Tu,R,19780117,USA,wta,16169
201812,Hiroko,Mochizuki,U,19750723,JPN,wta,140880
200032,Barbara,Schett,R,19760310,AUT,wta,139930
200713,Yuka,Yoshida,R,19760401,JPN,wta,139940
202040,Linda,Niemantsverdriet,U,19741210,NED,wta,143152
201946,Jean,Ceniza,U,19700510,USA,wta,143153
202102,Kaoru,Shibata,U,19730625,JPN,wta,143154
200716,Sung Hee,Park,U,19750217,KOR,wta,139942
202219,Keiko,Nagatomi,U,19741122,JPN,wta,143155
202232,Yuka,Tanaka,U,19740821,JPN,wta,143156
201061,Eva,Martincova,U,19750304,CZE,wta,139927
202233,Ayako,Hirose,U,19690121,JPN,wta,143157
200729,Lindsay,Lee Waters,R,19770628,USA,wta,139954
201848,Hye Jin,Park,U,19720509,KOR,wta,143158
201849,Veronica,Stele,U,19771119,ARG,wta,143159
201088,Karen,Cross,L,19740219,GBR,wta,139911
200719,Siobhan,Drake Brockman,U,19780407,AUS,wta,139945
201851,Joanne,Moore,U,19760309,GBR,wta,143160
200730,Min,Tang,U,19710126,HKG,wta,139950
201627,Kim,De Weille,U,19760412,NED,wta,143161
200714,Yvette,Basting,R,19770608,NED,wta,139941
200091,Janet,Lee,R,19761022,TPE,wta,139916
200583,Laxmi,Poruri,U,19721109,USA,wta,139758
200728,Melanie,Schnell,R,19770222,AUT,wta,139956
201198,Lizzy,Jelfs,U,19760728,GBR,wta,139957
201197,Megan,Miller,U,19770920,GBR,wta,139955
201062,Amelie,Castera,L,19780409,FRA,wta,139928
200724,Lea,Ghirardi,R,19740210,FRA,wta,139898
200774,Vanessa,Webb,L,19760124,CAN,wta,140021
200040,Anna,Smashnova,R,19760716,ISR,wta,139925
200127,Sarah,Pitkowski Malcor,R,19751113,FRA,wta,139903
201078,Eugenia,Kulikovskaya,U,19781221,RUS,wta,140018
201928,Julia,Lutrova,U,19750109,RUS,wta,143213
200737,Aleksandra,Olsza,U,19771208,POL,wta,139977
201963,Sofia,Prazeres,U,19740619,POR,wta,143214
200113,Anna,Kournikova,R,19810607,RUS,wta,139978
202091,Olga,Ivanova,U,19770203,RUS,wta,143215
201284,Tatiana,Poutchek,R,19790109,BLR,wta,4031
200024,Maria,Vento Kabchi,R,19740524,VEN,wta,139885
200706,Catalina,Cristea,R,19750602,ROU,wta,139924
200001,Martina,Hingis,R,19800930,SUI,wta,100658
200712,Katerina,Kroupova,U,19740220,CZE,wta,139882
200736,Li Ling,Chen,U,19710313,CHN,wta,139986
200075,Jing Qian,Yi,R,19740228,CHN,wta,139970
200735,Miho,Saeki,R,19760318,JPN,wta,139984
200045,Tara,Snyder,R,19770526,USA,wta,140003
200038,Annabel,Ellwood,R,19780202,AUS,wta,139944
200747,Haruka,Inoue,R,19770607,JPN,wta,139999
202104,Kazue,Takuma,U,19740804,JPN,wta,143216
201926,Stephanie,Reece,U,19700424,USA,wta,143217
202509,Joelle,Schad,U,19730313,DOM,wta,143218
200703,Katarina,Studenikova,R,19720902,SVK,wta,139907
201811,Young Ja,Choi,U,19750530,KOR,wta,140879
201209,Selima,Sfar,R,19770708,TUN,wta,4079
201771,Virag,Csurgo,U,19721110,HUN,wta,140884
200124,Anne,Kremer,R,19751017,LUX,wta,16126
200732,Magdalena,Grzybowska,R,19781122,POL,wta,139969
200052,Olga,Barabanschikova,R,19791102,BLR,wta,139993
200067,Patty,Schnyder,L,19781214,SUI,wta,4076
200678,Gloria,Pizzichini,R,19750724,ITA,wta,139893
200733,Trudi,Musgrave,U,19770910,AUS,wta,16643
201852,Paula,Hermida Velo,U,19771024,ESP,wta,143219
201067,Caroline,Dhenin,U,19730613,FRA,wta,139953
200009,Tamarine,Tanasugarn,R,19770524,THA,wta,4078
200717,Anne,Miller,R,19770119,USA,wta,139943
200109,Nathalie,Dechy,R,19790221,FRA,wta,16089
200098,Henrieta,Nagyova,R,19781215,SVK,wta,139971
200061,Gala,Leon Garcia,L,19731223,ESP,wta,139972
200672,Barbara,Mulej,R,19740529,SLO,wta,139867
200107,Paola,Suarez,R,19760623,ARG,wta,139932
200125,Corina,Morariu,R,19780126,USA,wta,139976
201927,Ludmilla,Varmuza,L,19790225,SMR,wta,143220
200088,Adriana,Gersi,R,19760626,CZE,wta,139985
200745,Andrea,Glass,R,19760717,GER,wta,139974
200070,Anne Gaelle,Sidot,L,19790724,FRA,wta,139973
200007,Silvija,Talaja,R,19780114,CRO,wta,139987
200050,Sandra,Kleinova,R,19780508,CZE,wta,139967
200074,Jane,Chi,R,19740621,USA,wta,139981
201089,Lucie,Ahl,R,19740723,GBR,wta,139998
200738,Lenka,Cenkova,U,19770124,CZE,wta,139988
200022,Emmanuelle,Gagliardi,R,19760709,SUI,wta,16135
200123,Marlene,Weingartner,R,19800130,GER,wta,140020
200027,Magui,Serna,L,19790301,ESP,wta,139983
200044,Denisa,Chladkova,R,19790208,CZE,wta,139989
200062,Kristina,Brandi,R,19770329,PUR,wta,16408
201081,Joanne,Ward,U,19750622,GBR,wta,139935
200033,Serena,Williams,R,19810926,USA,wta,4086
200108,Elena,Dementieva,R,19811015,RUS,wta,4065
200002,Mirjana,Lucic,R,19820309,CRO,wta,16476
200722,Francesca,Lubiani,L,19770712,ITA,wta,139964
201200,Miriam,Schnitzer,R,19770114,GER,wta,140000
200101,Jana,Kandarr,R,19760921,GER,wta,139959
201810,Yuko,Hosoki,U,19681112,JPN,wta,140878
201624,Eun Ha,Kim,U,19750308,KOR,wta,140871
200743,Nirupama,Sanjeev,R,19761208,IND,wta,140007
201085,Shinobu,Asagoe,R,19760628,JPN,wta,140055
200065,Amelie,Mauresmo,R,19790705,FRA,wta,16066
200072,Cara,Black,R,19790217,ZIM,wta,4089
200093,Amelie,Cocheteux,L,19780327,FRA,wta,139951
200750,Karin,Miller,R,19771210,USA,wta,140017
200742,Olga,Lugina,U,19740108,UKR,wta,140004
200069,Nadia,Petrova,R,19820608,RUS,wta,16062
200083,Alexandra,Stevenson,R,19801215,USA,wta,16197
200126,Marissa,Gould,R,19800623,USA,wta,140047
200068,Lilia,Osterloh,R,19780407,USA,wta,16125
201201,Surina,De Beer,R,19780628,RSA,wta,16374
201341,Mi Ra,Jeon,U,19780206,KOR,wta,140082
202231,Shiho,Hisamatsu,R,19790704,JPN,wta,16286
201323,Saori,Obata,L,19780423,JPN,wta,140072
200046,Meghann,Shaughnessy,R,19790413,USA,wta,16152
200749,Samantha,Reeves,R,19790117,USA,wta,140009
201313,Yoon Jeong,Cho,R,19790402,KOR,wta,140898
200117,Kveta,Peschke,R,19750709,CZE,wta,27646
200078,Barbara,Schwartz,L,19790127,AUT,wta,140012
200106,Angeles,Montolio,R,19750806,ESP,wta,139931
200054,Sylvia,Plischke,R,19770720,AUT,wta,140008
200008,Alicia,Molik,R,19810127,AUS,wta,4027
201080,Louise,Latimer,R,19780119,GBR,wta,140015
200120,Jelena,Dokic,R,19830412,AUS,wta,16202
200119,Rita,Kuti Kis,L,19780213,HUN,wta,140027
200100,Amanda,Hopmans,R,19760211,NED,wta,140028
200104,Emilie,Loit,L,19790609,FRA,wta,16093
200110,Fabiola,Zuluaga,R,19790107,COL,wta,140023
200115,Brie,Rippner,R,19800121,USA,wta,139962
200111,Lina,Krasnoroutskaya,R,19840429,RUS,wta,140045
200772,Anastasia,Myskina,R,19810708,RUS,wta,140036
200011,Katarina,Srebotnik,R,19810312,SLO,wta,16064
201295,Wynne,Prakusya,R,19810426,INA,wta,140062
200071,Lenka,Nemeckova,R,19760420,CZE,wta,139994
202134,Katie,Schlukebir,U,19750429,USA,wta,143221
201079,Hannah,Collin,R,19820218,GBR,wta,140052
200666,Marion,Maruska,R,19721215,AUT,wta,139855
200768,Laurence,Andretto,R,19730514,FRA,wta,139997
201205,Tracy,Almeda Singian,U,19791006,USA,wta,140037
202234,Monique,Viele,U,19841006,USA,wta,143222
200030,Miroslava,Vavrinec,R,19780401,SUI,wta,140029
200766,Jennifer,Hopkins,R,19810210,USA,wta,140034
201322,Eva,Dyrberg,R,19800217,DEN,wta,140071
200047,Pavlina,Nola,R,19740714,NZL,wta,140002
200767,Holly,Parkinson,R,19790210,USA,wta,140048
200103,Evie,Dominikovic,R,19800529,AUS,wta,139982
200056,Jelena,Kostanic Tosic,L,19810706,CRO,wta,16097
200122,Tina,Pisnik,R,19810219,SLO,wta,140038
200765,Katalin,Marosi,R,19791112,HUN,wta,16409
200029,Lisa,Mcshea,R,19741029,AUS,wta,139923
201075,Liezel,Huber,R,19760821,USA,wta,38105
200121,Alina,Jidkova,R,19770118,RUS,wta,16194
202085,Galina,Fokina,L,19840117,RUS,wta,143223
201329,Vera,Zvonareva,R,19840907,RUS,wta,4066
200764,Elena,Bovina,R,19830310,RUS,wta,16211
200060,Tathiana,Garbin,R,19770630,ITA,wta,16075
200003,Justine,Henin,R,19820601,BEL,wta,32140
200079,Kim,Clijsters,R,19830608,BEL,wta,30545
200092,Sandra,Nacuk,R,19800817,SCG,wta,140019
201083,Daja,Bedanova,R,19830309,CZE,wta,140053
201324,Irina,Selyutina,R,19791107,KAZ,wta,140073
200015,Petra,Mandula,R,19780117,HUN,wta,140041
201204,Iroda,Tulyaganova,R,19820107,UZB,wta,16341
201300,Maria Emilia,Salerni,R,19830514,ARG,wta,16133
201305,Eleni,Daniilidou,R,19820919,GRE,wta,4050
202521,Neyssa,Etienne,R,19831031,HAI,wta,143224
201419,Na,Li,R,19820226,CHN,wta,4036
200114,Patricia,Wartusch,R,19780805,AUT,wta,140046
200025,Ludmila,Cervanova,R,19791015,SVK,wta,140030
201429,Rika,Fujiwara,R,19810919,JPN,wta,16163
200043,Virginie,Razzano,R,19830512,FRA,wta,4046
200754,Jill,Craybas,R,19740704,USA,wta,11600
201290,Daniela,Hantuchova,R,19830423,SVK,wta,4069
200053,Lubomira,Bacheva,R,19750307,BUL,wta,140032
201212,Francesca,Schiavone,R,19800623,ITA,wta,4053
201208,Dawn,Buth,R,19760529,USA,wta,140058
201304,Elena,Baltacha,R,19830814,GBR,wta,16131
201383,Marie Eve,Pelletier,R,19820518,CAN,wta,16189
202262,Katrina,Nimmers,U,19800530,USA,wta,143225
201281,Laura,Granville,R,19810512,USA,wta,16213
200023,Bryanne,Stewart,R,19791209,AUS,wta,27651
200055,Mariana,Diaz Oliva,R,19760311,ARG,wta,139995
201292,Martina,Sucha,R,19801120,SVK,wta,16267
201084,Nadejda,Ostrovskaya,R,19801029,BLR,wta,140054
201296,Bianka,Lamade,R,19820830,GER,wta,140063
201293,Catalina,Castano,R,19790707,COL,wta,16141
201086,Greta,Arn,R,19790413,HUN,wta,16140
202258,Jaslyn,Hewitt,R,19830223,AUS,wta,143226
200034,Amanda,Grahame,L,19790325,AUS,wta,140043
200744,Svetlana,Krivencheva,R,19731230,BUL,wta,16662
201312,Sarah,Taylor,R,19811106,USA,wta,140067
201302,Clarisa,Fernandez,L,19810828,ARG,wta,16390
200773,Stephanie,Foretz Gacon,R,19810503,FRA,wta,16108
201327,Angelique,Widjaja,R,19841212,INA,wta,140075
201306,Marie Gaiane,Mikaelian,R,19840303,SUI,wta,140066
201347,Jelena,Jankovic,R,19850228,SRB,wta,4067
201333,Angelika,Roesch,R,19770608,GER,wta,16345
200777,Marta,Marrero,R,19830116,ESP,wta,16241
201297,Maja,Matevzic,L,19800613,SLO,wta,140064
201320,Svetlana,Kuznetsova,R,19850627,RUS,wta,4063
201336,Dinara,Safina,R,19860427,RUS,wta,4064
201354,Libuse,Prusova,R,19790713,CZE,wta,140085
201326,Bahia,Mouhtassine,R,19790823,MAR,wta,140074
201311,Roberta,Vinci,R,19830218,ITA,wta,16160
201321,Antonella,Serra Zanetti,R,19800725,ITA,wta,16513
201360,Julia,Vakulenko,R,19830710,UKR,wta,16085
201344,Klara,Koukalova,R,19820224,CZE,wta,4043
201346,Lubomira,Kurhajcova,R,19831011,SVK,wta,16637
200770,Stephanie,Cohen Aloro,R,19830318,FRA,wta,16103
201294,Marion,Bartoli,R,19841002,FRA,wta,16061
201334,Zuzana,Ondraskova,R,19800503,CZE,wta,16161
201352,Akiko,Morigami,R,19800112,JPN,wta,16098
201345,Maria,Sharapova,R,19870419,RUS,wta,16059
201363,Gisela,Dulko,R,19850130,ARG,wta,4025
201309,Tatiana,Perebiynis,R,19821215,UKR,wta,4082
201207,Ansley,Cargill,L,19820105,USA,wta,140059
201332,Jane,Odonoghue,R,19830329,GBR,wta,140077
201370,Anastasia,Rodionova,R,19820512,AUS,wta,16077
201386,Jie,Zheng,R,19830705,CHN,wta,4038
201310,Martina,Muller,R,19821011,GER,wta,16120
201381,Tian Tian,Sun,R,19811012,CHN,wta,140899
201367,Arantxa,Parra Santonja,R,19821109,ESP,wta,16332
201315,Ashley,Harkleroad,R,19850502,USA,wta,16076
201328,Milagros,Sequera,R,19800930,VEN,wta,4088
201318,Bethanie,Mattek Sands,R,19850323,USA,wta,16069
202310,Shadisha,Robinson,L,19850712,USA,wta,143227
201303,Anne,Keothavong,R,19830916,GBR,wta,16083
201398,Amanda,Keen,L,19780115,GBR,wta,140092
201376,Angela,Haynes,L,19840927,USA,wta,16177
201395,Teryn,Ashley,U,19781212,USA,wta,140091
201307,Amber,Liu,R,19840706,USA,wta,16318
201335,Myriam,Casanova,R,19850620,SUI,wta,140078
201371,Vera,Dushevina,R,19861006,RUS,wta,16072
200753,Cindy,Watson,U,19780324,AUS,wta,140026
201378,Stephanie,Gehrlein,U,19820410,GER,wta,16266
201418,Ting,Li,R,19800105,CHN,wta,16872
201368,Karolina,Sprem,R,19841025,CRO,wta,16214
201380,Claudine,Schaul,R,19830820,LUX,wta,16417
201392,Severine,Beltrame,R,19790814,FRA,wta,33514
201286,Anabel,Medina Garrigues,R,19820731,ESP,wta,4072
201393,Kelly,Mccain,R,19830318,USA,wta,140090
201375,Shenay,Perry,R,19840706,USA,wta,17095
201364,Tatiana,Golovin,R,19880125,FRA,wta,4048
201373,Maria,Kirilenko,R,19870125,RUS,wta,16063
201421,Ana,Ivanovic,R,19871106,SRB,wta,4068
201355,Flavia,Pennetta,R,19820225,ITA,wta,4056
201325,Samantha,Stosur,R,19840330,AUS,wta,4028
201408,Jamea,Jackson,R,19860907,USA,wta,16486
201379,Mara,Santangelo,R,19810628,ITA,wta,4054
201366,Barbora,Zahlavova Strycova,R,19860328,CZE,wta,140905
201308,Maria Elena,Camerin,R,19820321,ITA,wta,16128
201331,Iveta,Benesova,L,19830201,CZE,wta,140902
201480,Lioudmila,Skavronskaia,U,19800323,RUS,wta,140100
201446,Sybille,Bammer,L,19800427,AUT,wta,4030
201409,Michaela,Pastikova,R,19800327,CZE,wta,16238
201391,Sanda,Mamic,U,19850322,CRO,wta,16215
201403,Anna,Chakvetadze,R,19870305,RUS,wta,16060
201400,Nicole,Vaidisova,R,19890423,CZE,wta,4040
201708,Natalie,Grandin,U,19810227,RSA,wta,16290
201407,Evgenia,Linetskaya,R,19861130,ISR,wta,140094
201401,Abigail,Spears,U,19810712,USA,wta,16166
201369,Carly,Gullickson,R,19861126,USA,wta,16309
201416,Alona,Bondarenko,R,19840813,UKR,wta,4080
201420,Sania,Mirza,R,19861115,IND,wta,11588
201394,Anna Lena,Groenefeld,R,19850604,GER,wta,16165
201385,Yuliana,Fedak,R,19830608,UKR,wta,16132
201402,Sesil,Karatantcheva,R,19890808,KAZ,wta,16164
201388,Sophie,Ferguson,R,19860319,AUS,wta,16172
201397,Shuai,Peng,R,19860108,CHN,wta,4037
201411,Aiko,Nakamura,R,19831228,JPN,wta,16105
201632,Ryoko,Fuda,R,19861025,JPN,wta,24756
201425,Lucie,Safarova,L,19870204,CZE,wta,4041
201445,Viktoria,Kutuzova,R,19880819,UKR,wta,16137
201448,Galina,Voskoboeva,R,19841218,KAZ,wta,16092
201424,Shahar,Peer,R,19870501,ISR,wta,4052
201291,Nuria,Llagostera Vives,R,19800516,ESP,wta,4073
201459,Zi,Yan,R,19841112,CHN,wta,4039
202324,Neha,Uberoi,R,19860206,USA,wta,16426
201406,Shikha,Uberoi,R,19830405,IND,wta,16748
201361,Julia,Schruff,R,19820816,GER,wta,16127
201435,Kateryna,Bondarenko,R,19860808,UKR,wta,4081
201455,Elena,Vesnina,R,19860801,RUS,wta,16068
201588,Anna,Tatishvili,R,19900203,GEO,wta,16170
201440,Laura,Pous Tio,U,19841001,ESP,wta,33517
201387,Sofia,Arvidsson,R,19840216,SWE,wta,4074
202135,Vanessa,Henke,R,19810115,GER,wta,16403
200751,Conchita,Martinez Granados,R,19760120,ESP,wta,140025
201438,Ekaterina,Bychkova,U,19850605,RUS,wta,16106
201475,Ahsha,Rolle,U,19850321,USA,wta,16142
201441,Emma,Laine,L,19860326,FIN,wta,16366
201479,Olga,Puchkova,U,19870927,RUS,wta,16119
201433,Sarah,Borwell,R,19790820,GBR,wta,16301
201469,Melanie,South,R,19860503,GBR,wta,16150
201503,Ayumi,Morita,R,19900311,JPN,wta,4058
201396,Katie,Obrien,R,19860502,GBR,wta,143237
201349,Melinda,Czink,L,19821022,HUN,wta,16123
201450,Tsvetana,Pironkova,R,19870913,BUL,wta,4035
201499,Anastasia,Pavlyuchenkova,R,19910703,RUS,wta,16087
201452,Lourdes,Dominguez Lino,R,19810331,ESP,wta,16101
201457,Jarmila,Gajdosova,R,19870426,AUS,wta,140099
201460,Meng,Yuan,U,19860509,CHN,wta,16114
201456,Olga,Savchuk,R,19870920,UKR,wta,16121
201473,Vasilisa,Bardina,R,19871130,RUS,wta,17042
201348,Casey,Dellacqua,L,19850211,AUS,wta,4029
202361,Erika,Takao,R,19871012,JPN,wta,16240
201472,Romina,Oprandi,R,19860329,SUI,wta,28114
200746,Sandra,Kloesel,R,19790622,GER,wta,16122
201504,Julia,Goerges,R,19881102,GER,wta,16095
201497,Agnes,Szavay,R,19881229,HUN,wta,4051
201414,Michaella,Krajicek,R,19890109,NED,wta,16113
201495,Dominika,Cibulkova,R,19890506,SVK,wta,4070
201478,Varvara,Lepchenko,L,19860521,USA,wta,16147
201442,Yung Jan,Chan,R,19890817,TPE,wta,3995
201431,Aravane,Rezai,R,19870314,FRA,wta,16078
201356,Eva,Birnerova,R,19840814,CZE,wta,16377
201481,Tamira,Paszek,R,19901206,AUT,wta,16096
201474,Agnieszka,Radwanska,R,19890306,POL,wta,4061
201501,Olga,Govortsova,R,19880823,BLR,wta,4032
201493,Angelique,Kerber,L,19880118,GER,wta,16130
201471,Naomi,Cavaday,L,19890424,GBR,wta,16188
201482,Andreja,Klepac,R,19860313,SLO,wta,16100
201447,Vania,King,R,19890303,USA,wta,16099
202376,Raquel,Kops Jones,U,19821208,USA,wta,143238
201486,Aleksandra,Wozniak,R,19870907,CAN,wta,16086
201468,Yaroslava,Shvedova,R,19870912,KAZ,wta,16116
201458,Victoria,Azarenka,R,19890731,BLR,wta,4034
201301,Camille,Pin,U,19810825,FRA,wta,16079
201462,Alberta,Brianti,R,19800405,ITA,wta,16179
201466,Kaia,Kanepi,R,19850610,EST,wta,4045
200014,Tzipi,Obziler,R,19730419,ISR,wta,11607
201498,Karin,Knapp,R,19870628,ITA,wta,16067
201524,Urszula,Radwanska,R,19901207,POL,wta,16149
201513,Sabine,Lisicki,R,19890922,GER,wta,16081
201505,Ekaterina,Makarova,L,19880607,RUS,wta,16070
201512,Monica,Niculescu,R,19870925,ROU,wta,16082
201510,Julie,Ditty,L,19790104,USA,wta,16107
201496,Caroline,Wozniacki,R,19900711,DEN,wta,4044
201384,Chia Jung,Chuang,R,19850110,TPE,wta,143239
201541,Chanelle,Scheepers,R,19840313,RSA,wta,16175
201417,Marta,Domachowska,R,19860116,POL,wta,4060
201365,Edina,Gallovits Hall,R,19841210,ROU,wta,16080
201427,Alize,Cornet,R,19900122,FRA,wta,4047
201506,Sara,Errani,R,19870429,ITA,wta,4055
201514,Sorana,Cirstea,R,19900407,ROU,wta,4062
201490,Timea,Bacsinszky,R,19890608,SUI,wta,4075
201508,Petra,Cetkovska,R,19850208,CZE,wta,16071
202399,Margit,Ruutel,R,19830904,EST,wta,16157
202301,Sunitha,Rao,R,19851027,IND,wta,16146
201520,Petra,Kvitova,L,19900308,CZE,wta,16073
201454,Akgul,Amanmuradova,R,19840623,UZB,wta,4087
201485,Alla,Kudryavtseva,R,19871103,RUS,wta,16104
201523,Marina,Erakovic,R,19880306,NZL,wta,4059
201477,Stephanie,Dubois,R,19861031,CAN,wta,16112
201494,Raluca,Olaru,R,19890303,ROU,wta,16134
201518,Yanina,Wickmayer,R,19891020,BEL,wta,16074
201430,Yulia,Fedossova,R,19880701,FRA,wta,143240
202400,Anna,Fitzpatrick,R,19890406,GBR,wta,16356
202401,Amanda,Elliott,R,19891101,GBR,wta,16315
201515,Alisa,Kleybanova,R,19890715,RUS,wta,16065
201547,Michelle,Larcher De Brito,R,19930129,POR,wta,16217
201443,Alexa,Glatch,R,19890910,USA,wta,16230
201552,Mallory,Cecil,U,19900718,USA,wta,16605
201287,Maria Jose,Martinez Sanchez,L,19820812,ESP,wta,11595
201546,Anna,Lapushchenkova,U,19861024,RUS,wta,16109
201412,Anastasia,Yakimova,R,19861101,BLR,wta,140906
201543,Emelyn,Starr,R,19891111,AUS,wta,16640
201531,Mariana,Duque Marino,R,19890812,COL,wta,16143
201483,Madison,Brengle,R,19900403,USA,wta,16272
201532,Anastasia,Pivovarova,R,19900616,RUS,wta,16159
201545,Anastasija,Sevastova,U,19900413,LAT,wta,16274
201528,Melanie,Oudin,R,19910923,USA,wta,16261
201516,Evgeniya,Rodina,R,19890204,RUS,wta,16090
201489,Mariya,Koryttseva,R,19850525,UKR,wta,4083
201553,Lenka,Wienerova,R,19880423,SVK,wta,16281
201517,Magdalena,Rybarikova,R,19881004,SVK,wta,16102
201527,Stefanie,Voegele,R,19900310,SUI,wta,16148
201526,Julie,Coin,R,19821202,FRA,wta,16182
201648,Naomi,Broady,R,19900228,GBR,wta,16543
201521,Carla,Suarez Navarro,R,19880903,ESP,wta,4071
201575,Hilary,Barte,U,19881117,USA,wta,16732
201578,Kai Chen,Chang,R,19910113,TPE,wta,143241
201492,Andrea,Petkovic,R,19870909,GER,wta,16181
201537,Patricia,Mayr Achleitner,R,19861108,AUT,wta,143242
201569,Georgie,Gent,R,19880113,GBR,wta,143243
201583,Yana,Buchina,R,19920207,RUS,wta,17014
201584,Ksenia,Pervak,L,19910527,KAZ,wta,16205
201539,Christina,Mchale,R,19920511,USA,wta,16548
201586,Heather,Watson,R,19920519,GBR,wta,33890
201589,Sharon,Fichman,R,19901203,CAN,wta,16280
201590,Alison,Riske,R,19900703,USA,wta,16621
201410,Monique,Adamczak,R,19830121,AUS,wta,16178
201426,Pauline,Parmentier,R,19860131,FRA,wta,4049
201595,Misaki,Doi,L,19910429,JPN,wta,16959
201663,Ekaterina,Dzehalevich,U,19860503,BLR,wta,16154
201470,Kristina,Barrois,R,19810930,GER,wta,16153
201484,Sandra,Zahlavova,U,19851010,CZE,wta,16216
201573,Laura,Robson,L,19940121,GBR,wta,29596
201572,Regina,Kulikova,R,19890130,RUS,wta,16191
201465,Kirsten,Flipkens,R,19860110,BEL,wta,16136
201567,Alexandra,Dulgheru,R,19890530,ROU,wta,16252
201597,Kurumi,Nara,R,19911230,JPN,wta,31311
201535,Coco,Vandeweghe,R,19911206,USA,wta,16501
201610,Zarina,Diyas,R,19931018,KAZ,wta,30095
201611,Daria,Gavrilova,R,19940305,AUS,wta,36633
201570,Vesna,Dolonc,R,19890721,SRB,wta,40649
201511,Ekaterina,Ivanova,R,19871218,RUS,wta,16162
201555,Polona,Hercog,R,19910120,SLO,wta,16199
