100087,John,Newcombe,R,19440523,AUS,atp,137337
110066,Allen,Quay,R,,USA,atp,137338
100023,Ramanathan,Krishnan,R,19370411,IND,atp,137339
109966,Warren,Jacques,R,19380310,AUS,atp,137340
109816,E Victor,Seixas,R,19230830,USA,atp,137341
100127,Tom,Gorman,R,19461219,USA,atp,137342
109932,Charles,Mckinley,R,19410105,USA,atp,137344
109982,William,Tym,R,,USA,atp,137345
100060,Marty,Riessen,R,19411204,USA,atp,137346
100141,Zeljko,Franulovic,R,19470613,CRO,atp,137347
100011,Torben,Ulrich,L,19321004,DEN,atp,137350
110067,Cliff,Montgomery,R,,USA,atp,137351
100217,Robert,Mckinley,R,19500805,USA,atp,137353
109989,Ron,Goldman,R,,USA,atp,137354
100115,Jaime,Fillol,R,19460603,CHI,atp,137355
100108,Chris,Bovett,R,19451225,GBR,atp,137356
100078,Clark,Graebner,R,19431104,USA,atp,137357
100051,Premjit,Lall,R,19401020,IND,atp,137358
100049,Jim,Mcmanus,L,19400916,USA,atp,137359
100116,Sherwood,Stewart,R,19460606,USA,atp,137360
109938,Tom,Mozur,R,,USA,atp,137361
109763,Eduardo,Zuleta,R,,ECU,atp,137362
100058,Roger,Taylor,L,19411014,GBR,atp,137363
109766,Frank,Tutvin,R,,USA,atp,137364
109848,Danny,Obryant,R,,USA,atp,137366
110068,Paul,Cranis,R,,USA,atp,137367
100205,Paul,Gerken,R,19500315,USA,atp,137368
109977,William,Harris,R,19470114,USA,atp,137369
100088,Patricio,Cornejo,R,19440606,CHI,atp,137370
100163,Tom,Leonard,R,19480715,USA,atp,137371
100027,Gene,Scott,R,19371228,USA,atp,137372
100209,George,Taylor,R,19500504,USA,atp,137373
100037,Nikola,Pilic,L,19390827,CRO,atp,137374
100117,Butch,Seewagen,R,19460613,USA,atp,137375
100145,Dick,Dell,R,19470929,USA,atp,137376
109985,Tico,Carrero,R,19480904,PUR,atp,137377
100061,Tom,Edlefsen,R,19411212,USA,atp,137378
110069,Billy,Knight,L,19351112,GBR,atp,137380
100081,Charlie,Pasarell,R,19440212,USA,atp,137381
100151,Karl,Coombes,R,19471217,AUS,atp,137382
100102,Joaquin Loyo,Mayo,R,19450816,MEX,atp,137383
100583,Jeff,Robbins,R,19590301,USA,atp,137384
109935,John,Sharpe,R,19390518,AUS,atp,137385
100132,Armistead,Neely,R,19470319,USA,atp,137386
100104,D Richard,Russell,R,19450908,JAM,atp,137387
100157,Stanley,Pasarell,R,19480211,USA,atp,137388
100069,Dennis,Ralston,R,19420727,USA,atp,137389
109811,Chauncey,Steele Iii,R,,USA,atp,137391
100094,Jim,Osborne,R,19450201,USA,atp,137392
100018,Barry,Mackay,R,19350831,USA,atp,137393
109823,Ron,Holmberg,R,19380127,USA,atp,137394
100136,Humphrey,Hose,R,19470504,VEN,atp,137395
100144,Robert,Lutz,R,19470829,USA,atp,137396
100096,Peter,Burwash,R,19450210,CAN,atp,137397
100121,Raymond,Moore,R,19460824,RSA,atp,137398
100026,Andres,Gimeno,R,19370803,ESP,atp,137400
100147,Marcello,Lara,R,19471005,MEX,atp,137401
109919,Paul,Sullivan,R,,USA,atp,137402
100229,Dick,Stockton,R,19510218,USA,atp,137403
110070,Robert,Perry,R,19330317,USA,atp,137404
109936,Antonio,Palafox,R,,MEX,atp,137405
100231,Erik,Van Dillen,R,19510221,USA,atp,137406
100016,Ken,Rosewall,R,19341102,AUS,atp,137407
109859,Jimmy,Parker,R,19430306,USA,atp,137409
100029,Rod,Laver,L,19380809,AUS,atp,137410
100099,Thomaz,Koch,L,19450511,BRA,atp,137411
100002,Pancho,Segura,R,19210620,ECU,atp,137412
107217,Ian,Crookenden,R,,NZL,atp,137413
100055,Cliff,Drysdale,R,19410526,RSA,atp,137414
100010,Luis,Ayala,R,19320918,CHI,atp,137415
100105,Allan,Stone,R,19451014,AUS,atp,137416
109934,Lew,Gerrard,R,,NZL,atp,137417
100074,Arthur,Ashe,R,19430710,USA,atp,137418
110063,Frank,Parker,R,19160131,USA,atp,137419
109743,Paul,Hutchins,R,19450405,GBR,atp,137420
100196,Haroon,Rahim,R,19491112,PAK,atp,137421
100022,Roy,Emerson,R,19361103,AUS,atp,137422
100015,Sammy,Giammalva,R,19340801,USA,atp,137423
100186,Jeff,Borowiak,R,19490925,USA,atp,137424
110071,Ned,Weld,R,,USA,atp,137425
109803,John,Brown,R,19400712,AUS,atp,137426
109752,Ingo,Buding,R,19420109,GER,atp,137427
100103,Peter,Curtis,R,19450829,GBR,atp,137428
100030,Fred,Stolle,R,19381008,AUS,atp,137429
100057,Pierre,Barthes,R,19410913,FRA,atp,137430
100143,Peter,Fishbach,R,19470829,USA,atp,137431
100084,Tom,Okker,R,19440222,NED,atp,137432
109798,Lenny,Schloss,R,,USA,atp,137433
100017,Mal,Anderson,R,19350303,AUS,atp,137434
109749,Pancho,Guzman,R,19460524,ECU,atp,137435
100005,Richard Pancho,Gonzales,R,19280509,USA,atp,137436
100053,Colin,Stubs,R,19410227,AUS,atp,137437
100020,Alejandro,Olmedo,R,19360324,PER,atp,137438
100138,Dan,Bleckinger,R,19470527,USA,atp,137439
100100,Tony,Roche,L,19450517,AUS,atp,137440
100126,Stan,Smith,R,19461214,USA,atp,137441
100004,Giuseppe,Merlo,R,19271011,ITA,atp,137442
100113,Jan,Kodes,R,19460301,CZE,atp,137443
100162,Brian,Fairlie,R,19480613,NZL,atp,137444
109814,Donald,Dell,R,19380617,USA,atp,137445
100068,Herb,Fitzgibbon,R,19420714,USA,atp,137446
100073,Mark,Cox,L,19430705,GBR,atp,137447
109818,Gordon,Forbes,R,19340221,RSA,atp,137448
109777,Alan,Fox,R,19390625,USA,atp,137449
110202,Roger,Becker,R,19340206,GBR,atp,137450
100077,Daniel,Contet,R,19431103,FRA,atp,137451
100120,Robert,Maud,R,19460812,RSA,atp,137452
106867,Derek,Schroder,R,,RSA,atp,137453
100092,Alex,Metreveli,R,19441102,RUS,atp,137454
100174,Manuel,Orantes,L,19490206,ESP,atp,137455
100089,Patrice,Beust,R,19440903,FRA,atp,137456
100203,Phil,Dent,R,19500214,AUS,atp,137457
100128,Cliff,Richey,R,19461231,USA,atp,137458
100025,Barry,Phillips Moore,R,19370709,AUS,atp,137459
109812,Jan,Leschly,L,19400911,DEN,atp,137460
100054,Jose,Mandarino,R,19410326,BRA,atp,137461
100075,Owen,Davidson,L,19431004,AUS,atp,137462
100244,John,Alexander,R,19510704,AUS,atp,137463
100067,Frew,Mcmillan,R,19420520,RSA,atp,137464
100152,David,Lloyd,R,19480103,GBR,atp,137465
109768,Pierre,Darmon,R,19340114,FRA,atp,137466
100065,Terry,Ryan,R,19420427,RSA,atp,137467
109819,Keith,Wooldridge,R,,GBR,atp,137468
100148,Ismail,El Shafei,R,19471115,EGY,atp,137469
100098,Ove Nils,Bengtson,R,19450405,SWE,atp,137470
109879,Jose Luis,Arillla,R,,ESP,atp,137471
109795,Keith,Carpenter,R,19410803,CAN,atp,137472
100035,Ion,Tiriac,R,19390509,ROU,atp,137473
109813,Ken,Fletcher,R,19400615,AUS,atp,137474
100032,Patricio,Rodriguez CHI,R,19381220,CHI,atp,137475
109759,Michael,Sangster,R,19400911,GBR,atp,137476
109762,Carlos,Fernandez,R,,BRA,atp,137477
100159,Vladimir,Korotkov,R,19480423,RUS,atp,137478
109815,Stanley,Matthews,R,19451120,GBR,atp,137479
100110,Terry,Addison,R,19460111,AUS,atp,137480
110184,Robert,Haillet,R,,FRA,atp,137481
100097,Nicholas,Kalogeropoulos,R,19450218,GRE,atp,137482
110021,Raul,Peralta,R,19400617,ARG,atp,137483
109783,Bob,Howe,R,19250803,AUS,atp,137484
100139,Gerald,Battrick,R,19470527,GBR,atp,137485
100071,Jean Claude,Barclay,R,19421230,FRA,atp,137486
100134,Roy,Barth,R,19470330,USA,atp,137487
109821,Jorgen,Ulrich,R,19350821,DEN,atp,137488
109825,Koji,Watanabe,R,,JPN,atp,137489
100106,Graham,Stilwell,R,19451115,GBR,atp,137490
100044,Sergei,Likhachev,R,19400320,RUS,atp,137491
100028,Manuel,Santana,R,19380510,ESP,atp,137492
100085,Hans Jaochim,Plotz,R,19440226,GER,atp,137493
100161,Jurgen,Fassbender,R,19480528,GER,atp,137494
110052,Geoff,Bluett,R,19410520,GBR,atp,137495
100012,Nicola,Pietrangeli,R,19330911,ITA,atp,137496
107129,Graydon,Garner,R,,RSA,atp,137497
109784,Lance,Lumsden,R,,JAM,atp,137498
109775,Robert,Wilson,R,19351122,GBR,atp,137499
100090,Dick,Crealy,R,19440918,AUS,atp,137500
100070,Jan,Kukal,R,19420913,CZE,atp,137501
100083,Nicola,Spear,R,19440222,SRB,atp,137502
100079,Bill,Bowrey,R,19431225,AUS,atp,137503
100019,Wieslaw,Gasiorek,R,19360113,POL,atp,137504
100009,Istvan,Gulyas,R,19311014,HUN,atp,137505
100160,Georges,Goven,R,19480426,FRA,atp,137506
110203,Pancho,Castillo,R,,COL,atp,137507
109822,Thomas,Lejus,R,19410828,RUS,atp,137508
100047,Bob,Carmichael,R,19400704,AUS,atp,137509
100076,Milan,Holecek,R,19431023,CZE,atp,137510
100048,Earl Butch,Buchholz,R,19400916,USA,atp,137511
100040,Bob,Hewitt,R,19400112,RSA,atp,137512
109748,John,Barrett,L,19310417,GBR,atp,137513
110180,Gaetano,Di Maso,R,,ITA,atp,137514
109745,Lew,Hoad,R,19341123,AUS,atp,137515
107264,Jaidip,Mukherjea,R,,IND,atp,137516
110048,Clay,Iles,R,19421207,GBR,atp,137517
109760,Jean,Courcol,R,,FRA,atp,137518
100114,Ray,Ruffels,R,19460323,AUS,atp,137519
110204,Michael,Davies,R,19360109,GBR,atp,137520
100111,Ray,Keldie,R,19460117,AUS,atp,137521
100135,Onny,Parun,R,19470415,NZL,atp,137522
109820,Alan,Mills,R,19351106,GBR,atp,137523
100123,Patrick,Hombergen,R,19460908,BEL,atp,137524
100007,Abe,Segal,L,19301023,RSA,atp,137525
100038,Jaime,Pinto Bravo,R,19391009,CHI,atp,137526
109742,Berry,Geraghty,R,,AUS,atp,137527
100129,Jean Baptiste,Chanfreau,R,19470117,FRA,atp,137528
107001,Fernando,Gentil,R,,BRA,atp,137529
108342,Tadeusz,Nowicki,R,,POL,atp,137530
109744,Sergio,Tacchini,R,,ITA,atp,137531
100185,Patrick,Proisy,R,19490910,FRA,atp,137532
109746,Michele,Leclercq,R,,FRA,atp,137533
100062,Francois,Jauffret,R,19420209,FRA,atp,137534
109747,Reyno,Summers,R,,RSA,atp,137535
108407,Tom,Christensen,R,,DEN,atp,137536
100033,Wilhelm,Bungert,R,19390401,GER,atp,137537
106491,Alexander,Marcial,R,,PHI,atp,137538
109750,Gerald,Pilet,R,,FRA,atp,137539
108579,Zlatko,Ivancic,R,,CRO,atp,137540
106910,Eddie,Cruz,R,,PHI,atp,137541
109751,Sever,Dron,R,,ROU,atp,137542
100039,Boro,Jovanovic,R,19391021,CRO,atp,137543
109753,Pierre,Jauffret,R,,FRA,atp,137544
108017,Pierre,Joly,R,,FRA,atp,137545
109754,Petr,Strobl,R,,CZE,atp,137546
100118,Ivan,Molina,L,19460616,COL,atp,137547
109755,V,Kazarevitch,R,,RUS,atp,137548
109756,Ference,Komaromi,R,,HUN,atp,137549
109757,Detler,Herdy,R,19411013,AUT,atp,137550
109758,Christian,Duxin,R,,FRA,atp,137551
100119,Ilie,Nastase,R,19460719,ROU,atp,137552
107312,Jean Pierre,Olivier,R,,FRA,atp,137553
100031,Dimitri,Sturdza,R,19381110,SUI,atp,137554
106922,Eduardo,Gorostagia,R,,BOL,atp,137555
109761,Eric,Drossart,R,19420221,BEL,atp,137556
106616,Bernard,Montrenaud,R,,FRA,atp,137557
108085,Richard,Hawkes,R,,NZL,atp,137558
109764,Bernard,Paul,R,,FRA,atp,137559
109765,Marco,Gilardelli,R,,ITA,atp,137560
109767,Claude,De Gronckel,R,,BEL,atp,137561
109769,Norm,Perry,R,19380510,USA,atp,137562
100178,Bob,Giltinan,R,19490407,AUS,atp,137563
107993,Peter,Pokorny,R,,AUT,atp,137564
107791,Michal,Lewandowski,L,,POL,atp,137565
109770,Joseph,Mateo,R,,FRA,atp,137566
109771,Jairo,Velasco,R,19470509,ESP,atp,137567
109772,Sergio,Palmieri,R,19451128,ITA,atp,137568
109773,Bernard,De Troye,R,,FRA,atp,137569
107309,Jean Loup,Rouyer,R,,FRA,atp,137570
109774,George,Deniau,R,,FRA,atp,137571
107342,Jim,Moore,R,,AUS,atp,137572
100064,Juan,Gisbert,R,19420405,ESP,atp,137573
100021,Ashley,Cooper,R,19360915,AUS,atp,137574
100059,Isao,Watanabe,R,19411123,JPN,atp,137575
100277,Jacques,Thamin,R,19520523,FRA,atp,137576
109776,Jean Claude,Molinari,R,,FRA,atp,137577
109778,Alfredo,Acuna,U,19461122,PER,atp,137578
109780,Lars,Olander,R,,SWE,atp,137579
109779,Adrian,Pena,R,,COL,atp,137580
109781,Peter,Marmureanu,R,19410620,ROU,atp,137581
109782,William,Alvarez,R,19341215,COL,atp,137582
100169,Ian,Fletcher,R,19481201,AUS,atp,137583
109804,Rod,Brent,R,,AUS,atp,137584
100014,Trevor,Fancutt,R,19340714,RSA,atp,137585
109792,Vittorio,Crotta,R,,ITA,atp,137586
100158,John,Bartlett,R,19480317,AUS,atp,137587
106562,Anthony,Hammond,R,,AUS,atp,137588
100201,Syd,Ball,R,19500124,AUS,atp,137589
108021,Pietro,Marzano,R,,ITA,atp,137590
100227,Alvin,Gardiner,R,19510211,AUS,atp,137591
110039,Sutarjo,Sugiarto,R,,IND,atp,137592
100214,Adriano,Panatta,R,19500709,ITA,atp,137593
110349,Marc,Bolle,R,19490624,BEL,atp,137594
107728,Massimo,Di Domenico,R,,ITA,atp,137595
110350,Harold,Hunt,R,,AUS,atp,137596
100257,Ross,Case,R,19511101,AUS,atp,137597
108012,Piero,Toci,R,,ITA,atp,137598
100125,John,Cooper,R,19461104,AUS,atp,137599
100219,Geoff,Masters,R,19500919,AUS,atp,137600
100045,John,Paish,L,19400323,GBR,atp,137601
100112,John,Clifton,R,19460219,GBR,atp,137602
109817,Stefan,Koudelka,R,,CZE,atp,137603
100234,Allan,Mcdonald,R,19510301,AUS,atp,137604
100052,Keishiro,Yanagi,R,19410224,JPN,atp,137605
100063,William,Higgins,R,19420402,USA,atp,137606
100267,Rayno,Seegers,R,19520229,RSA,atp,137607
109824,Julian,Krinsky,R,,RSA,atp,137608
100312,Chiraid,Mukherjea,R,19530814,IND,atp,137609
106968,Eugenio,Castigliano,R,,ITA,atp,137610
109928,Luis,Garcia,U,,UNK,atp,137611
109929,John,Hammill,R,19410825,RSA,atp,137612
109930,Michael,Sprenglemeyer,R,19460706,USA,atp,137613
100072,Bailey,Brown,R,19430615,USA,atp,137614
107799,Miguel,Olvera,R,,ECU,atp,137615
109931,Richard,Leach,R,19400306,USA,atp,137616
109933,Martin,Carlstein,U,,SWE,atp,137617
100133,Pat,Cramer,R,19470321,RSA,atp,137618
100181,Larry,Turville,R,19490604,USA,atp,137619
108052,Rauty,Krog,R,,RSA,atp,137620
100182,Mike,Estep,R,19490719,USA,atp,137621
107760,Max,Senior,R,,AUS,atp,137622
109937,Robert,Potthast,R,,USA,atp,137623
106583,Armando,Cornejo,R,,CHI,atp,137624
109857,Brian,Cheney,R,,USA,atp,137625
100212,Franklin,Robbins,R,19500613,USA,atp,137626
100250,Woody,Blocher,R,19510824,USA,atp,137627
100036,Rudy,Hernando,R,19390610,USA,atp,137628
100101,Mike,Belkin,R,19450629,CAN,atp,137629
100255,Roscoe,Tanner,L,19511015,USA,atp,137630
100156,Jasjit,Singh,R,19480204,IND,atp,137631
109939,Ted,Hoehn,R,,USA,atp,137632
100137,Han Jurgen,Pohmann,R,19470523,GER,atp,137633
107825,Mohammad Hossein,Akbari,R,,IRI,atp,137634
108343,Taghi,Akbari,R,,IRI,atp,137635
110181,Hans,Nerell,R,,SWE,atp,137636
100050,Martin,Mulligan,R,19401018,AUS,atp,137637
110182,L,Palman,R,,UNK,atp,137638
109960,Harry,Fauquier,R,19420101,CAN,atp,137639
106971,Ezio,Di Matteo,R,,ITA,atp,137640
110183,Francois,Pierson,R,,FRA,atp,137641
100130,Vladimir,Zednik,R,19470201,CZE,atp,137642
106564,Anton,Ivanov,R,,UZB,atp,137643
107796,Miecyslav,Rybarczyk,R,,POL,atp,137644
110130,Andrzej,Licis,R,,POL,atp,137645
100175,Zan,Guerry,R,19490212,USA,atp,137646
110185,Michael,Hickey,R,,IRL,atp,137647
110186,Davor,Stolcer,R,,YUG,atp,137648
109799,Geoff,Pollard,R,19340118,AUS,atp,137649
109800,Mathias,Werren,R,19440509,SUI,atp,137650
109801,Ken,Stuart,R,,USA,atp,137651
109802,Allen,Shapter,R,19411105,AUS,atp,137652
100225,Peter,Doerner,R,19501117,AUS,atp,137653
100091,Colin,Dibley,R,19440919,AUS,atp,137654
100003,Frank,Sedgman,R,19271002,AUS,atp,137655
100041,Ned,Neely,R,19400114,USA,atp,137656
109805,Ian,Bidmeade,R,,AUS,atp,137657
107311,Jean Paul,Meyer,R,,FRA,atp,137658
100142,Peter,Szoke,R,19470808,HUN,atp,137659
110018,Keith,Diepraam,R,19420911,RSA,atp,137660
100176,Hans,Kary,L,19490223,AUT,atp,137661
110019,Francois,Matheu,R,,FRA,atp,137662
100346,Paul,Kronk,R,19540922,AUS,atp,137663
100080,Szabolcz,Baranyi,R,19440131,HUN,atp,137664
109891,Hakar,Zahr,R,,SWE,atp,137665
100193,Wanaro,Ngodrella,R,19491019,FRA,atp,137666
106517,Anatoli,Volkov,R,,RUS,atp,137667
107140,Greg,Perkins,R,,AUS,atp,137668
100056,Harald,Elschenbroich,R,19410619,GER,atp,137669
108360,Teimuraz,Kakoulia,R,,RUS,atp,137670
100179,Karl,Meiler,R,19490430,GER,atp,137671
100173,Andrew,Pattison,R,19490130,USA,atp,137672
110020,Jean,Lovera,R,,FRA,atp,137673
100237,Bill,Freer,R,19510309,RSA,atp,137674
100086,Frantisek,Pala,L,19440328,CZE,atp,137675
109878,Franco,Bartoni,R,19481004,ITA,atp,137676
100107,Robert,Rheinberger,R,19451118,AUS,atp,137677
100271,Jean Francois,Caujolle,L,19520331,FRA,atp,137678
100109,Jun,Kuki,R,19451228,JPN,atp,137679
100235,Antonio,Munoz,R,19510301,ESP,atp,137680
108118,Robert,Machan,R,,HUN,atp,137681
107092,Geza,Varga,R,,HUN,atp,137682
100284,Jimmy,Connors,L,19520902,USA,atp,137683
109887,Ma,Ilahi,R,,PAK,atp,137684
100243,Steve,Krulevitz,R,19510530,USA,atp,137685
109996,Bob,Alloo,R,19490507,USA,atp,137686
100172,Modesto Tito,Vazquez,R,19490101,ESP,atp,137687
109881,Atet,Wijono,R,,IND,atp,137688
100226,Mike,Machette,R,19510127,USA,atp,137689
110212,King,Van Nostrand,R,,USA,atp,137690
100272,Sandy,Mayer,R,19520405,USA,atp,137691
100093,William,Brown,R,19450114,USA,atp,137692
100261,Brian,Gottfried,R,19520127,USA,atp,137693
100066,Frank,Froehling,R,19420519,USA,atp,137694
100204,Pancho,Walthall,R,19500216,USA,atp,137695
109927,G Turner,Howard,R,19470724,USA,atp,137696
100282,Guillermo,Vilas,L,19520817,ARG,atp,137697
100082,Roger,Dowdeswell,R,19440216,ZIM,atp,137698
109838,Henry Hank,Irvine,R,19430901,ZIM,atp,137699
109914,Jackie,Saul,R,,RSA,atp,137700
100289,Byron,Bertram,R,19521029,RSA,atp,137701
100317,Stephen,Warboys,R,19531025,GBR,atp,137702
109884,Mervyn,Rose,L,19300123,AUS,atp,137703
100266,John,Feaver,R,19520216,GBR,atp,137704
107898,Osamu,Ishiguro,R,,JPN,atp,137705
100245,Jeff,Austin,R,19510705,USA,atp,137706
107378,John,Burrman,R,,USA,atp,137707
100215,Fred,Mcnair,R,19500722,USA,atp,137708
106634,Bob,Brien,R,,USA,atp,137709
109988,Dick,Knight,R,19480515,USA,atp,137710
100304,Robert,Kreiss,R,19530430,USA,atp,137711
100150,Lito,Alvarez,R,19471205,ARG,atp,137712
109835,John,Gardner,R,,AUS,atp,137713
106951,Eric,Baer,R,,USA,atp,137714
107810,Mike,Kreiss,R,,USA,atp,137715
100149,Toshiro,Sakai,R,19471123,JPN,atp,137716
100342,Vitas,Gerulaitis,R,19540726,USA,atp,137717
100124,Steve,Turner,R,19461017,USA,atp,137718
100140,Steve,Faulk,R,19470601,USA,atp,137719
100206,Kenichi,Hirai,R,19500319,JPN,atp,137720
100190,Norman,Holmes,R,19491005,USA,atp,137721
100281,Sashi,Menon,R,19520809,IND,atp,137722
100309,Raul,Ramirez,R,19530620,MEX,atp,137723
109875,Victor,Egorov,R,,UKR,atp,137724
109876,Peter,Lamp,R,,RUS,atp,137725
109877,Rainer,Kuhlmey,R,,GER,atp,137726
109880,Hendrick,Sepp,R,,RUS,atp,137727
107436,Jose,Guerrero,R,,ESP,atp,137728
100297,Corrado,Barazzutti,R,19530219,ITA,atp,137729
100199,Patrice,Dominguez,L,19500112,FRA,atp,137730
108477,Vincenzo,Franchitti,R,,ITA,atp,137731
100220,Jiri,Hrebec,R,19500919,CZE,atp,137732
100200,Antonio,Zugarelli,R,19500117,ITA,atp,137733
100167,Sever,Muresan,R,19481023,ROU,atp,137734
110017,John,Mcdonald,R,19310204,NZL,atp,137735
100270,Anand,Amritraj,R,19520320,IND,atp,137736
100223,Jeff,Simpson,R,19501029,NZL,atp,137737
100273,Kim,Warwick,R,19520408,AUS,atp,137738
109837,John,De Mendoza,R,19490822,GBR,atp,137739
108525,William,Durham,R,,AUS,atp,137740
108304,Stephen,Myers,R,,AUS,atp,137741
100013,Neale,Fraser,L,19331003,AUS,atp,137742
108519,William,Coghlan,R,,AUS,atp,137743
100859,Robert,Casey C100,R,19620916,AUS,atp,137744
109954,John,Stephens,R,,AUS,atp,137745
100180,Bill,Lloyd,R,19490507,AUS,atp,137746
107518,Kiyoski,Tanabe,R,,JPN,atp,137747
107780,Michael,Phillips,R,,AUS,atp,137748
100236,John,James,R,19510307,AUS,atp,137749
100285,Rod,Frawley,R,19520908,AUS,atp,137750
107123,Graeme,Thomson,R,,AUS,atp,137751
107488,Keith,Hancock,R,,AUS,atp,137752
100265,Cliff,Letcher,R,19520209,AUS,atp,137753
110365,Alan,Haswell,R,,AUS,atp,137754
100461,Billy,Martin,R,19561225,USA,atp,137755
100216,Charles,Owens,R,19500731,USA,atp,137756
100301,Jim,Delaney,R,19530312,USA,atp,137757
100146,Jun,Kamiwazumi,R,19471001,JPN,atp,137758
109847,Fritz,Schunck,R,,USA,atp,137759
100299,James Chico,Hagey,R,19530225,USA,atp,137760
100345,Pat,Dupre,R,19540916,USA,atp,137761
100321,Vijay,Amritraj,R,19531214,IND,atp,137762
100298,George,Hardie,L,19530219,USA,atp,137763
100232,Eddie,Dibbs,R,19510223,USA,atp,137764
100251,Grover Raz,Reid,R,19510827,USA,atp,137765
100286,Harold,Solomon,R,19520917,USA,atp,137766
109834,Dan,Birchmore,R,,USA,atp,137767
100363,Jiri,Granat,R,19550128,CZE,atp,137768
100170,Bernard,Mignot,R,19481203,BEL,atp,137769
100249,Paolo,Bertolucci,R,19510803,ITA,atp,137770
100824,Peter,Bastiansen,R,19620503,DEN,atp,137771
109836,Ken,Weatherley,R,19471124,GBR,atp,137772
110113,Andre,Van Der Merwe A,U,,RSA,atp,137773
100208,Dick R,Bohrnstedt,R,19500428,USA,atp,137774
100376,Buster C,Mottram,R,19550425,GBR,atp,137775
108124,Robert,Stock,R,,USA,atp,137776
110412,Robert,Clarke,R,,NZL,atp,137777
100278,Frank,Gebert,R,19520611,GER,atp,137778
100382,Chris,Kachel,R,19550619,AUS,atp,137779
100332,Balazs,Taroczy,R,19540509,HUN,atp,137780
106535,Andres,Battad,R,,PHI,atp,137781
100184,Lars,Elvstrom,R,19490818,DEN,atp,137782
100195,Nicolas,Kelaidis,R,19491029,GRE,atp,137783
100331,Jean Louis,Haillet,R,19540507,FRA,atp,137784
110102,Phil,Siviter,R,19530316,GBR,atp,137785
108131,Roberto,Chavez,R,,MEX,atp,137786
107235,Ionel,Santeiu,R,,ROU,atp,137787
100359,Richard,Lewis,L,19541206,GBR,atp,137788
110246,Joe,Mesmer,R,,USA,atp,137789
106456,Akshai,Misra,R,,IND,atp,137790
107425,Jose,Moreno,R,,ESP,atp,133275
100242,Mike,Collins,R,19510501,GBR,atp,137791
100288,Tenny,Svensson,R,19520921,SWE,atp,137792
110247,Colin,Mchugo,R,19451204,GBR,atp,137793
107132,Greg,Braun,R,,AUS,atp,137794
100239,Hans,Engert,R,19510422,GER,atp,137795
100305,Mark,Farrell,R,19530506,GBR,atp,137796
100326,Russell,Simpson,R,19540222,NZL,atp,137797
110002,Tom,Karp,R,19461013,USA,atp,137798
100545,Deon,Joubert,L,19580619,RSA,atp,137799
100377,Colin,Dowdeswell,R,19550512,GBR,atp,137800
100354,Bernard,Mitton,R,19541109,RSA,atp,137801
107275,Jan,Hordijk,R,,NED,atp,137802
100154,Peter,Kanderal,R,19480116,SUI,atp,137803
110160,Greg,Peebles,R,,USA,atp,137804
100437,Bjorn,Borg,R,19560606,SWE,atp,137805
100191,Doug,Crawford,R,19491015,USA,atp,137806
100356,Paul,Mcnamee,R,19541112,AUS,atp,137807
107072,Gene,Russo,R,,USA,atp,137808
106901,Dragan,Stojovic,R,,YUG,atp,137809
100343,John,Lloyd,R,19540827,GBR,atp,137810
110248,Harry,Turnbull,L,,AUS,atp,137811
100334,Ernie,Ewert,R,19540605,AUS,atp,137812
107527,Konstantin,Pugayev,R,,RUS,atp,137813
108434,Tony,Parun P071,R,,NZL,atp,137814
100287,Robin,Drysdale,R,19520918,GBR,atp,137815
108194,Saeed,Meer,R,,PAK,atp,137816
109912,Ricky,Buwalda,R,,RSA,atp,137817
107830,Munawar,Iqbal,R,,PAK,atp,137818
100171,John,Yuill,R,19481212,RSA,atp,137819
106589,Arthur,Carrington,R,,USA,atp,137820
100262,Rolf,Norberg,R,19520131,SWE,atp,137821
100360,Brian,Teacher,R,19541223,USA,atp,137822
100263,John,Andrews,R,19520205,USA,atp,137823
100165,Steve,Siegel,R,19480904,USA,atp,137824
108421,Toma,Ovici,R,,ROU,atp,137825
100339,Victor,Amaya,L,19540702,USA,atp,137826
100367,Belus,Prajoux,R,19550227,CHI,atp,137827
100268,Denis,Naegelen,R,19520314,FRA,atp,137828
106594,Attila,Korpas,R,,GER,atp,137829
100274,Eric,Deblicker,R,19520417,FRA,atp,137830
110337,David,Seigel,R,,USA,atp,137831
100228,Kjell,Johansson,R,19510212,SWE,atp,137832
100322,Emilio,Montano,R,19531218,MEX,atp,137833
110338,Neil,Golden,R,,USA,atp,137834
100422,Bruce,Manson,L,19560320,USA,atp,137835
100303,Henry,Bunis,R,19530327,USA,atp,137836
100324,John,Whitlinger,R,19540204,USA,atp,137837
100258,Jorge,Andrew,R,19511102,VEN,atp,137838
100210,Steve,Docherty,R,19500506,AUS,atp,137839
100456,Ferdi,Taygan,R,19561205,USA,atp,137840
108314,Steve,Messmer,R,,USA,atp,137841
100372,Trey,Waltke,R,19550316,USA,atp,137842
100344,Eric,Friedler,R,19540908,USA,atp,137843
100187,Luis Felipe,Tavares,R,19490926,BRA,atp,137844
100155,Ramiro,Benavides,R,19480130,BOL,atp,137845
100122,Julian,Ganzabal,R,19460825,ARG,atp,137846
100792,Adrian,Marcu,R,19611203,ROU,atp,137847
100325,Ulrich,Pinner,R,19540207,GER,atp,137848
108374,Thierry,Bernasconi,R,,FRA,atp,137849
100369,Herve,Gauvain,R,19550304,FRA,atp,137850
107277,Jan,Pisecky,R,,CZE,atp,137851
100153,Patrice,Hagelauer,R,19480105,FRA,atp,137852
100300,Jose,Higueras,R,19530301,ESP,atp,137853
100395,Victor,Pecci,R,19551015,PAR,atp,137854
107893,Omar,Laimina,R,,MAR,atp,137855
107561,Leif,Johansson,R,,SWE,atp,137856
110391,Maurice,Claitte,R,,FRA,atp,137857
108379,Thies,Roepcke,R,,GER,atp,137858
106996,Felix,Ponte,R,,PER,atp,137859
100390,Trevor,Allan,L,19550817,AUS,atp,137860
108303,Stephen,Meyers,R,,AUS,atp,137861
100194,Larry,Parker,R,19491023,USA,atp,137862
100247,Rolf,Thung,L,19510727,NED,atp,137863
107457,Juan Ignacio,Muntanola,R,,ESP,atp,137864
100337,Mark,Edmondson,R,19540624,AUS,atp,137865
100396,Martin,Robinson,L,19551019,GBR,atp,137866
100383,Peter,Mcnamara,R,19550705,AUS,atp,137867
100403,Rolf,Gehring,R,19551125,GER,atp,137868
107590,Luis,Borfiga,R,19541029,MON,atp,137869
100413,Ulrich,Marten,R,19560101,GER,atp,137870
100233,Ricardo,Cano,R,19510226,ARG,atp,137871
100280,Wojtek,Fibak,R,19520803,POL,atp,137872
107429,Jose,Castanon,R,,ESP,atp,137873
100221,Carlos,Kirmayr,R,19500923,BRA,atp,137874
100238,Rick,Fisher,R,19510329,USA,atp,137875
107255,Jacek,Niedzwiedzki,R,,POL,atp,137876
100429,Miguel,Mir,R,19560418,ESP,atp,137877
106629,Birger,Andersson,R,,SWE,atp,137878
110390,Nikola,Soear,R,,YUG,atp,137879
100506,Howard,Schoenfield,R,19571115,USA,atp,137880
100292,Alvaro,Fillol,R,19521204,CHI,atp,137881
100319,Rick,Fagel,R,19531129,USA,atp,137882
100302,Joaquim,Rasgado Jr,R,19530324,BRA,atp,137883
100378,David,Schneider,R,19550517,USA,atp,137884
106828,Dave,Kanter,R,,USA,atp,137885
100428,Gene,Mayer,R,19560411,USA,atp,137886
100198,Alvaro,Betancur,R,19500103,COL,atp,137887
100417,Hans,Gildemeister,R,19560209,CHI,atp,137888
106561,Anthony,Fawcett,R,,RSA,atp,137889
100524,Shozo,Shiraishi,R,19580127,JPN,atp,137890
107385,John,Holladay,R,,USA,atp,137891
100362,Peter,Fleming,R,19550121,USA,atp,137892
100252,Tim,Gullikson,R,19510908,USA,atp,137893
100634,Larry,Gottfried,R,19591208,USA,atp,137894
100279,Mike,Cahill,R,19520617,USA,atp,137895
100320,Mark,Meyers,R,19531205,USA,atp,137896
100585,Van,Winitsky,L,19590312,USA,atp,137897
100535,Tony,Giammalva,R,19580421,USA,atp,137898
100452,Bill,Scanlon,R,19561113,USA,atp,137899
100475,Matt,Mitchell,R,19570316,USA,atp,137900
100276,Terry,Moor,L,19520423,USA,atp,137901
100380,Butch,Walts,R,19550604,USA,atp,137902
100436,Nick,Saviano,L,19560605,USA,atp,137903
107454,Juan,Diaz,R,,USA,atp,137904
107302,Jay,Royappa,R,,IND,atp,137905
100306,Michael,Wayman,R,19530506,GBR,atp,137906
100474,Chris,Lewis NZL,R,19570309,NZL,atp,137907
100407,Dale,Collings,R,19551216,AUS,atp,137908
100364,Jonathan,Smith,R,19550129,GBR,atp,137909
108459,Vadim,Borisov,R,,RUS,atp,137910
100293,John,Marks,R,19521209,AUS,atp,137911
109888,Geoff,Brown,R,,AUS,atp,137912
107398,John,Trickey,R,,AUS,atp,137913
100551,Brad,Drewett,L,19580719,AUS,atp,137914
100442,Gianni,Marchetti,R,19560708,ITA,atp,137915
100259,Peter,Feigl,R,19511130,AUT,atp,137916
108326,Steven,Wright,R,,AUS,atp,137917
106950,Enzo,Vattuone,R,,ITA,atp,137918
108214,Scott,Clark,R,,NZL,atp,137919
100224,Peter,Campbell,R,19501110,AUS,atp,137920
100240,Joao,Soares,R,19510425,BRA,atp,137921
108446,Trevor,Little,R,,AUS,atp,137922
100444,Werner,Zirngibl,R,19560904,GER,atp,137923
100430,David,Carter,R,19560421,AUS,atp,137924
107109,Glenn,Busby,R,,AUS,atp,137925
107082,Gerard,Wimmer,R,19530301,AUT,atp,137926
108453,Ulf,Eriksson,R,,SWE,atp,137927
106945,Enrique,Caviglia,R,,ARG,atp,137928
100394,Angel,Gimenez,R,19551010,ESP,atp,137929
100435,Regis,Brunet,R,19560531,FRA,atp,137930
100477,Gianni,Ocleppo,R,19570406,ITA,atp,137931
100434,Tomas,Smid,R,19560520,CZE,atp,137932
107284,Janos,Benyik,R,,HUN,atp,137933
106615,Bernard,Balleret,R,,MON,atp,137934
100253,Tom,Gullikson,L,19510908,USA,atp,137935
100177,Pavel,Hutka,R,19490228,CZE,atp,137936
100486,Christophe Roger,Vasselin,R,19570708,FRA,atp,137937
100468,Dominique,Bedel,R,19570220,FRA,atp,137938
100421,Jan,Norback,R,19560306,SWE,atp,137939
100483,Christophe,Casa,R,19570530,FRA,atp,137940
100411,Pavel,Slozil,R,19551229,CZE,atp,137941
100676,Yannick,Noah,R,19600518,FRA,atp,108216
100581,John,Mcenroe,L,19590216,USA,atp,137942
100397,Terry,Rocavert,R,19551021,AUS,atp,137943
100543,Peter,Elter,R,19580610,GER,atp,137944
107279,Jan,Simbera,R,,CZE,atp,137945
100526,Ricardo,Ycaza,R,19580216,ECU,atp,137946
100327,Willem,Prinsloo,R,19540225,RSA,atp,137947
100374,Javier,Soler,L,19550325,ESP,atp,137948
100443,Christophe,Freyss,L,19560830,FRA,atp,137949
106899,Douglas,Palm,R,,SWE,atp,137950
100316,Scott,Carnahan,R,19531024,USA,atp,137951
100164,Bill,Lofgren,R,19480731,USA,atp,137952
100516,Andrew,Jarrett,R,19580109,GBR,atp,137953
100401,Sean,Sorensen,R,19551112,IRL,atp,137954
100577,Rory,Chappell,R,19590113,RSA,atp,137955
100455,Tony,Lloyd,R,19561203,GBR,atp,137956
100586,Eliot,Teltscher,R,19590315,USA,atp,137957
100315,Hank,Pfister,R,19531009,USA,atp,137958
100631,Tim,Wilkison,L,19591123,USA,atp,137959
100605,Charlie,Fancutt,R,19590617,AUS,atp,137960
100464,Warren,Maher,R,19570115,AUS,atp,137961
100202,George,Amaya,L,19500212,USA,atp,137962
100450,Leo,Palin,R,19561020,FIN,atp,137963
100313,Keith,Richardson,R,19530818,USA,atp,137964
100358,Mike,Fishbach,R,19541201,USA,atp,137965
100318,Roger,Guedes,R,19531103,BRA,atp,137966
100402,Francisco,Gonzalez,R,19551119,PAR,atp,137967
100416,Bill,Maze,R,19560209,USA,atp,137968
100207,Noel,Phillips,R,19500328,AUS,atp,137969
100525,Gilles,Moretton,R,19580210,FRA,atp,137970
100373,Christopher,Sylvan,R,19550318,USA,atp,137971
100579,Heinz,Gunthardt,R,19590208,SUI,atp,137972
100600,Pascal,Portes,R,19590528,FRA,atp,137973
100388,Peter,Pearson,R,19550812,USA,atp,137974
100314,Bernard,Fritz,R,19531005,FRA,atp,137975
100449,Stanislav,Birner,R,19561011,CZE,atp,137976
100197,Alejandro,Pierola,R,19491120,CHI,atp,137977
100211,Louk,Sanders,R,19500509,NED,atp,137978
100504,Jerome,Vanier,L,19571102,FRA,atp,137979
100498,Klaus,Eberhard,R,19570915,GER,atp,137980
100555,Jose Luis,Clerc,R,19580816,ARG,atp,137981
100656,Ivan,Lendl,R,19600307,USA,atp,132503
100532,Johan,Kriek,R,19580405,USA,atp,137982
100241,Joel,Bailey,R,19510425,USA,atp,137983
100527,Chris,Bradnam,R,19580226,GBR,atp,137984
100406,Greg,Halder,R,19551205,CAN,atp,137985
100451,Tony,Graham,R,19561029,USA,atp,137986
100166,Gene Stuart,Malin,R,19481001,USA,atp,137987
100518,Ricardo,Acuna,R,19580113,CHI,atp,137988
100529,Kevin,Curren,R,19580302,USA,atp,137989
100294,Rejean,Genois,R,19521230,CAN,atp,137990
100557,Jai,Dilouie,R,19580911,USA,atp,137991
100467,Mark,Turpin,R,19570204,USA,atp,137992
100446,John,Sadri,R,19560919,USA,atp,137993
100611,Mel,Purcell,R,19590718,USA,atp,137994
100649,David,Dowlen,R,19600203,USA,atp,137995
100410,Tim,Garcia,R,19551228,USA,atp,137996
100523,Erick,Iskersky,R,19580125,USA,atp,137997
100412,Bruce,Nichols,R,19551231,USA,atp,137998
106848,David,Whyte,R,,AUS,atp,137999
100564,Cary,Stansbury,R,19581017,USA,atp,138000
100752,Ramesh,Krishnan,R,19610605,IND,atp,138001
100353,Bruce,Kleege,R,19541101,USA,atp,138002
100488,Chris,Delaney,R,19570716,USA,atp,138003
100868,Craig A,Miller,R,19621018,AUS,atp,138004
107328,Jeremy,Cohen,R,,USA,atp,138005
100495,Wayne,Hampson,R,19570823,AUS,atp,138006
100574,Peter,Rennert,L,19581226,USA,atp,138007
100713,John,Fitzgerald,R,19601228,AUS,atp,138008
100744,Peter,Doohan,R,19610502,AUS,atp,138009
100699,Chris,Johnstone,R,19601012,AUS,atp,138010
100726,Greg,Whitecross,R,19610315,AUS,atp,138011
100515,Shlomo,Glickstein,R,19580106,ISR,atp,138012
100749,Dave,Siegler,R,19610531,USA,atp,138013
107997,Phil,Davies,R,,AUS,atp,138014
100492,John,Austin,R,19570731,USA,atp,138015
100409,Randy,Crawford,R,19551222,USA,atp,138016
100384,Alejandro,Cortes,R,19550714,COL,atp,138017
100500,Rohun,Beven,R,19570921,GBR,atp,138018
100655,Fritz,Buehning,R,19600305,USA,atp,138019
100392,Richard,Meyer,R,19550904,USA,atp,138020
100453,Jose Luis,Damiani,R,19561121,URU,atp,138021
100652,Cassio,Motta,R,19600222,BRA,atp,138022
100368,Haroon,Ismail,R,19550227,ZIM,atp,138023
100530,Andreas,Maurer,R,19580308,GER,atp,14412
100448,Bruce,Foxworth,R,19560925,USA,atp,138024
100592,Robert,Vant Hof,R,19590410,USA,atp,138025
100502,Vincent,Van Patten,R,19571017,USA,atp,138026
100308,Robert,Trogolo,R,19530615,RSA,atp,138027
100653,Andres,Gomez,L,19600227,ECU,atp,15857
100597,Jay,Lapidus,L,19590501,USA,atp,138028
100616,Andy,Kohlberg,L,19590817,USA,atp,138029
100692,Greg,Amaya,R,19600823,USA,atp,138030
107390,John,Molin,R,,USA,atp,138031
100323,Givaldo,Barbosa,R,19540125,BRA,atp,138032
100689,Tim,Mayotte,R,19600803,USA,atp,138033
100465,Mike,Shore,R,19570120,USA,atp,138034
100546,Eric,Fromm,R,19580627,USA,atp,138035
106651,Brad,Rowe,R,,USA,atp,138036
100460,Jose,Lopez Maeso,R,19561224,ESP,atp,138037
107761,Max,Wunschig,R,,GER,atp,138038
100336,Guillermo,Aubone,L,19540608,ARG,atp,138039
100701,Marko,Ostoja,R,19601020,CRO,atp,138040
101061,Jimmy,Arias,R,19640816,USA,atp,138041
100762,Freddie,Sauer,R,19610802,RSA,atp,138042
100230,Welry,Fritz,R,19510219,CAN,atp,138043
100375,John,Hayes,R,19550407,USA,atp,138044
100405,Fernando,Maynetto,R,19551202,PER,atp,138045
100608,John,Benson,R,19590702,USA,atp,138046
100704,Billy,Nealon,L,19601111,USA,atp,138047
100562,Tom,Cain,R,19581011,USA,atp,138048
100855,Scott,Davis,R,19620827,USA,atp,138049
100639,Blaine,Willenborg,R,19600104,USA,atp,138050
100753,Juan Carlos,Ayala,R,19610618,CHI,atp,138051
100905,Sammy,Giammalva Jr,R,19630324,USA,atp,138052
100769,Mario,Martinez,R,19610912,BOL,atp,133269
100663,Marcel,Freeman,R,19600330,USA,atp,138053
100559,Mike,Gandolfo,R,19581003,USA,atp,138054
100657,Mike,Leach,L,19600309,USA,atp,138055
100415,Michael,Grant,R,19560203,USA,atp,133425
100942,Thierry,Tulasne,R,19630712,FRA,atp,138056
100499,Chris,Mayotte,R,19570916,USA,atp,138057
100391,Larry,Davidson,R,19550821,USA,atp,138058
106706,Cary,Leeds,R,,USA,atp,138059
100567,Chip,Hooper,R,19581024,USA,atp,138060
100618,Leif,Shiras,R,19590821,USA,atp,138061
108377,Thierry,Stevaux,R,,BEL,atp,138062
100536,Fernando,Luna,R,19580424,ESP,atp,138063
100438,Carlos,Gattiker,R,19560606,ARG,atp,138064
100599,Bernard,Boileau,R,19590525,BEL,atp,138065
100640,Stefan,Simonsson,R,19600105,SWE,atp,138066
100730,Florin,Segarceanu,R,19610329,ROU,atp,138067
100481,Roberto,Vizcaino,R,19570425,ESP,atp,138068
100821,Hans,Simonsson,R,19620501,SWE,atp,138069
100936,Henri,Leconte,L,19630704,FRA,atp,138070
100393,Marcos,Hocevar,R,19550926,BRA,atp,138071
108580,Zoltan,Ilin,R,,SRB,atp,138072
100667,Per,Hjertquist,R,19600406,SWE,atp,138073
100519,Scott,Mccain,R,19580115,USA,atp,138074
100440,Eddie,Edwards,R,19560703,RSA,atp,138075
100517,Matt,Doyle,R,19580113,USA,atp,138076
100447,Juan,Nunez,R,19560923,CHI,atp,138077
100789,Ivan,Dupasquier,R,19611123,SUI,atp,138078
100570,Marty,Davis,R,19581115,USA,atp,138079
100565,Lloyd,Bourne,R,19581018,USA,atp,138080
100472,Craig,Wittus,R,19570224,USA,atp,138081
100471,Mark,Vines,L,19570223,USA,atp,138082
100624,Derek,Tarr,L,19590915,USA,atp,138083
101131,Jimmy,Brown,R,19650428,USA,atp,138084
100761,Danny,Saltz,R,19610730,USA,atp,138085
100682,Ernie,Fernandez,R,19600608,PUR,atp,138086
100596,Bill,Cowan,R,19590428,CAN,atp,138087
100445,Steve,Denton,R,19560905,USA,atp,138088
100780,Mike,De Palmer,L,19611017,USA,atp,138089
100715,Jim,Gurfein,L,19610104,USA,atp,138090
100534,Steve,Meister,R,19580421,USA,atp,138091
100711,Pedro,Rebolledo,R,19601217,CHI,atp,138092
100540,Drew,Gitlin,R,19580526,USA,atp,138093
100603,Roland,Stadler,U,19590614,SUI,atp,138094
100672,Derek,Segal,R,19600507,RSA,atp,138095
100379,Craig,Edwards,R,19550519,USA,atp,138096
100575,Andy,Andrews,R,19590101,USA,atp,138097
100489,Larry,Stefanki,R,19570723,USA,atp,138098
100497,Markus,Gunthardt,R,19570910,SUI,atp,138099
100893,Joakim,Nystrom,R,19630220,SWE,atp,138100
100923,Wally,Masur,R,19630513,AUS,atp,138101
100573,Ron,Hightower,R,19581212,USA,atp,138102
108505,Wayne,Pascoe,R,,AUS,atp,138103
100844,Jerome,Potier,L,19620718,FRA,atp,138104
100522,Chris,Dunk,R,19580123,USA,atp,138105
100493,Eric,Sherbeck,R,19570807,USA,atp,138106
100550,Brad,Guan,R,19580710,AUS,atp,138107
100962,Thomas,Hogstedt,R,19630921,SWE,atp,138108
101138,Pat,Cash,R,19650527,AUS,atp,138109
101062,Mats,Wilander,R,19640822,SWE,atp,138110
100349,Glen,Holroyd,R,19540925,USA,atp,138111
100899,Jorgen,Windahl,R,19630312,SWE,atp,138112
100757,Anders,Jarryd,R,19610713,SWE,atp,138113
100598,Wolfgang,Popp,R,19590519,GER,atp,138114
100307,Paul,Torre,R,19530518,FRA,atp,138115
107298,Javier,Restrepo,R,,COL,atp,138116
100797,Ben,Testerman,L,19620202,USA,atp,138117
108481,Vittorio,Magnelli,R,,ITA,atp,138118
100630,Gustavo,Guerrero,L,19591022,ARG,atp,138119
100607,Eduardo,Bengoechea,R,19590702,ARG,atp,138120
100800,Diego,Perez,R,19620209,URU,atp,138121
107000,Fernando,Dalla Fontana,R,,ARG,atp,138122
100651,Alejandro,Ganzabal,R,19600216,ARG,atp,138123
100615,Gianluca,Rinaldini,R,19590810,ITA,atp,138124
100431,Mansour,Bahrami,R,19560426,IRI,atp,134351
100463,Ben,Mckown,R,19570111,USA,atp,138125
100921,Patrice,Kuchna,R,19630510,FRA,atp,138126
100764,Gabriel,Urpi,R,19610816,ESP,atp,138127
100719,Juan,Avendano,R,19610129,ESP,atp,138128
100609,Zoltan,Kuharszky,R,19590708,HUN,atp,138129
100768,Nick,Brown,R,19610903,GBR,atp,138130
100328,Rand,Evett,R,19540301,USA,atp,138131
100646,Claudio,Panatta,R,19600202,ITA,atp,138132
100553,Nduka,Odizor,R,19580809,NGR,atp,138133
101013,Henrik,Sundstrom,R,19640229,SWE,atp,138134
100857,Sergio,Casal,R,19620908,ESP,atp,138135
100790,Bruce,Derlin,L,19611128,NZL,atp,138136
100759,Danie,Visser,L,19610726,RSA,atp,138137
100578,Brent,Pirow,R,19590206,RSA,atp,138138
100398,Julio,Goes,R,19551025,BRA,atp,138139
100837,Jeremy,Bates,R,19620619,GBR,atp,138140
100738,Schalk,Van Der Merwe,R,19610416,RSA,atp,138141
100722,Michael,Fancutt,R,19610220,AUS,atp,138142
100310,Mike,Myburg,R,19530623,RSA,atp,138143
100520,Juan,Farrow,R,19580118,USA,atp,138144
100781,Bernhard,Pils,R,19611020,AUT,atp,138145
101256,Mark,Kratzmann,L,19660517,AUS,atp,138146
100661,Damir,Keretic,R,19600326,GER,atp,138147
107397,John,Stoddart,R,,AUS,atp,138148
108512,Wes,Horskins,R,,AUS,atp,138149
107495,Ken,Barton,R,,AUS,atp,138150
100537,Mike,Brunnberg,R,19580504,USA,atp,138151
100638,David,Mustard,L,19591229,NZL,atp,138152
100496,Charles Buzz,Strode,R,19570905,USA,atp,138153
101154,Simon,Youl,R,19650701,AUS,atp,138154
100812,Gerald,Mild,R,19620408,AUT,atp,138155
100849,David,Graham,R,19620804,AUS,atp,138156
100589,Harald,Theissen,R,19590323,GER,atp,138157
107357,Joe,Meyers,R,,USA,atp,138158
101057,Peter,Carter,R,19640809,AUS,atp,138159
100815,David,Pate,R,19620416,USA,atp,138160
100439,Mike,Barr,R,19560627,USA,atp,138161
100681,Morris Skip,Strode,R,19600605,USA,atp,138162
107168,Hans,Hansson,R,,AUS,atp,138163
100680,Peter,Johnston,L,19600601,AUS,atp,138164
100571,Mark,Freedman,R,19581119,USA,atp,138165
100871,Laurie,Warder,R,19621023,AUS,atp,138166
100675,John,Mccurdy,R,19600513,AUS,atp,138167
101098,Guy,Forget,L,19650104,FRA,atp,138168
100606,Mike,Bauer,R,19590629,USA,atp,138169
100714,Broderick,Dyke,L,19601231,AUS,atp,138170
107271,Jamie,Harty,R,,AUS,atp,138171
101158,John,Frawley,R,19650704,AUS,atp,138172
100625,Scott,Lipton,L,19590915,USA,atp,138173
100604,Egan,Adams,R,19590615,USA,atp,138174
100635,Mark,Dickson,R,19591208,USA,atp,138175
100763,Brad,Gilbert,R,19610809,USA,atp,138176
100887,Eric,Korita,R,19630113,USA,atp,138177
100588,Pender,Murphy,R,19590319,USA,atp,138178
101033,John,Letts,R,19640511,USA,atp,138179
100702,Sean,Brawley,R,19601024,USA,atp,138180
100765,Rodney,Harmon,R,19610816,USA,atp,138181
100829,Jan,Gunnarsson,R,19620530,SWE,atp,138182
100946,Slobodan,Zivojinovic,R,19630723,YUG,atp,138183
100636,Gustavo,Tiberti,R,19591211,ARG,atp,138184
102312,Jairo,Velasco Jr,R,19740121,ESP,atp,138185
101109,Tarik,Benhabiles,R,19650205,FRA,atp,138186
100386,Jose,Garcia G003,R,19550723,ESP,atp,138187
100538,Alejandro,Gattiker,R,19580505,ARG,atp,138188
100799,Carlos,Castellan,R,19620208,ARG,atp,138189
100622,Patrizio,Parrini,R,19590905,ITA,atp,138190
100782,Pablo,Arraya,R,19611021,PER,atp,138191
100993,Loic,Courteau,R,19640106,FRA,atp,138192
100620,Eduardo,Osta,L,19590904,ESP,atp,138193
100836,Glenn,Michibata,R,19620613,CAN,atp,138194
100934,Matt,Anger,R,19630620,USA,atp,138195
100528,Randy,Druz,R,19580226,USA,atp,138196
100742,Christo,Steyn,R,19610501,RSA,atp,138197
100957,Greg,Holmes,R,19630829,USA,atp,138198
100950,Libor,Pimek,R,19630803,BEL,atp,138199
101145,Jonathan,Canter,R,19650604,USA,atp,138200
101381,Aaron,Krickstein,R,19670802,USA,atp,138201
101222,Stefan,Edberg,R,19660119,SWE,atp,132502
100728,Todd,Nelson,R,19610318,USA,atp,138202
100920,Robert,Seguso,R,19630501,USA,atp,138203
100964,Jon,Levine,R,19630929,USA,atp,138204
101113,Michael,Westphal,R,19650219,GER,atp,138205
100910,Magnus,Tideman,R,19630409,SWE,atp,138206
100628,Michiel,Schapers,R,19591011,NED,atp,138207
100809,Juan,Aguilera,R,19620322,ESP,atp,138208
100246,Frank,Puncec,R,19510709,RSA,atp,138209
100723,Jacques,Hervet,R,19610225,FRA,atp,138210
100883,Christophe,Bernelle,R,19621231,FRA,atp,138211
101394,Francois,Errard,R,19670910,FRA,atp,138212
107944,Paul,Groth,R,,USA,atp,138213
100848,Alberto,Tous,R,19620803,ESP,atp,138214
101366,David,Macpherson,L,19670703,AUS,atp,138215
100645,Huub,Van Boeckel,R,19600125,NED,atp,138216
101094,Eduardo,Oncins,R,19641210,BRA,atp,138217
101036,Miloslav,Mecir,R,19640519,SVK,atp,14789
100926,Ken,Flach,R,19630524,USA,atp,138218
100673,Robbie,Venter,L,19600507,RSA,atp,138219
100674,Jeff,Turpin,R,19600513,USA,atp,138220
100998,Stuart,Bale,L,19640121,GBR,atp,138221
100775,Tian C,Viljoen,R,19611004,RSA,atp,138222
101084,Jakob,Hlasek,R,19641112,SUI,atp,138223
101142,Emilio,Sanchez,R,19650529,ESP,atp,138224
101414,Boris,Becker,R,19671122,GER,atp,107464
100866,Shahar,Perkiss,R,19621014,ISR,atp,138225
101147,Claudio,Mezzadri,R,19650610,SUI,atp,138226
100956,Simone,Colombo,R,19630828,ITA,atp,138227
100884,Steve,Shaw,R,19630101,GBR,atp,138228
100901,Paul,Annacone,R,19630320,USA,atp,138229
100870,Christo,Van Rensburg,R,19621023,RSA,atp,138230
101020,Hans,Schwaier,R,19640324,GER,atp,138231
100835,Hans Dieter,Beutel,R,19620612,GER,atp,138232
100669,Charles Bud,Cox,R,19600411,USA,atp,138233
100966,Nick,Fulwood,R,19631002,GBR,atp,138234
101276,Horacio,De La Pena,L,19660801,ARG,atp,138235
100922,Roberto,Arguello,U,19630512,ARG,atp,138236
101073,Martin,Jaite,R,19641009,ARG,atp,138237
100894,Francesco,Cancellotti,R,19630227,ITA,atp,138238
101120,Karel,Novacek,R,19650330,CZE,atp,138239
101426,Kent,Carlsson,R,19680103,SWE,atp,138240
101119,Marian,Vajda,R,19650324,SVK,atp,138241
101117,Eric,Jelen,R,19650311,GER,atp,138242
100556,Brian,Levine,R,19580820,RSA,atp,138243
100798,Howard,Sands,R,19620205,USA,atp,138244
101000,Carl,Limberger,R,19640124,AUS,atp,138245
101190,Darren,Cahill,R,19651002,AUS,atp,138246
106783,Corey,Wittenberg,R,,USA,atp,138247
100703,Randy,Nixon,R,19601105,USA,atp,138248
100568,John,Mattke,R,19581029,USA,atp,138249
100747,Glenn,Layendecker,L,19610509,USA,atp,138250
100787,Dale,Houston,R,19611115,AUS,atp,138251
100740,Dan,Cassidy,R,19610429,USA,atp,138252
100595,Ronnie,Bathman,R,19590424,SWE,atp,138253
100779,Kevin,Moir,R,19611014,RSA,atp,138254
100660,Bob,Green,R,19600325,USA,atp,138255
100944,Mikael,Pernfors,R,19630716,SWE,atp,138256
100771,Kelvin,Belcher,R,19610920,USA,atp,138257
101340,Ricky,Brown,R,19670401,USA,atp,138258
101080,Lawson,Duncan,R,19641026,USA,atp,138259
100967,Dan,Goldie,R,19631003,USA,atp,138260
100974,Jeff,Klaparda,R,19631107,USA,atp,138261
101053,Michael,Kures,R,19640725,USA,atp,138262
101096,Gary,Muller,L,19641227,RSA,atp,138263
100833,Marc,Flur,R,19620608,USA,atp,138264
100727,Raul Antonio,Viver,L,19610317,ECU,atp,138265
100772,Kelly,Evernden,R,19610921,NZL,atp,138266
100490,Jaroslav,Navratil,R,19570724,CZE,atp,138267
100854,Leighton,Alfred,L,19620827,GBR,atp,138268
100928,Barry,Moir,R,19630601,RSA,atp,138269
101285,Thierry,Champion,R,19660831,FRA,atp,138270
100617,Bud,Schultz,R,19590821,USA,atp,138271
101325,Jason,Goodall,R,19670123,GBR,atp,138272
100751,Roberto,Saad,R,19610603,ARG,atp,138273
101029,Ricki,Osterthun,R,19640502,GER,atp,138274
100793,Stephane,Bonneau,R,19611208,CAN,atp,138275
101035,Menno,Oosting,R,19640517,NED,atp,138276
101580,Roger,Rasheed,R,19690310,AUS,atp,138277
101230,Andrei,Chesnokov,R,19660202,RUS,atp,138278
101185,Mark,Woodforde,L,19650923,AUS,atp,138279
100644,Alexander,Zverev,R,19970420,GER,atp,65237
101298,Jonas,Svensson,R,19661021,SWE,atp,138280
101195,Amos,Mansdorf,R,19651020,ISR,atp,138281
100840,Mark,Wooldridge,R,19620707,USA,atp,138282
101374,Leonardo,Lavalle,L,19670714,MEX,atp,138283
100917,Nelson,Aerts,R,19630425,BRA,atp,138284
100988,Peter,Thrupp,R,19631223,AUS,atp,138285
100864,Martin,Wostenholme,R,19621011,CAN,atp,138286
101066,Richard,Matuszewski,R,19640907,USA,atp,138287
101086,Ronald,Agenor,R,19641113,USA,atp,138288
100544,Tony,Mmoh,R,19580614,NGR,atp,138289
101263,Luke,Jensen,U,19660618,USA,atp,138290
101106,Peter,Lundgren,R,19650129,SWE,atp,138291
101026,Jim,Grabb,R,19640414,USA,atp,138292
101309,Jay,Berger,R,19661126,USA,atp,138293
101196,Derrick,Rostagno,R,19651025,USA,atp,138294
101031,Massimo,Cierro,R,19640507,ITA,atp,138295
101344,Bruno,Oresar,R,19670421,CRO,atp,138296
101409,Jaime,Yzaga,R,19671023,PER,atp,138297
100796,Ahmed,El Mehelmy,R,19620125,EGY,atp,138298
100776,Tomm,Warneke,R,19611009,USA,atp,138299
101404,Thomas,Muster,L,19671002,AUT,atp,36732
101063,Jordi,Arrese,R,19640829,ESP,atp,138300
100907,Luca,Bottazzi,R,19630401,ITA,atp,138301
100865,Marcelo,Ingaramo,L,19621013,ARG,atp,138302
101251,Eric,Winogradsky,R,19660422,FRA,atp,138303
101030,Goran,Prpic,R,19640504,CRO,atp,138304
100548,Ivan,Kley,R,19580629,BRA,atp,138305
100986,Dacio,Campos,R,19631218,BRA,atp,138306
101124,Paolo,Cane,R,19650409,ITA,atp,138307
101179,Jean Philippe,Fleurian,R,19650911,FRA,atp,138308
101242,Brad,Pearce,R,19660321,USA,atp,138309
101736,Andre,Agassi,R,19700429,USA,atp,132501
100945,Craig,Campbell,R,19630718,RSA,atp,138310
101048,Francisco,Maciel,R,19640701,MEX,atp,138311
100970,Stefan,Eriksson,R,19631017,SWE,atp,138312
101511,Horst,Skoff,R,19680822,AUT,atp,138313
100954,Luiz,Mattar,R,19630818,BRA,atp,138314
101387,Claudio,Pistolesi,R,19670825,ITA,atp,138315
101324,Ulf,Stenlund,R,19670121,SWE,atp,138316
100972,Todd,Witsken,R,19631104,USA,atp,138317
100990,Milan,Srejber,R,19631230,CZE,atp,138318
101377,Christian,Bergstrom,R,19670719,SWE,atp,138319
101550,Al,Parker,R,19681222,USA,atp,138320
100830,Gary,Donnelly,R,19620603,USA,atp,138321
100602,Vallis,Wilder,R,19590608,USA,atp,138322
101003,Ricardo,Acioly,R,19640204,BRA,atp,138323
101004,Jim,Pugh,R,19640205,USA,atp,138324
101110,David,De Miguel,R,19650207,ESP,atp,138325
101461,Brett,Custer,R,19680401,AUS,atp,138326
101128,Michael,Walker,L,19650421,HKG,atp,138327
101500,Christian,Saceanu,R,19680708,GER,atp,138328
100810,Paul,Chamberlin,R,19620326,USA,atp,138329
101247,Stephen,Botfield,R,19660410,GBR,atp,138330
100935,Michael,Robertson,R,19630702,USA,atp,138331
