106491,Alexander,Marcial,R,,PHI,atp
100300,Jose,Higueras,R,19530301,ESP,atp
109752,Ingo,Buding,R,19420109,GER,atp
110364,Fabrizio,Matteoli,U,,ITA,atp
100630,Gustavo,Guerrero,L,19591022,ARG,atp
107001,Fernando,Gentil,R,,BRA,atp
100054,Jose,Mandarino,R,19410326,BRA,atp
199999,U,Unknown,U,,UNK,atp
110274,Alvaro,Pena,U,,COL,atp
100012,Nicola,Pietrangeli,R,19330911,ITA,atp
110185,Michael,Hickey,R,,IRL,atp
100105,Allan,Stone,R,19451014,AUS,atp
107728,Massimo,Di Domenico,R,,ITA,atp
100235,Antonio,Munoz,R,19510301,ESP,atp
108477,Vincenzo,Franchitti,R,,ITA,atp
100099,Thomaz,Koch,L,19450511,BRA,atp
108036,Rafael,Ruiz,R,,ESP,atp
107591,Luis,Bruguera,R,,ESP,atp
109749,Pancho,Guzman,R,19460524,ECU,atp
100056,Harald,Elschenbroich,R,19410619,GER,atp
100053,Colin,Stubs,R,19410227,AUS,atp
110380,Manlio,Bartoni,U,,ITA,atp
100110,Terry,Addison,R,19460111,AUS,atp
100062,Francois,Jauffret,R,19420209,FRA,atp
108133,Roberto,Lombardi,R,,ITA,atp
106968,Eugenio,Castigliano,R,,ITA,atp
107425,Jose,Moreno,R,,ESP,atp
109813,Ken,Fletcher,R,19400615,AUS,atp
108012,Piero,Toci,R,,ITA,atp
109771,Jairo,Velasco,R,19470509,ESP,atp
100111,Ray,Keldie,R,19460117,AUS,atp
100047,Bob,Carmichael,R,19400704,AUS,atp
110278,Roberto,Saya,U,,ITA,atp
106910,Eddie,Cruz,R,,PHI,atp
100114,Ray,Ruffels,R,19460323,AUS,atp
107264,Jaidip,Mukherjea,R,,IND,atp
110203,Pancho,Castillo,R,,COL,atp
100249,Paolo,Bertolucci,R,19510803,ITA,atp
109879,Jose Luis,Arillla,R,,ESP,atp
100032,Patricio,Rodriguez CHI,R,19381220,CHI,atp
100023,Ramanathan,Krishnan,R,19370411,IND,atp
100214,Adriano,Panatta,R,19500709,ITA,atp
106971,Ezio,Di Matteo,R,,ITA,atp
109762,Carlos,Fernandez,R,,BRA,atp
100050,Martin,Mulligan,R,19401018,AUS,atp
106922,Eduardo,Gorostagia,R,,BOL,atp
100051,Premjit,Lall,R,19401020,IND,atp
100174,Manuel,Orantes,L,19490206,ESP,atp
110004,Josef,Stabholz,R,,ISR,atp
110005,Bryan,Burrell,U,,UNK,atp
100175,Zan,Guerry,R,19490212,USA,atp
100219,Geoff,Masters,R,19500919,AUS,atp
106964,Ernie,Mccabe,R,,AUS,atp
100025,Barry,Phillips Moore,R,19370709,AUS,atp
100336,Guillermo,Aubone,L,19540608,ARG,atp
110006,Jean Pierre,Loizeau,U,,FRA,atp
109803,John,Brown,R,19400712,AUS,atp
100096,Peter,Burwash,R,19450210,CAN,atp
107436,Jose,Guerrero,R,,ESP,atp
110007,B,Moreau,U,,FRA,atp
110008,Uriel,Oquendo Sr,U,,COL,atp
109982,William,Tym,R,,USA,atp
100158,John,Bartlett,R,19480317,AUS,atp
109763,Eduardo,Zuleta,R,,ECU,atp
100187,Luis Felipe,Tavares,R,19490926,BRA,atp
109838,Henry Hank,Irvine,R,19430901,ZIM,atp
109742,Berry,Geraghty,R,,AUS,atp
100161,Jurgen,Fassbender,R,19480528,GER,atp
100049,Jim,Mcmanus,L,19400916,USA,atp
109835,John,Gardner,R,,AUS,atp
100182,Mike,Estep,R,19490719,USA,atp
100125,John,Cooper,R,19461104,AUS,atp
100137,Han Jurgen,Pohmann,R,19470523,GER,atp
100028,Manuel,Santana,R,19380510,ESP,atp
109862,Alex,Kurucz,R,,GER,atp
100058,Roger,Taylor,L,19411014,GBR,atp
100115,Jaime,Fillol,R,19460603,CHI,atp
100065,Terry,Ryan,R,19420427,RSA,atp
100119,Ilie,Nastase,R,19460719,ROU,atp
100126,Stan,Smith,R,19461214,USA,atp
100098,Ove Nils,Bengtson,R,19450405,SWE,atp
100089,Patrice,Beust,R,19440903,FRA,atp
109818,Gordon,Forbes,R,19340221,RSA,atp
100120,Robert,Maud,R,19460812,RSA,atp
107309,Jean Loup,Rouyer,R,,FRA,atp
100048,Earl Butch,Buchholz,R,19400916,USA,atp
109760,Jean,Courcol,R,,FRA,atp
100178,Bob,Giltinan,R,19490407,AUS,atp
100087,John,Newcombe,R,19440523,AUS,atp
100084,Tom,Okker,R,19440222,NED,atp
100123,Patrick,Hombergen,R,19460908,BEL,atp
100075,Owen,Davidson,L,19431004,AUS,atp
100057,Pierre,Barthes,R,19410913,FRA,atp
100088,Patricio,Cornejo,R,19440606,CHI,atp
100128,Cliff,Richey,R,19461231,USA,atp
100040,Bob,Hewitt,R,19400112,RSA,atp
100083,Nicola,Spear,R,19440222,SRB,atp
100244,John,Alexander,R,19510704,AUS,atp
100160,Georges,Goven,R,19480426,FRA,atp
100078,Clark,Graebner,R,19431104,USA,atp
100097,Nicholas,Kalogeropoulos,R,19450218,GRE,atp
100029,Rod,Laver,L,19380809,AUS,atp
100103,Peter,Curtis,R,19450829,GBR,atp
100010,Luis,Ayala,R,19320918,CHI,atp
100037,Nikola,Pilic,L,19390827,CRO,atp
100019,Wieslaw,Gasiorek,R,19360113,POL,atp
109816,E Victor,Seixas,R,19230830,USA,atp
100081,Charlie,Pasarell,R,19440212,USA,atp
100317,Stephen,Warboys,R,19531025,GBR,atp
100148,Ismail,El Shafei,R,19471115,EGY,atp
100152,David,Lloyd,R,19480103,GBR,atp
100121,Raymond,Moore,R,19460824,RSA,atp
100071,Jean Claude,Barclay,R,19421230,FRA,atp
100022,Roy,Emerson,R,19361103,AUS,atp
109775,Robert,Wilson,R,19351122,GBR,atp
100085,Hans Jaochim,Plotz,R,19440226,GER,atp
109743,Paul,Hutchins,R,19450405,GBR,atp
100162,Brian,Fairlie,R,19480613,NZL,atp
100061,Tom,Edlefsen,R,19411212,USA,atp
100026,Andres,Gimeno,R,19370803,ESP,atp
100203,Phil,Dent,R,19500214,AUS,atp
100030,Fred,Stolle,R,19381008,AUS,atp
110070,Robert,Perry,R,19330317,USA,atp
100135,Onny,Parun,R,19470415,NZL,atp
100079,Bill,Bowrey,R,19431225,AUS,atp
100076,Milan,Holecek,R,19431023,CZE,atp
109783,Bob,Howe,R,19250803,AUS,atp
100039,Boro,Jovanovic,R,19391021,CRO,atp
100069,Dennis,Ralston,R,19420727,USA,atp
100067,Frew,Mcmillan,R,19420520,RSA,atp
100139,Gerald,Battrick,R,19470527,GBR,atp
100055,Cliff,Drysdale,R,19410526,RSA,atp
100127,Tom,Gorman,R,19461219,USA,atp
110017,John,Mcdonald,R,19310204,NZL,atp
109814,Donald,Dell,R,19380617,USA,atp
100060,Marty,Riessen,R,19411204,USA,atp
109823,Ron,Holmberg,R,19380127,USA,atp
100020,Alejandro,Olmedo,R,19360324,PER,atp
100090,Dick,Crealy,R,19440918,AUS,atp
100016,Ken,Rosewall,R,19341102,AUS,atp
109755,V,Kazarevitch,R,,RUS,atp
100243,Steve,Krulevitz,R,19510530,USA,atp
100063,William,Higgins,R,19420402,USA,atp
100150,Lito,Alvarez,R,19471205,ARG,atp
109848,Danny,Obryant,R,,USA,atp
109938,Tom,Mozur,R,,USA,atp
109927,G Turner,Howard,R,19470724,USA,atp
109989,Ron,Goldman,R,,USA,atp
100212,Franklin,Robbins,R,19500613,USA,atp
110039,Sutarjo,Sugiarto,R,,IND,atp
100186,Jeff,Borowiak,R,19490925,USA,atp
100144,Robert,Lutz,R,19470829,USA,atp
100066,Frank,Froehling,R,19420519,USA,atp
100018,Barry,Mackay,R,19350831,USA,atp
100134,Roy,Barth,R,19470330,USA,atp
100217,Robert,Mckinley,R,19500805,USA,atp
100074,Arthur,Ashe,R,19430710,USA,atp
107217,Ian,Crookenden,R,,NZL,atp
100282,Guillermo,Vilas,L,19520817,ARG,atp
100094,Jim,Osborne,R,19450201,USA,atp
109811,Chauncey,Steele Iii,R,,USA,atp
109881,Atet,Wijono,R,,IND,atp
109833,Richard,Russell,U,19450908,JAM,atp
100102,Joaquin Loyo,Mayo,R,19450816,MEX,atp
109764,Bernard,Paul,R,,FRA,atp
100155,Ramiro,Benavides,R,19480130,BOL,atp
100035,Ion,Tiriac,R,19390509,ROU,atp
100215,Fred,Mcnair,R,19500722,USA,atp
109817,Stefan,Koudelka,R,,CZE,atp
100231,Erik,Van Dillen,R,19510221,USA,atp
100133,Pat,Cramer,R,19470321,RSA,atp
100216,Charles,Owens,R,19500731,USA,atp
100205,Paul,Gerken,R,19500315,USA,atp
100229,Dick,Stockton,R,19510218,USA,atp
107799,Miguel,Olvera,R,,ECU,atp
100129,Jean Baptiste,Chanfreau,R,19470117,FRA,atp
109825,Koji,Watanabe,R,,JPN,atp
109822,Thomas,Lejus,R,19410828,RUS,atp
100176,Hans,Kary,L,19490223,AUT,atp
109782,William,Alvarez,R,19341215,COL,atp
110016,Alan,Kendal,U,,AUS,atp
100376,Buster C,Mottram,R,19550425,GBR,atp
106616,Bernard,Montrenaud,R,,FRA,atp
100159,Vladimir,Korotkov,R,19480423,RUS,atp
100092,Alex,Metreveli,R,19441102,RUS,atp
107993,Peter,Pokorny,R,,AUT,atp
100044,Sergei,Likhachev,R,19400320,RUS,atp
100173,Andrew,Pattison,R,19490130,USA,atp
100104,D Richard,Russell,R,19450908,JAM,atp
109745,Lew,Hoad,R,19341123,AUS,atp
100077,Daniel,Contet,R,19431103,FRA,atp
106517,Anatoli,Volkov,R,,RUS,atp
110268,Ernesto,Aguirre,U,,CHI,atp
108085,Richard,Hawkes,R,,NZL,atp
107453,Juan,Couder,R,,ESP,atp
100073,Mark,Cox,L,19430705,GBR,atp
109957,Gerry,Perry,U,19470601,USA,atp
100138,Dan,Bleckinger,R,19470527,USA,atp
110327,Jose Maria,Gisbert,U,19450207,ESP,atp
106468,Alberto,Martorell,R,,ESP,atp
100141,Zeljko,Franulovic,R,19470613,CRO,atp
110328,Pedro,Loewe,U,,ESP,atp
100170,Bernard,Mignot,R,19481203,BEL,atp
100113,Jan,Kodes,R,19460301,CZE,atp
100064,Juan,Gisbert,R,19420405,ESP,atp
107429,Jose,Castanon,R,,ESP,atp
109911,Jose,Cordon,U,,UNK,atp
100106,Graham,Stilwell,R,19451115,GBR,atp
100003,Frank,Sedgman,R,19271002,AUS,atp
100257,Ross,Case,R,19511101,AUS,atp
100045,John,Paish,L,19400323,GBR,atp
100080,Szabolcz,Baranyi,R,19440131,HUN,atp
109777,Alan,Fox,R,19390625,USA,atp
100007,Abe,Segal,L,19301023,RSA,atp
100005,Richard Pancho,Gonzales,R,19280509,USA,atp
100142,Peter,Szoke,R,19470808,HUN,atp
100091,Colin,Dibley,R,19440919,AUS,atp
100009,Istvan,Gulyas,R,19311014,HUN,atp
100086,Frantisek,Pala,L,19440328,CZE,atp
108118,Robert,Machan,R,,HUN,atp
100200,Antonio,Zugarelli,R,19500117,ITA,atp
100270,Anand,Amritraj,R,19520320,IND,atp
100201,Syd,Ball,R,19500124,AUS,atp
100286,Harold,Solomon,R,19520917,USA,atp
100321,Vijay,Amritraj,R,19531214,IND,atp
106867,Derek,Schroder,R,,RSA,atp
100179,Karl,Meiler,R,19490430,GER,atp
100149,Toshiro,Sakai,R,19471123,JPN,atp
100255,Roscoe,Tanner,L,19511015,USA,atp
100266,John,Feaver,R,19520216,GBR,atp
100013,Neale,Fraser,L,19331003,AUS,atp
100297,Corrado,Barazzutti,R,19530219,ITA,atp
100284,Jimmy,Connors,L,19520902,USA,atp
100130,Vladimir,Zednik,R,19470201,CZE,atp
100261,Brian,Gottfried,R,19520127,USA,atp
100146,Jun,Kamiwazumi,R,19471001,JPN,atp
100225,Peter,Doerner,R,19501117,AUS,atp
100118,Ivan,Molina,L,19460616,COL,atp
108360,Teimuraz,Kakoulia,R,,RUS,atp
109815,Stanley,Matthews,R,19451120,GBR,atp
100232,Eddie,Dibbs,R,19510223,USA,atp
107917,Pancho,Musalem,R,,CHI,atp
107599,Luis,Riba,R,,ESP,atp
107457,Juan Ignacio,Muntanola,R,,ESP,atp
100196,Haroon,Rahim,R,19491112,PAK,atp
100145,Dick,Dell,R,19470929,USA,atp
100288,Tenny,Svensson,R,19520921,SWE,atp
109944,Greg,Cooper,R,19600717,USA,atp
100100,Tony,Roche,L,19450517,AUS,atp
100180,Bill,Lloyd,R,19490507,AUS,atp
100070,Jan,Kukal,R,19420913,CZE,atp
107456,Juan,Herrera,R,,ESP,atp
100277,Jacques,Thamin,R,19520523,FRA,atp
100223,Jeff,Simpson,R,19501029,NZL,atp
100038,Jaime,Pinto Bravo,R,19391009,CHI,atp
100273,Kim,Warwick,R,19520408,AUS,atp
100228,Kjell,Johansson,R,19510212,SWE,atp
100239,Hans,Engert,R,19510422,GER,atp
100147,Marcello,Lara,R,19471005,MEX,atp
100140,Steve,Faulk,R,19470601,USA,atp
100199,Patrice,Dominguez,L,19500112,FRA,atp
100437,Bjorn,Borg,R,19560606,SWE,atp
100169,Ian,Fletcher,R,19481201,AUS,atp
100185,Patrick,Proisy,R,19490910,FRA,atp
100220,Jiri,Hrebec,R,19500919,CZE,atp
100122,Julian,Ganzabal,R,19460825,ARG,atp
100193,Wanaro,Ngodrella,R,19491019,FRA,atp
100305,Mark,Farrell,R,19530506,GBR,atp
100107,Robert,Rheinberger,R,19451118,AUS,atp
106594,Attila,Korpas,R,,GER,atp
100377,Colin,Dowdeswell,R,19550512,GBR,atp
108434,Tony,Parun P071,R,,NZL,atp
110296,Felix,Morey,U,,ESP,atp
100195,Nicolas,Kelaidis,R,19491029,GRE,atp
108192,Sachio,Kato,R,,JPN,atp
100109,Jun,Kuki,R,19451228,JPN,atp
110209,Jackie,Cooper,U,19440701,USA,atp
100116,Sherwood,Stewart,R,19460606,USA,atp
100093,William,Brown,R,19450114,USA,atp
108254,Shinya,Tanaka,R,,JPN,atp
100206,Kenichi,Hirai,R,19500319,JPN,atp
106996,Felix,Ponte,R,,PER,atp
100346,Paul,Kronk,R,19540922,AUS,atp
100052,Keishiro,Yanagi,R,19410224,JPN,atp
100156,Jasjit,Singh,R,19480204,IND,atp
107518,Kiyoski,Tanabe,R,,JPN,atp
100017,Mal,Anderson,R,19350303,AUS,atp
100309,Raul,Ramirez,R,19530620,MEX,atp
107810,Mike,Kreiss,R,,USA,atp
100360,Brian,Teacher,R,19541223,USA,atp
100299,James Chico,Hagey,R,19530225,USA,atp
100267,Rayno,Seegers,R,19520229,RSA,atp
100250,Woody,Blocher,R,19510824,USA,atp
100351,Freddie,De Jesus,R,19541030,PUR,atp
100011,Torben,Ulrich,L,19321004,DEN,atp
100417,Hans,Gildemeister,R,19560209,CHI,atp
100301,Jim,Delaney,R,19530312,USA,atp
100208,Dick R,Bohrnstedt,R,19500428,USA,atp
100342,Vitas,Gerulaitis,R,19540726,USA,atp
100251,Grover Raz,Reid,R,19510827,USA,atp
100345,Pat,Dupre,R,19540916,USA,atp
106697,Carlos,Feldstedt,R,,CHI,atp
107275,Jan,Hordijk,R,,NED,atp
109850,Nick,Fleury,U,19450510,NED,atp
100247,Rolf,Thung,L,19510727,NED,atp
100211,Louk,Sanders,R,19500509,NED,atp
108533,Wouter,Fok,R,,NED,atp
100343,John,Lloyd,R,19540827,GBR,atp
100263,John,Andrews,R,19520205,USA,atp
100082,Roger,Dowdeswell,R,19440216,ZIM,atp
100461,Billy,Martin,R,19561225,USA,atp
107895,Orlando,Agudelo,R,,COL,atp
100279,Mike,Cahill,R,19520617,USA,atp
100198,Alvaro,Betancur,R,19500103,COL,atp
100367,Belus,Prajoux,R,19550227,CHI,atp
100324,John,Whitlinger,R,19540204,USA,atp
100339,Victor,Amaya,L,19540702,USA,atp
100124,Steve,Turner,R,19461017,USA,atp
100289,Byron,Bertram,R,19521029,RSA,atp
100197,Alejandro,Pierola,R,19491120,CHI,atp
100171,John,Yuill,R,19481212,RSA,atp
106962,Ernesto,Vazquez,R,,ESP,atp
100278,Frank,Gebert,R,19520611,GER,atp
100190,Norman,Holmes,R,19491005,USA,atp
100325,Ulrich,Pinner,R,19540207,GER,atp
100280,Wojtek,Fibak,R,19520803,POL,atp
100238,Rick,Fisher,R,19510329,USA,atp
107823,Mitsuru,Motoi,R,,JPN,atp
100333,Shigeyuki,Nishio,R,19540523,JPN,atp
108253,Shinichi,Sakamoto,R,,JPN,atp
108567,Yuji,Tezuka,R,,JPN,atp
106453,Akinori,Naguro,R,,JPN,atp
106452,Akifumi,Machidori,R,,JPN,atp
108275,Spencer,Segura,R,,USA,atp
107898,Osamu,Ishiguro,R,,JPN,atp
109951,Moon Il,Kim,U,,KOR,atp
106455,Akira,Motomura,R,,JPN,atp
100059,Isao,Watanabe,R,19411123,JPN,atp
109924,Takao,Yamamoto,R,,JPN,atp
109952,Osamu,Yanagihara,U,,JPN,atp
108193,Sadao,Kosugi,R,,JPN,atp
100042,Ryoichi,Mori,R,19400114,JPN,atp
109953,Yoshimito,Miyashita,U,,JPN,atp
100492,John,Austin,R,19570731,USA,atp
100024,Jan Eric,Lundquist,R,19370414,SWE,atp
107277,Jan,Pisecky,R,,CZE,atp
107284,Janos,Benyik,R,,HUN,atp
107092,Geza,Varga,R,,HUN,atp
100034,Christian,Kuhnke,R,19390413,GER,atp
107233,Ingo,Wimmer,R,,AUT,atp
100281,Sashi,Menon,R,19520809,IND,atp
100332,Balazs,Taroczy,R,19540509,HUN,atp
100395,Victor,Pecci,R,19551015,PAR,atp
100304,Robert,Kreiss,R,19530430,USA,atp
100362,Peter,Fleming,R,19550121,USA,atp
100372,Trey,Waltke,R,19550316,USA,atp
100268,Denis,Naegelen,R,19520314,FRA,atp
100315,Hank,Pfister,R,19531009,USA,atp
100422,Bruce,Manson,L,19560320,USA,atp
108466,Vicente,Castano,R,,ESP,atp
100274,Eric,Deblicker,R,19520417,FRA,atp
100262,Rolf,Norberg,R,19520131,SWE,atp
106629,Birger,Andersson,R,,SWE,atp
106923,Eduardo,Mandarino,R,,ESP,atp
100191,Doug,Crawford,R,19491015,USA,atp
100358,Mike,Fishbach,R,19541201,USA,atp
108421,Toma,Ovici,R,,ROU,atp
109958,Viorel,Marcu,U,,ROU,atp
100258,Jorge,Andrew,R,19511102,VEN,atp
107768,Michael,Burgener,R,19490601,SUI,atp
100154,Peter,Kanderal,R,19480116,SUI,atp
107255,Jacek,Niedzwiedzki,R,,POL,atp
100409,Randy,Crawford,R,19551222,USA,atp
109889,Tim,Sturdza,U,,SUI,atp
108342,Tadeusz,Nowicki,R,,POL,atp
106901,Dragan,Stojovic,R,,YUG,atp
106438,A,Uehara,R,,JPN,atp
100326,Russell,Simpson,R,19540222,NZL,atp
100303,Henry,Bunis,R,19530327,USA,atp
108415,Tom,Kreiss,R,,USA,atp
100227,Alvin,Gardiner,R,19510211,AUS,atp
100382,Chris,Kachel,R,19550619,AUS,atp
100334,Ernie,Ewert,R,19540605,AUS,atp
100265,Cliff,Letcher,R,19520209,AUS,atp
100396,Martin,Robinson,L,19551019,GBR,atp
100354,Bernard,Mitton,R,19541109,RSA,atp
100172,Modesto Tito,Vazquez,R,19490101,ESP,atp
100394,Angel,Gimenez,R,19551010,ESP,atp
100221,Carlos,Kirmayr,R,19500923,BRA,atp
106567,Antonio,Domenech,R,,ESP,atp
107026,Francisco,Mastelli,R,,ARG,atp
100245,Jeff,Austin,R,19510705,USA,atp
100298,George,Hardie,L,19530219,USA,atp
100233,Ricardo,Cano,R,19510226,ARG,atp
100374,Javier,Soler,L,19550325,ESP,atp
100226,Mike,Machette,R,19510127,USA,atp
100253,Tom,Gullikson,L,19510908,USA,atp
100356,Paul,Mcnamee,R,19541112,AUS,atp
100164,Bill,Lofgren,R,19480731,USA,atp
108368,Tetsu,Kuramitsu,R,,JPN,atp
100452,Bill,Scanlon,R,19561113,USA,atp
100344,Eric,Friedler,R,19540908,USA,atp
100428,Gene,Mayer,R,19560411,USA,atp
100293,John,Marks,R,19521209,AUS,atp
108315,Steve,Mott,R,,USA,atp
100369,Herve,Gauvain,R,19550304,FRA,atp
100031,Dimitri,Sturdza,R,19381110,SUI,atp
100276,Terry,Moor,L,19520423,USA,atp
107463,Juan,Torralbo,R,,ESP,atp
100236,John,James,R,19510307,AUS,atp
100177,Pavel,Hutka,R,19490228,CZE,atp
100503,Lorenzo,Fargas,R,19571019,ESP,atp
106899,Douglas,Palm,R,,SWE,atp
100413,Ulrich,Marten,R,19560101,GER,atp
100331,Jean Louis,Haillet,R,19540507,FRA,atp
100444,Werner,Zirngibl,R,19560904,GER,atp
100477,Gianni,Ocleppo,R,19570406,ITA,atp
107235,Ionel,Santeiu,R,,ROU,atp
100269,Joe,Garcia,R,19520317,USA,atp
100474,Chris,Lewis NZL,R,19570309,NZL,atp
100337,Mark,Edmondson,R,19540624,AUS,atp
100271,Jean Francois,Caujolle,L,19520331,FRA,atp
100436,Nick,Saviano,L,19560605,USA,atp
100322,Emilio,Montano,R,19531218,MEX,atp
100117,Butch,Seewagen,R,19460613,USA,atp
100302,Joaquim,Rasgado Jr,R,19530324,BRA,atp
100168,Kenneth,Mcmillan,R,19481125,USA,atp
100313,Keith,Richardson,R,19530818,USA,atp
100388,Peter,Pearson,R,19550812,USA,atp
100202,George,Amaya,L,19500212,USA,atp
100400,Hubertus,Hoyt,R,19551103,USA,atp
100434,Tomas,Smid,R,19560520,CZE,atp
100319,Rick,Fagel,R,19531129,USA,atp
100272,Sandy,Mayer,R,19520405,USA,atp
100259,Peter,Feigl,R,19511130,AUT,atp
100532,Johan,Kriek,R,19580405,USA,atp
100403,Rolf,Gehring,R,19551125,GER,atp
100363,Jiri,Granat,R,19550128,CZE,atp
100659,Helmar,Stiegler,R,19600318,AUT,atp
107279,Jan,Simbera,R,,CZE,atp
100406,Greg,Halder,R,19551205,CAN,atp
100631,Tim,Wilkison,L,19591123,USA,atp
100359,Richard,Lewis,L,19541206,GBR,atp
100380,Butch,Walts,R,19550604,USA,atp
100210,Steve,Docherty,R,19500506,AUS,atp
100485,Tsuyoshi,Fukui,R,19570622,JPN,atp
100252,Tim,Gullikson,R,19510908,USA,atp
100287,Robin,Drysdale,R,19520918,GBR,atp
100327,Willem,Prinsloo,R,19540225,RSA,atp
100306,Michael,Wayman,R,19530506,GBR,atp
100240,Joao,Soares,R,19510425,BRA,atp
100545,Deon,Joubert,L,19580619,RSA,atp
100506,Howard,Schoenfield,R,19571115,USA,atp
100579,Heinz,Gunthardt,R,19590208,SUI,atp
100555,Jose Luis,Clerc,R,19580816,ARG,atp
100292,Alvaro,Fillol,R,19521204,CHI,atp
100248,Max,Hurlimann,R,19510730,SUI,atp
100348,Gerard,Toulon,R,19540924,FRA,atp
100526,Ricardo,Ycaza,R,19580216,ECU,atp
100435,Regis,Brunet,R,19560531,FRA,atp
100543,Peter,Elter,R,19580610,GER,atp
100421,Jan,Norback,R,19560306,SWE,atp
100387,Jiri,Prucha,R,19550810,CZE,atp
100536,Fernando,Luna,R,19580424,ESP,atp
100402,Francisco,Gonzalez,R,19551119,PAR,atp
100481,Roberto,Vizcaino,R,19570425,ESP,atp
100486,Christophe Roger,Vasselin,R,19570708,FRA,atp
100634,Larry,Gottfried,R,19591208,USA,atp
100585,Van,Winitsky,L,19590312,USA,atp
100475,Matt,Mitchell,R,19570316,USA,atp
100586,Eliot,Teltscher,R,19590315,USA,atp
100378,David,Schneider,R,19550517,USA,atp
100581,John,Mcenroe,L,19590216,USA,atp
107379,John Chris,Lewis,R,,USA,atp
108349,Takehiko,Nishiwaki,R,,JPN,atp
108345,Taisen,Kanai,R,,JPN,atp
100430,David,Carter,R,19560421,AUS,atp
106591,Asher,Kahn,R,,USA,atp
106966,Etsuo,Uchiyama,R,,JPN,atp
100752,Ramesh,Krishnan,R,19610605,IND,atp
100316,Scott,Carnahan,R,19531024,USA,atp
107903,Osuma,Nakamura,R,,JPN,atp
100357,Bhanu,Nunna,R,19541113,IND,atp
107864,Nobuya,Tamura,R,,JPN,atp
106454,Akira,Kawaguchi,R,,JPN,atp
100456,Ferdi,Taygan,R,19561205,USA,atp
100449,Stanislav,Birner,R,19561011,CZE,atp
100656,Ivan,Lendl,R,19600307,USA,atp
100446,John,Sadri,R,19560919,USA,atp
100512,Robert,Reininger,R,19580101,AUT,atp
107875,Octavio,Martinez,R,,MEX,atp
106947,Enrique,Haro,R,,MEX,atp
109849,A,Hernandez,R,,MEX,atp
100373,Christopher,Sylvan,R,19550318,USA,atp
107297,Javier,Ordaz,R,,MEX,atp
100502,Vincent,Van Patten,R,19571017,USA,atp
106703,Carlos,Lopez,R,,MEX,atp
108131,Roberto,Chavez,R,,MEX,atp
106865,Dennis,Gibson,R,,USA,atp
100256,Luis,Baraldi,R,19511021,MEX,atp
100285,Rod,Frawley,R,19520908,AUS,atp
100397,Terry,Rocavert,R,19551021,AUS,atp
100383,Peter,Mcnamara,R,19550705,AUS,atp
100163,Tom,Leonard,R,19480715,USA,atp
100789,Ivan,Dupasquier,R,19611123,SUI,atp
100500,Rohun,Beven,R,19570921,GBR,atp
107954,Paul,Van Min,R,,NED,atp
100497,Markus,Gunthardt,R,19570910,SUI,atp
100314,Bernard,Fritz,R,19531005,FRA,atp
100612,Alvaro,Margets,R,19590726,ESP,atp
100667,Per,Hjertquist,R,19600406,SWE,atp
100411,Pavel,Slozil,R,19551229,CZE,atp
100525,Gilles,Moretton,R,19580210,FRA,atp
100498,Klaus,Eberhard,R,19570915,GER,atp
100530,Andreas,Maurer,R,19580308,GER,atp
100564,Cary,Stansbury,R,19581017,USA,atp
100592,Robert,Vant Hof,R,19590410,USA,atp
100523,Erick,Iskersky,R,19580125,USA,atp
100443,Christophe,Freyss,L,19560830,FRA,atp
100499,Chris,Mayotte,R,19570916,USA,atp
100529,Kevin,Curren,R,19580302,USA,atp
100546,Eric,Fromm,R,19580627,USA,atp
100600,Pascal,Portes,R,19590528,FRA,atp
100166,Gene Stuart,Malin,R,19481001,USA,atp
100655,Fritz,Buehning,R,19600305,USA,atp
108453,Ulf,Eriksson,R,,SWE,atp
108162,Roland,Steigler,R,,AUT,atp
100407,Dale,Collings,R,19551216,AUS,atp
100551,Brad,Drewett,L,19580719,AUS,atp
100517,Matt,Doyle,R,19580113,USA,atp
100676,Yannick,Noah,R,19600518,FRA,atp
107459,Juan Manuel,Hidalgo,R,,ESP,atp
100318,Roger,Guedes,R,19531103,BRA,atp
100764,Gabriel,Urpi,R,19610816,ESP,atp
100460,Jose,Lopez Maeso,R,19561224,ESP,atp
100410,Tim,Garcia,R,19551228,USA,atp
100384,Alejandro,Cortes,R,19550714,COL,atp
100429,Miguel,Mir,R,19560418,ESP,atp
100829,Jan,Gunnarsson,R,19620530,SWE,atp
107180,Harvey,Spiegel,R,,USA,atp
100598,Wolfgang,Popp,R,19590519,GER,atp
100803,Stefan,Svensson,R,19620217,SWE,atp
100440,Eddie,Edwards,R,19560703,RSA,atp
100652,Cassio,Motta,R,19600222,BRA,atp
100597,Jay,Lapidus,L,19590501,USA,atp
100415,Michael,Grant,R,19560203,USA,atp
100368,Haroon,Ismail,R,19550227,ZIM,atp
100557,Jai,Dilouie,R,19580911,USA,atp
100447,Juan,Nunez,R,19560923,CHI,atp
100294,Rejean,Genois,R,19521230,CAN,atp
100464,Warren,Maher,R,19570115,AUS,atp
100797,Ben,Testerman,L,19620202,USA,atp
100611,Mel,Purcell,R,19590718,USA,atp
100392,Richard,Meyer,R,19550904,USA,atp
100412,Bruce,Nichols,R,19551231,USA,atp
100603,Roland,Stadler,U,19590614,SUI,atp
100701,Marko,Ostoja,R,19601020,CRO,atp
100241,Joel,Bailey,R,19510425,USA,atp
108331,Suehiro,Ito,R,,JPN,atp
108257,Shoichi,Tatsuno,R,,JPN,atp
100569,Toru,Yonezawa,R,19581031,JPN,atp
108577,Zhao,Xie,R,,CHN,atp
106929,Eiji,Takeuchi,R,,JPN,atp
100445,Steve,Denton,R,19560905,USA,atp
100821,Hans,Simonsson,R,19620501,SWE,atp
106716,Chang Hong,Ni,R,,CHN,atp
100467,Mark,Turpin,R,19570204,USA,atp
107204,Hiroyuki,Bamba,R,,JPN,atp
100524,Shozo,Shiraishi,R,19580127,JPN,atp
100640,Stefan,Simonsson,R,19600105,SWE,atp
100488,Chris,Delaney,R,19570716,USA,atp
101906,Yasufumi,Yamamoto,R,19710503,JPN,atp
100438,Carlos,Gattiker,R,19560606,ARG,atp
100451,Tony,Graham,R,19561029,USA,atp
100905,Sammy,Giammalva Jr,R,19630324,USA,atp
100562,Tom,Cain,R,19581011,USA,atp
100535,Tony,Giammalva,R,19580421,USA,atp
100375,John,Hayes,R,19550407,USA,atp
108377,Thierry,Stevaux,R,,BEL,atp
100489,Larry,Stefanki,R,19570723,USA,atp
100565,Lloyd,Bourne,R,19581018,USA,atp
107649,Marco,Alciati,R,,ITA,atp
100574,Peter,Rennert,L,19581226,USA,atp
100505,Famiano,Meneschincheri,R,19571113,ITA,atp
100508,Peter,Spang,R,19571120,GER,atp
110356,F,Settelmeyer,R,,GER,atp
100599,Bernard,Boileau,R,19590525,BEL,atp
100616,Andy,Kohlberg,L,19590817,USA,atp
100353,Bruce,Kleege,R,19541101,USA,atp
106610,Beejong,Sisson,R,,PHI,atp
100781,Bernhard,Pils,R,19611020,AUT,atp
107328,Jeremy,Cohen,R,,USA,atp
100386,Jose,Garcia G003,R,19550723,ESP,atp
100893,Joakim,Nystrom,R,19630220,SWE,atp
100230,Welry,Fritz,R,19510219,CAN,atp
100942,Thierry,Tulasne,R,19630712,FRA,atp
100719,Juan,Avendano,R,19610129,ESP,atp
100653,Andres,Gomez,L,19600227,ECU,atp
100757,Anders,Jarryd,R,19610713,SWE,atp
100577,Rory,Chappell,R,19590113,RSA,atp
100661,Damir,Keretic,R,19600326,GER,atp
100910,Magnus,Tideman,R,19630409,SWE,atp
100246,Frank,Puncec,R,19510709,RSA,atp
100516,Andrew,Jarrett,R,19580109,GBR,atp
100483,Christophe,Casa,R,19570530,FRA,atp
100769,Mario,Martinez,R,19610912,BOL,atp
100711,Pedro,Rebolledo,R,19601217,CHI,atp
100468,Dominique,Bedel,R,19570220,FRA,atp
100515,Shlomo,Glickstein,R,19580106,ISR,atp
100749,Dave,Siegler,R,19610531,USA,atp
100765,Rodney,Harmon,R,19610816,USA,atp
101061,Jimmy,Arias,R,19640816,USA,atp
100453,Jose Luis,Damiani,R,19561121,URU,atp
100663,Marcel,Freeman,R,19600330,USA,atp
100448,Bruce,Foxworth,R,19560925,USA,atp
107630,Marc,Albert,R,,NED,atp
101046,Eric,Wilborts,R,19640620,NED,atp
100450,Leo,Palin,R,19561020,FIN,atp
100308,Robert,Trogolo,R,19530615,RSA,atp
100699,Chris,Johnstone,R,19601012,AUS,atp
107000,Fernando,Dalla Fontana,R,,ARG,atp
100607,Eduardo,Bengoechea,R,19590702,ARG,atp
100855,Scott,Davis,R,19620827,USA,atp
100567,Chip,Hooper,R,19581024,USA,atp
100800,Diego,Perez,R,19620209,URU,atp
100606,Mike,Bauer,R,19590629,USA,atp
100405,Fernando,Maynetto,R,19551202,PER,atp
100393,Marcos,Hocevar,R,19550926,BRA,atp
100573,Ron,Hightower,R,19581212,USA,atp
100472,Craig,Wittus,R,19570224,USA,atp
109925,Yoshito,Nakamura,R,,JPN,atp
100522,Chris,Dunk,R,19580123,USA,atp
110228,Toshio,Iwazawa,R,,JPN,atp
110229,Haruhiko,Matsunaga,R,,JPN,atp
106638,Bob,Weise W055,R,,USA,atp
110230,Yoshiya,Hamano,R,,JPN,atp
106627,Bill,Shivar,R,,USA,atp
110231,Hachiro,Shibata,R,,JPN,atp
110232,Yukihiko,Murata,R,,JPN,atp
106641,Bobby,Webb,R,,USA,atp
108252,Shinichi,Nishino,R,,JPN,atp
107841,Naomi,Uemura,R,,JPN,atp
110233,Kunio,Tsukamoto,R,,JPN,atp
110234,Noriyuki,Washida,R,,JPN,atp
100649,David,Dowlen,R,19600203,USA,atp
110235,Weller,Evans,R,19541119,USA,atp
110236,Toyokazu,Tomogane,R,,JPN,atp
100566,Hitoshi,Shirato,R,19581019,JPN,atp
100570,Marty,Davis,R,19581115,USA,atp
108346,Takanobu,Fujii,R,,JPN,atp
110237,Kiyoshi,Miyanami,R,,JPN,atp
100519,Scott,Mccain,R,19580115,USA,atp
107850,Nial,Brash,R,,USA,atp
100540,Drew,Gitlin,R,19580526,USA,atp
100401,Sean,Sorensen,R,19551112,IRL,atp
100835,Hans Dieter,Beutel,R,19620612,GER,atp
100426,Hans Peter,Kandler,R,19560402,AUT,atp
107928,Pat,Serret,R,,AUS,atp
100364,Jonathan,Smith,R,19550129,GBR,atp
100713,John,Fitzgerald,R,19601228,AUS,atp
100726,Greg,Whitecross,R,19610315,AUS,atp
101013,Henrik,Sundstrom,R,19640229,SWE,atp
100857,Sergio,Casal,R,19620908,ESP,atp
100307,Paul,Torre,R,19530518,FRA,atp
100636,Gustavo,Tiberti,R,19591211,ARG,atp
109955,Antonio,Capella,R,,ESP,atp
100782,Pablo,Arraya,R,19611021,PER,atp
100729,Fernando,Soler,R,19610327,ESP,atp
100799,Carlos,Castellan,R,19620208,ARG,atp
100844,Jerome,Potier,L,19620718,FRA,atp
100646,Claudio,Panatta,R,19600202,ITA,atp
100635,Mark,Dickson,R,19591208,USA,atp
100593,Miloslav,Lacek,L,19590416,CZE,atp
100534,Steve,Meister,R,19580421,USA,atp
100878,Christoph,Zipf,R,19621205,GER,atp
100471,Mark,Vines,L,19570223,USA,atp
100463,Ben,Mckown,R,19570111,USA,atp
100924,Jorge,Lozano,R,19630517,MEX,atp
106447,Adolfo,Gonzalez,R,,MEX,atp
100575,Andy,Andrews,R,19590101,USA,atp
100605,Charlie,Fancutt,R,19590617,AUS,atp
100759,Danie,Visser,L,19610726,RSA,atp
100459,Tracy,Delatte,R,19561222,USA,atp
100681,Morris Skip,Strode,R,19600605,USA,atp
100936,Henri,Leconte,L,19630704,FRA,atp
100495,Wayne,Hampson,R,19570823,AUS,atp
100349,Glen,Holroyd,R,19540925,USA,atp
100689,Tim,Mayotte,R,19600803,USA,atp
100624,Derek,Tarr,L,19590915,USA,atp
100553,Nduka,Odizor,R,19580809,NGR,atp
100638,David,Mustard,L,19591229,NZL,atp
100398,Julio,Goes,R,19551025,BRA,atp
100680,Peter,Johnston,L,19600601,AUS,atp
100762,Freddie,Sauer,R,19610802,RSA,atp
101062,Mats,Wilander,R,19640822,SWE,atp
100425,Junie,Chatman,R,19560329,USA,atp
100962,Thomas,Hogstedt,R,19630921,SWE,atp
100490,Jaroslav,Navratil,R,19570724,CZE,atp
106706,Cary,Leeds,R,,USA,atp
100657,Mike,Leach,L,19600309,USA,atp
100609,Zoltan,Kuharszky,R,19590708,HUN,atp
107724,Masaru,Suishu,R,,JPN,atp
107527,Konstantin,Pugayev,R,,RUS,atp
107168,Hans,Hansson,R,,AUS,atp
100537,Mike,Brunnberg,R,19580504,USA,atp
100815,David,Pate,R,19620416,USA,atp
100328,Rand,Evett,R,19540301,USA,atp
100763,Brad,Gilbert,R,19610809,USA,atp
108494,Walter,Redondo,R,,USA,atp
100493,Eric,Sherbeck,R,19570807,USA,atp
107529,Kouichi,Sayama,R,,JPN,atp
101094,Eduardo,Oncins,R,19641210,BRA,atp
100496,Charles Buzz,Strode,R,19570905,USA,atp
107478,Kaoru,Maruyama,R,,JPN,atp
100894,Francesco,Cancellotti,R,19630227,ITA,atp
100563,Joel,Hoffman,R,19581014,USA,atp
100547,Rocky,Royer,R,19580627,USA,atp
100596,Bill,Cowan,R,19590428,CAN,atp
100674,Jeff,Turpin,R,19600513,USA,atp
100836,Glenn,Michibata,R,19620613,CAN,atp
100923,Wally,Masur,R,19630513,AUS,atp
100518,Ricardo,Acuna,R,19580113,CHI,atp
100651,Alejandro,Ganzabal,R,19600216,ARG,atp
100934,Matt,Anger,R,19630620,USA,atp
100441,Mark,Darby,R,19560703,USA,atp
107051,Gabriel,Mattos,R,,BRA,atp
100588,Pender,Murphy,R,19590319,USA,atp
100538,Alejandro,Gattiker,R,19580505,ARG,atp
101131,Jimmy,Brown,R,19650428,USA,atp
100738,Schalk,Van Der Merwe,R,19610416,RSA,atp
100615,Gianluca,Rinaldini,R,19590810,ITA,atp
100780,Mike,De Palmer,L,19611017,USA,atp
100310,Mike,Myburg,R,19530623,RSA,atp
100993,Loic,Courteau,R,19640106,FRA,atp
101098,Guy,Forget,L,19650104,FRA,atp
100715,Jim,Gurfein,L,19610104,USA,atp
100578,Brent,Pirow,R,19590206,RSA,atp
100848,Alberto,Tous,R,19620803,ESP,atp
100790,Bruce,Derlin,L,19611128,NZL,atp
100501,Gregoire,Rafaitin,R,19570926,FRA,atp
100809,Juan,Aguilera,R,19620322,ESP,atp
107024,Francisco,Ferrer,R,,ESP,atp
101084,Jakob,Hlasek,R,19641112,SUI,atp
100628,Michiel,Schapers,R,19591011,NED,atp
100714,Broderick,Dyke,L,19601231,AUS,atp
100868,Craig A,Miller,R,19621018,AUS,atp
100871,Laurie,Warder,R,19621023,AUS,atp
100964,Jon,Levine,R,19630929,USA,atp
100728,Todd,Nelson,R,19610318,USA,atp
100926,Ken,Flach,R,19630524,USA,atp
100702,Sean,Brawley,R,19601024,USA,atp
100920,Robert,Seguso,R,19630501,USA,atp
100957,Greg,Holmes,R,19630829,USA,atp
100528,Randy,Druz,R,19580226,USA,atp
100901,Paul,Annacone,R,19630320,USA,atp
101113,Michael,Westphal,R,19650219,GER,atp
101147,Claudio,Mezzadri,R,19650610,SUI,atp
101222,Stefan,Edberg,R,19660119,SWE,atp
100625,Scott,Lipton,L,19590915,USA,atp
101226,Johan,Carlsson,R,19660129,SWE,atp
100730,Florin,Segarceanu,R,19610329,ROU,atp
100323,Givaldo,Barbosa,R,19540125,BRA,atp
100775,Tian C,Viljoen,R,19611004,RSA,atp
101138,Pat,Cash,R,19650527,AUS,atp
100710,Phil,Lehnhoff,R,19601208,USA,atp
100887,Eric,Korita,R,19630113,USA,atp
100673,Robbie,Venter,L,19600507,RSA,atp
100967,Dan,Goldie,R,19631003,USA,atp
101063,Jordi,Arrese,R,19640829,ESP,atp
101381,Aaron,Krickstein,R,19670802,USA,atp
101014,John,Ross,R,19640229,USA,atp
100776,Tomm,Warneke,R,19611009,USA,atp
100568,John,Mattke,R,19581029,USA,atp
107829,Morten,Ronneberg,R,,NOR,atp
100922,Roberto,Arguello,U,19630512,ARG,atp
101115,Jorge,Bardou,R,19650305,ESP,atp
100639,Blaine,Willenborg,R,19600104,USA,atp
100620,Eduardo,Osta,L,19590904,ESP,atp
101036,Miloslav,Mecir,R,19640519,SVK,atp
100950,Libor,Pimek,R,19630803,BEL,atp
100921,Patrice,Kuchna,R,19630510,FRA,atp
101020,Hans,Schwaier,R,19640324,GER,atp
101073,Martin,Jaite,R,19641009,ARG,atp
106623,Bill,Csipkay,R,,USA,atp
100556,Brian,Levine,R,19580820,RSA,atp
101298,Jonas,Svensson,R,19661021,SWE,atp
100938,Jaromir,Becka,R,19630706,GER,atp
101414,Boris,Becker,R,19671122,GER,atp
101120,Karel,Novacek,R,19650330,CZE,atp
100866,Shahar,Perkiss,R,19621014,ISR,atp
100956,Simone,Colombo,R,19630828,ITA,atp
101404,Thomas,Muster,L,19671002,AUT,atp
101110,David,De Miguel,R,19650207,ESP,atp
101426,Kent,Carlsson,R,19680103,SWE,atp
100604,Egan,Adams,R,19590615,USA,atp
101058,Francisco,Yunis,R,19640812,ARG,atp
101142,Emilio,Sanchez,R,19650529,ESP,atp
100946,Slobodan,Zivojinovic,R,19630723,YUG,atp
101276,Horacio,De La Pena,L,19660801,ARG,atp
100865,Marcelo,Ingaramo,L,19621013,ARG,atp
100833,Marc,Flur,R,19620608,USA,atp
101368,Christian,Miniussi,R,19670705,ARG,atp
101007,Guillermo,Rivas,R,19640209,ARG,atp
100873,Oliver,Freund,R,19621107,GER,atp
101117,Eric,Jelen,R,19650311,GER,atp
100864,Martin,Wostenholme,R,19621011,CAN,atp
100704,Billy,Nealon,L,19601111,USA,atp
100390,Trevor,Allan,L,19550817,AUS,atp
101048,Francisco,Maciel,R,19640701,MEX,atp
100660,Bob,Green,R,19600325,USA,atp
100618,Leif,Shiras,R,19590821,USA,atp
101080,Lawson,Duncan,R,19641026,USA,atp
100944,Mikael,Pernfors,R,19630716,SWE,atp
100791,Bruce,Brescia,R,19611201,USA,atp
101158,John,Frawley,R,19650704,AUS,atp
100998,Stuart,Bale,L,19640121,GBR,atp
100884,Steve,Shaw,R,19630101,GBR,atp
100837,Jeremy,Bates,R,19620619,GBR,atp
100870,Christo,Van Rensburg,R,19621023,RSA,atp
100840,Mark,Wooldridge,R,19620707,USA,atp
108256,Shoichi,Horiuchi,R,,JPN,atp
100798,Howard,Sands,R,19620205,USA,atp
107223,Ichiro,Nakanishi,R,,JPN,atp
100686,Karl,Richter,L,19600721,USA,atp
100771,Kelvin,Belcher,R,19610920,USA,atp
100945,Craig,Campbell,R,19630718,RSA,atp
108348,Takayoshi,Shibuya,R,,JPN,atp
107807,Mike,Fedderly,R,,USA,atp
100647,Kiyotaka,Tachibana,R,19600202,JPN,atp
108259,Shu Wah,Liu,R,,CHN,atp
100705,Erik,Vant Hof,R,19601112,USA,atp
100645,Huub,Van Boeckel,R,19600125,NED,atp
107819,Minoru,Ueda,R,,JPN,atp
107502,Kenzo,Ukon U004,R,,JPN,atp
100617,Bud,Schultz,R,19590821,USA,atp
100796,Ahmed,El Mehelmy,R,19620125,EGY,atp
101035,Menno,Oosting,R,19640517,NED,atp
101145,Jonathan,Canter,R,19650604,USA,atp
101340,Ricky,Brown,R,19670401,USA,atp
101031,Massimo,Cierro,R,19640507,ITA,atp
101119,Marian,Vajda,R,19650324,SVK,atp
100990,Milan,Srejber,R,19631230,CZE,atp
100970,Stefan,Eriksson,R,19631017,SWE,atp
101439,Javier,Sanchez,R,19680201,ESP,atp
101086,Ronald,Agenor,R,19641113,USA,atp
100785,Jesus,Colas,R,19611111,ESP,atp
100727,Raul Antonio,Viver,L,19610317,ECU,atp
101074,Carlos,Di Laura,L,19641019,PER,atp
107721,Martin,Valenti,R,,ESP,atp
100935,Michael,Robertson,R,19630702,USA,atp
101030,Goran,Prpic,R,19640504,CRO,atp
101109,Tarik,Benhabiles,R,19650205,FRA,atp
101267,Michael,Oberleitner,R,19660717,AUT,atp
101377,Christian,Bergstrom,R,19670719,SWE,atp
100951,Alessandro,De Minicis,R,19630804,ITA,atp
101233,Alex,Antonitsch,R,19660208,AUT,atp
101511,Horst,Skoff,R,19680822,AUT,atp
100744,Peter,Doohan,R,19610502,AUS,atp
100740,Dan,Cassidy,R,19610429,USA,atp
100928,Barry,Moir,R,19630601,RSA,atp
100966,Nick,Fulwood,R,19631002,GBR,atp
100877,Brett,Dickinson,R,19621204,USA,atp
100587,Steve,Guy,R,19590315,NZL,atp
100737,Gary,Lemon,R,19610416,USA,atp
101412,Shuzo,Matsuoka,R,19671106,JPN,atp
100560,Jacques,Manset,R,19581011,USA,atp
101295,Toshihisa,Tsuchihashi,R,19661018,JPN,atp
100544,Tony,Mmoh,R,19580614,NGR,atp
100918,Harald,Rittersbacher,R,19630427,GER,atp
100911,Dominik Guido,Utzinger,R,19630412,SUI,atp
100794,Srinivasan,Vasudevan,R,19620104,IND,atp
107484,Kazuya,Morita,R,,JPN,atp
107183,Hatem,Mcdadi,R,,CAN,atp
100830,Gary,Donnelly,R,19620603,USA,atp
100703,Randy,Nixon,R,19601105,USA,atp
100831,Rick,Rudeen,R,19620605,USA,atp
100761,Danny,Saltz,R,19610730,USA,atp
107178,Haruo,Nakano,R,,JPN,atp
108351,Takeshi,Murakami,R,,JPN,atp
107159,Hajime,Nihonmatsu,R,,JPN,atp
108295,Stephan,Bienz,R,,SUI,atp
101344,Bruno,Oresar,R,19670421,CRO,atp
101409,Jaime,Yzaga,R,19671023,PER,atp
100742,Christo,Steyn,R,19610501,RSA,atp
101106,Peter,Lundgren,R,19650129,SWE,atp
101195,Amos,Mansdorf,R,19651020,ISR,atp
101234,Patrik,Kuhnen,R,19660211,GER,atp
101066,Richard,Matuszewski,R,19640907,USA,atp
101029,Ricki,Osterthun,R,19640502,GER,atp
101124,Paolo,Cane,R,19650409,ITA,atp
101320,Magnus,Gustafsson,R,19670103,SWE,atp
101285,Thierry,Champion,R,19660831,FRA,atp
101686,Franco,Davin,L,19700111,ARG,atp
101050,Martin,Laurendeau,R,19640710,CAN,atp
101324,Ulf,Stenlund,R,19670121,SWE,atp
100917,Nelson,Aerts,R,19630425,BRA,atp
101649,Guillermo,Perez Roldan,R,19691020,ARG,atp
101387,Claudio,Pistolesi,R,19670825,ITA,atp
101507,Tomas,Carbonell,R,19680807,ESP,atp
100954,Luiz,Mattar,R,19630818,BRA,atp
101026,Jim,Grabb,R,19640414,USA,atp
101004,Jim,Pugh,R,19640205,USA,atp
101022,Kelly,Jones,R,19640331,USA,atp
101391,Carl Uwe,Steeb,L,19670901,GER,atp
100882,David,Livingston,R,19621229,USA,atp
101216,Olli,Rahnasto,R,19651228,FIN,atp
101242,Brad,Pearce,R,19660321,USA,atp
101264,Michael,Tauson,R,19660625,DEN,atp
100664,Stephan,Medem,L,19600402,SUI,atp
100972,Todd,Witsken,R,19631104,USA,atp
100770,Peter,Moraing,R,19610913,GER,atp
100858,Hans,Fredborg,R,19620912,SWE,atp
100810,Paul,Chamberlin,R,19620326,USA,atp
101196,Derrick,Rostagno,R,19651025,USA,atp
100691,Ivo,Werner,R,19600819,GER,atp
100602,Vallis,Wilder,R,19590608,USA,atp
101736,Andre,Agassi,R,19700429,USA,atp
101476,Rolf,Hertzog,R,19680425,SUI,atp
101096,Gary,Muller,L,19641227,RSA,atp
100772,Kelly,Evernden,R,19610921,NZL,atp
107725,Masayoshi,Takeyari,R,,JPN,atp
100978,Andrew,Castle,R,19631115,GBR,atp
101374,Leonardo,Lavalle,L,19670714,MEX,atp
100747,Glenn,Layendecker,L,19610509,USA,atp
101185,Mark,Woodforde,L,19650923,AUS,atp
101154,Simon,Youl,R,19650701,AUS,atp
101230,Andrei,Chesnokov,R,19660202,RUS,atp
101191,Richey,Reneberg,R,19651005,USA,atp
101354,Andrew,Sznajder,R,19670525,CAN,atp
100899,Jorgen,Windahl,R,19630312,SWE,atp
101309,Jay,Berger,R,19661126,USA,atp
101265,Patrick,Mcenroe,R,19660701,USA,atp
101150,Gianluca,Pozzi,L,19650617,ITA,atp
101076,Cesar,Kist,R,19641022,BRA,atp
101097,Rick,Leach,L,19641228,USA,atp
100696,Mark,Buckley,R,19600901,USA,atp
101598,Eduardo,Velez,R,19690420,MEX,atp
100716,Norm,Schellenger,R,19610112,USA,atp
101000,Carl,Limberger,R,19640124,AUS,atp
101040,Peter,Lindgren,R,19640601,SWE,atp
101190,Darren,Cahill,R,19651002,AUS,atp
101609,David,Wheaton,R,19690602,USA,atp
101053,Michael,Kures,R,19640725,USA,atp
101500,Christian,Saceanu,R,19680708,GER,atp
101251,Eric,Winogradsky,R,19660422,FRA,atp
101543,Jeff,Tarango,L,19681120,USA,atp
100793,Stephane,Bonneau,R,19611208,CAN,atp
101256,Mark,Kratzmann,L,19660517,AUS,atp
100939,Joey,Rive,L,19630708,USA,atp
101550,Al,Parker,R,19681222,USA,atp
101606,Alberto,Mancini,R,19690520,ARG,atp
101378,Tore,Meinecke,R,19670721,GER,atp
100930,Paul,Vojtischek,R,19630613,GER,atp
101462,Francisco,Roig,R,19680401,ESP,atp
101447,Santiago,Mora,R,19680226,ESP,atp
101071,Tom,Nijssen,R,19641001,NED,atp
100669,Charles Bud,Cox,R,19600411,USA,atp
101179,Jean Philippe,Fleurian,R,19650911,FRA,atp
100913,Peter,Carlsson,L,19630413,SWE,atp
108352,Takeshi,Omono,R,,JPN,atp
101088,Larry,Scott,R,19641121,USA,atp
101318,Javier,Frana,L,19661225,ARG,atp
101332,Gilad,Bloom,L,19670301,ISR,atp
101134,Fredrik,Waern,R,19650505,SWE,atp
101232,Nicklas,Kroon,R,19660205,SWE,atp
107480,Karel,Demuynck,R,,BEL,atp
100900,Josef,Cihak,R,19630319,CZE,atp
101143,Branislav,Stankovic,R,19650530,SVK,atp
101650,Shane,Barr,R,19691021,AUS,atp
100997,Roger,Smith,R,19640120,BAH,atp
101133,Patrick,Baur,R,19650503,GER,atp
100431,Mansour,Bahrami,R,19560426,IRI,atp
101126,Chris,Pridham,R,19650411,CAN,atp
101727,Jason,Stoltenberg,R,19700404,AUS,atp
101971,Johan,Anderson,R,19710929,AUS,atp
101155,James,Turner,R,19650702,GBR,atp
101247,Stephen,Botfield,R,19660410,GBR,atp
102021,Michael,Chang,R,19720222,USA,atp
100982,Charlton,Eagle,R,19631130,AUS,atp
101019,David,Felgate,R,19640319,GBR,atp
101093,Steve,Devries,R,19641208,USA,atp
101205,Grant,Connell,L,19651117,CAN,atp
101178,Pieter,Aldrich,R,19650907,RSA,atp
102001,German,Lopez,R,19711229,ESP,atp
108471,Victor,Lopez,R,,ESP,atp
101694,David,Franco,R,19700130,ESP,atp
100595,Ronnie,Bathman,R,19590424,SWE,atp
101161,Thomas,Haldin,R,19650711,SWE,atp
101321,Juan Carlos,Baguena,R,19670107,ESP,atp
101165,Mario,Tabares,R,19650722,CUB,atp
101012,Massimiliano,Narducci,R,19640225,ITA,atp
101451,Gustavo,Giussani,R,19680306,ARG,atp
101382,Marcelo,Filippini,R,19670804,URU,atp
101475,Carlos,Costa,R,19680422,ESP,atp
101843,Sergi,Bruguera,R,19710116,ESP,atp
101532,Francisco,Clavet,L,19681024,ESP,atp
101009,John,Sobel,R,19640215,USA,atp
101334,Alexander,Volkov,L,19670303,RUS,atp
100985,Tim,Pawsat,R,19631210,USA,atp
101249,Andrei,Olhovskiy,R,19660415,RUS,atp
101274,Udo,Riglewski,R,19660728,GER,atp
101717,Diego,Nargiso,L,19700315,ITA,atp
101434,Petr,Korda,L,19680123,CZE,atp
100995,Eduardo,Masso,L,19640111,BEL,atp
101360,Mark,Keil,R,19670603,USA,atp
101322,Shigeru,Ota,R,19670108,JPN,atp
101123,Alexander,Mronz,R,19650407,GER,atp
101033,John,Letts,R,19640511,USA,atp
100751,Roberto,Saad,R,19610603,ARG,atp
101008,Peter,Palandjian,R,19640212,USA,atp
100889,Joe,De Foor,R,19630202,USA,atp
107497,Kenichi,Kiyomiya,R,,JPN,atp
101365,Paul,Wekesa,R,19670702,KEN,atp
101767,Lars,Jonsson,R,19700627,SWE,atp
101174,Fernando,Roese,R,19650824,BRA,atp
101238,Andres,Vysand,R,19660310,GER,atp
100955,Yahiya,Doumbia,R,19630825,SEN,atp
101057,Peter,Carter,R,19640809,AUS,atp
101064,David,Lewis,R,19640903,NZL,atp
101364,Bret,Garnett,R,19670702,USA,atp
100989,Ned,Caswell,R,19631228,USA,atp
101613,Malivai,Washington,R,19690620,USA,atp
100931,Andrew,Burrow,R,19630617,RSA,atp
101252,Brian,Page,R,19660508,USA,atp
101055,Heiner,Moraing,R,19640803,GER,atp
101312,Robbie,Weiss,R,19661201,USA,atp
101793,Jim,Courier,R,19700817,USA,atp
101282,Martin,Barba,R,19660822,USA,atp
107201,Hidehiko,Tanizawa,R,,JPN,atp
102235,Tommy,Ho,L,19730617,USA,atp
101772,Andrei,Cherkasov,R,19700704,RUS,atp
101358,Olivier,Delaitre,R,19670601,FRA,atp
101481,Omar,Camporese,R,19680508,ITA,atp
101529,Michael,Stich,R,19681018,GER,atp
101820,Marc,Rosset,R,19701107,SUI,atp
101964,Goran,Ivanisevic,L,19710913,CRO,atp
101255,Greg,Van Emburgh,R,19660510,USA,atp
101809,Nicolas,Pereira,R,19700929,VEN,atp
101735,Richard,Fromberg,R,19700428,AUS,atp
101459,Tomas,Nydahl,R,19680321,SWE,atp
100908,Tobias,Svantesson,R,19630401,SWE,atp
101680,Zeeshan,Ali,R,19700101,IND,atp
101215,Scott,Warner,R,19651222,USA,atp
100896,Miguel,Nido,R,19630308,PUR,atp
101067,Philip,Johnson,R,19640911,USA,atp
101392,Dan,Goldberg,L,19670906,USA,atp
101373,Karsten,Braasch,L,19670714,GER,atp
101789,Steve,Bryan,R,19700810,USA,atp
101308,Neil,Broad,R,19661120,GBR,atp
100947,Doug,Burke,R,19630725,JAM,atp
101730,Piet,Norval,R,19700407,RSA,atp
101593,Chris,Garner,R,19690407,USA,atp
101311,Kent,Kinnear,R,19661130,USA,atp
101423,John,Boytim,R,19671221,USA,atp
101279,Philippe,Pech,L,19660809,FRA,atp
101193,James,Schor,R,19651014,USA,atp
101731,Nuno,Marques,L,19700409,POR,atp
101900,Nicklas,Kulti,R,19710422,SWE,atp
101948,Pete,Sampras,R,19710812,USA,atp
101263,Luke,Jensen,U,19660618,USA,atp
101703,Guillaume,Raoux,R,19700214,FRA,atp
101477,Chris,Bailey,R,19680429,GBR,atp
101440,Mark,Koevermans,R,19680203,NED,atp
101217,Andreas,Lesch,L,19660104,GER,atp
108043,Ralph,Kok,R,,NED,atp
101024,Christian,Geyer,L,19640412,GER,atp
101861,Thomas,Buchmayer,L,19710214,AUT,atp
101438,Michael,Bauer,R,19680130,AUT,atp
101581,Jose Luis,Aparisi,R,19690311,ESP,atp
101430,Sergio,Cortes,R,19680111,CHI,atp
101243,Roberto,Azar,L,19660321,ARG,atp
101460,Jose Francisco,Altur,L,19680324,ESP,atp
101016,Marcos Aurelio,Gorriz,L,19640304,ESP,atp
107861,Nicolas,Romero,R,,ESP,atp
101337,Martin,Strelba,R,19670322,CZE,atp
101339,Agustin,Moreno,R,19670331,MEX,atp
101393,Jens,Woehrmann,R,19670908,GER,atp
101283,Dirk,Leppen,R,19660823,GER,atp
102000,Aki,Rahunen,R,19711224,FIN,atp
101235,Paul,Haarhuis,R,19660219,NED,atp
101421,Veli,Paloheimo,R,19671213,FIN,atp
101570,Vicente,Solves,R,19690208,ESP,atp
101482,Markus,Zoecke,R,19680510,GER,atp
101180,Jose,Clavet,R,19650911,ESP,atp
101889,Todd,Woodbridge,R,19710402,AUS,atp
101499,Eduardo,Furusho,L,19680706,JPN,atp
101469,Brian,Garrow,R,19680408,USA,atp
101214,Bryan,Shelton,R,19651222,USA,atp
101953,Kentaro,Masuda,R,19710826,JPN,atp
101576,Ryuso,Tsujino,R,19690224,JPN,atp
100788,Joseph,Russell,R,19611122,USA,atp
101284,Lars Anders,Wahlgren,R,19660824,SWE,atp
101591,Danny,Sapsford,R,19690403,GBR,atp
101278,Scott,Melville,R,19660804,USA,atp
101419,Frank,Dennhardt,L,19671206,GER,atp
101723,Magnus,Larsson,R,19700325,SWE,atp
101783,Mark,Petchey,R,19700801,GBR,atp
101422,Mark,Kaplan,R,19671220,RSA,atp
101965,Wayne,Ferreira,R,19710915,RSA,atp
101611,Cedric,Pioline,R,19690615,FRA,atp
101668,Peter,Nyborg,R,19691212,SWE,atp
101432,Dimitri,Poliakov,R,19680119,UKR,atp
102171,Reinhard,Wawra,R,19730207,AUT,atp
101441,Martin,Sinner,R,19680207,GER,atp
107172,Harald,Mair,R,,AUT,atp
101733,Jan,Siemerink,L,19700414,NED,atp
101416,Joao,Cunha Silva,R,19671127,POR,atp
101932,Jared,Palmer,R,19710702,USA,atp
101955,Luis,Herrera,L,19710827,MEX,atp
101776,Sandon,Stolle,R,19700713,AUS,atp
101917,Grant,Stafford,R,19710527,RSA,atp
102154,Marcos,Ondruska,R,19721218,RSA,atp
101589,Arnaud,Boetsch,R,19690401,FRA,atp
101413,Felix,Barrientos,R,19671120,PHI,atp
101920,Jamie,Morgan,R,19710608,AUS,atp
101647,Byron,Black,R,19691006,ZIM,atp
101761,Jaime,Oncins,R,19700616,BRA,atp
101549,Rodolphe,Gilbert,L,19681212,FRA,atp
101792,Slava,Dosedel,R,19700814,CZE,atp
101237,Danilo,Marcelino,R,19660308,BRA,atp
100876,Bong Soo,Kim,R,19621130,KOR,atp
101398,Neil,Borwick,L,19670915,AUS,atp
101490,Daniel,Orsanic,L,19680611,ARG,atp
101719,Frederic,Fontang,R,19700318,FRA,atp
101746,Renzo,Furlan,R,19700517,ITA,atp
101224,Kenny,Thorne,R,19660124,USA,atp
101901,Chuck,Adams,R,19710423,USA,atp
101956,Mark,Knowles,R,19710904,BAH,atp
101510,Henrik,Holm,R,19680822,SWE,atp
101317,John,Sullivan,R,19661222,USA,atp
101797,Jacco,Eltingh,R,19700829,NED,atp
102132,Ivan,Baron,R,19721112,USA,atp
101945,Thierry,Guardiola,R,19710807,FRA,atp
101504,Laurent,Prades,L,19680719,FRA,atp
102358,Thomas,Enqvist,R,19740313,SWE,atp
101407,David,Engel,R,19671017,SWE,atp
101750,Cristiano,Caratti,R,19700524,ITA,atp
101659,Jan,Apell,L,19691104,SWE,atp
101990,Richard,Krajicek,R,19711206,NED,atp
101513,John,Stimpson,R,19680904,USA,atp
101823,Gerald,Mandl,L,19701112,AUT,atp
101851,Alexis,Hombrecher,R,19710129,GER,atp
102202,Kenneth,Carlsen,L,19730417,DEN,atp
101774,Todd,Martin,R,19700708,USA,atp
102348,Hideki,Kaneko,R,19740306,JPN,atp
101890,Jonathan,Stark,R,19710403,USA,atp
102146,Jordi,Burillo,R,19721207,ESP,atp
101914,Lars,Koslowski,R,19710522,GER,atp
102374,Alex,Corretja,R,19740411,ESP,atp
102238,Alberto,Berasategui,R,19730628,ESP,atp
101725,Gabriel,Markus,R,19700331,ARG,atp
101642,Bart,Wuyts,R,19690915,BEL,atp
102167,Juan Albert,Viloca Puig,R,19730117,ESP,atp
102028,Massimo,Valeri,R,19720313,ITA,atp
100943,Girts,Dzelde,R,19630716,LAT,atp
102148,Fabrice,Santoro,R,19721209,FRA,atp
101685,Markus,Naewie,R,19700107,GER,atp
101463,Bernd,Karbacher,R,19680403,GER,atp
102446,Andrei,Medvedev,R,19740831,UKR,atp
102184,David,Prinosil,R,19730309,GER,atp
101270,Thomas,Gollwitzer,R,19660724,GER,atp
108390,Thomas,Prerovsky,R,,AUT,atp
101924,Stefano,Pescosolido,R,19710613,ITA,atp
102093,Martin,Damm,R,19720801,CZE,atp
101835,Arne,Thoms,R,19710101,GER,atp
101601,Brett,Steven,R,19690427,NZL,atp
101567,Hendrik Jan,Davids,L,19690130,NED,atp
101806,Marc Kevin,Goellner,R,19700922,GER,atp
101681,Chris,Wilkinson,R,19700105,GBR,atp
102158,Patrick,Rafter,R,19721228,AUS,atp
101660,Francisco,Montana,R,19691105,USA,atp
102110,Daniel,Nestor,L,19720904,CAN,atp
101348,Dave,Randall,R,19670508,USA,atp
102053,Brian,Macphie,L,19720511,USA,atp
101711,Alex,Obrien,R,19700307,USA,atp
101937,Robbie,Koenig,R,19710705,RSA,atp
101866,David,Rikl,L,19710227,CZE,atp
102338,Yevgeny,Kafelnikov,R,19740218,RUS,atp
101420,Vaclav,Roubicek,R,19671213,CZE,atp
102610,Albert,Costa,R,19750625,ESP,atp
102293,Xavier,Avila,R,19731210,ESP,atp
101780,Alejo,Mancisidor,R,19700731,ESP,atp
102650,Roberto,Carretero,R,19750830,ESP,atp
101829,Federico,Sanchez,R,19701204,ESP,atp
102029,Filip,Dewulf,R,19720315,BEL,atp
101982,Jordi,Mas,R,19711031,ESP,atp
101833,Michael,Tebbutt,L,19701222,AUS,atp
102257,Greg,Rusedski,L,19730906,GBR,atp
102035,Jonas,Bjorkman,R,19720323,SWE,atp
101788,Doug,Flach,R,19700810,USA,atp
102667,Satoshi,Iwabuchi,L,19751007,JPN,atp
102300,Gouichi,Motomura,R,19731225,JPN,atp
101962,Younes,El Aynaoui,R,19710912,MAR,atp
101888,Daniel,Vacek,R,19710401,CZE,atp
101582,Gilbert,Schaller,R,19690317,AUT,atp
101577,Jia Ping,Xia,R,19690301,CHN,atp
101573,Carl,Chang,R,19690213,USA,atp
101701,Bing,Pan,R,19700213,CHN,atp
102304,Grant,Doyle,R,19740109,AUS,atp
102824,John,Roddick,R,19760704,USA,atp
102103,Michael,Sell,R,19720823,USA,atp
101991,Mauricio,Hadad,R,19711207,COL,atp
101805,David,Nainkin,R,19700920,RSA,atp
102795,Scott,Humphries,R,19760526,USA,atp
102434,Vincent,Spadea,R,19740719,USA,atp
101362,Stephane,Simian,L,19670608,FRA,atp
102030,Andrew,Foster,R,19720316,GBR,atp
102226,David,Witt,R,19730602,USA,atp
101751,Ross,Matheson,R,19700527,GBR,atp
102205,Sebastien,Lareau,R,19730427,CAN,atp
102088,Joern,Renzenbrink,R,19720717,GER,atp
102133,Laurence,Tieleman,R,19721114,ITA,atp
101864,Fernon,Wibier,R,19710225,NED,atp
102344,Karol,Kucera,R,19740304,SVK,atp
101083,Tom,Mercer,R,19641110,USA,atp
101262,Rikard,Bergh,L,19660614,SWE,atp
102529,Thomas,Shimada,R,19750210,JPN,atp
101375,Brian,Devening,R,19670716,USA,atp
101654,Michael,Shyjan,R,19691029,USA,atp
102147,Oliver,Fernandez,R,19721207,MEX,atp
101244,Johan,Donar,R,19660324,SWE,atp
101594,Carsten,Arriens,R,19690411,GER,atp
101957,Milen,Velev,R,19710904,BUL,atp
102031,Sandor,Noszaly,R,19720316,HUN,atp
102161,Robert,Kroll,R,19721230,GER,atp
102247,Andrea,Gaudenzi,R,19730730,ITA,atp
102223,Karim,Alami,R,19730524,MAR,atp
102169,Michael,Joyce,R,19730201,USA,atp
102450,Tim,Henman,R,19740906,GBR,atp
102215,Joshua,Eagle,R,19730510,AUS,atp
102006,Brent,Larkham,R,19720108,AUS,atp
101862,Maurice,Ruah,R,19710219,VEN,atp
101745,Roberto,Jabali,R,19700516,BRA,atp
102234,Oliver,Gross,R,19730617,GER,atp
102201,Lionel,Roux,R,19730412,FRA,atp
102198,Paul,Kilderry,R,19730411,AUS,atp
102596,Christian,Hill,R,19750601,USA,atp
101552,Xavier,Daufresne,R,19681224,BEL,atp
101704,Ellis,Ferreira,L,19700219,RSA,atp
101811,Bill,Barber,R,19701002,USA,atp
108443,Toshitsugu,Mori,R,,JPN,atp
102282,Tetsuya,Chaen,R,19731105,JPN,atp
102214,Oscar,Ortiz,L,19730509,MEX,atp
101765,Tomas,Anzari,R,19700624,CZE,atp
102117,Eduardo,Nicolas,R,19720922,ESP,atp
102050,Marco,Meneschincheri,L,19720425,ITA,atp
102701,Marcelo,Rios,L,19751226,CHI,atp
101561,Nicklas,Utgren,R,19690112,SWE,atp
101897,Fernando,Meligeni,L,19710412,BRA,atp
101468,Gerard,Solves,R,19680407,FRA,atp
102753,Wolfgang,Schranz,R,19760319,AUT,atp
101612,Roland,Burtscher,R,19690615,AUT,atp
102118,Radomir,Vasek,R,19720923,CZE,atp
101929,Joost,Winnink,R,19710630,NED,atp
101710,Martin,Blackman,R,19700305,USA,atp
101597,Louis,Gloria,L,19690415,USA,atp
102521,Hendrik,Dreekmann,R,19750129,GER,atp
102286,Wayne,Black,R,19731114,ZIM,atp
102019,Dirk,Dier,R,19720216,GER,atp
101682,David,Adams,R,19700105,RSA,atp
101865,Albert,Chang,R,19710227,CAN,atp
101406,Wojtek,Kowalski,R,19671010,POL,atp
101868,Dick,Norman,L,19710301,BEL,atp
102233,Leander,Paes,R,19730617,IND,atp
102401,Scott,Draper,L,19740605,AUS,atp
102359,Andrew,Richardson,L,19740314,GBR,atp
102139,Eyal,Ran,R,19721121,ISR,atp
102588,Lars,Rehmann,R,19750521,GER,atp
102104,Christian,Ruud,R,19720824,NOR,atp
102372,Sule,Ladipo,R,19740409,NGR,atp
102863,Takao,Suzuki,R,19760920,JPN,atp
101816,Steve,Campbell,R,19701022,USA,atp
101534,Libor,Nemecek,R,19681026,CZE,atp
102373,Toshiaki,Sakai,L,19740409,JPN,atp
101353,Lionel,Barthez,R,19670518,FRA,atp
102466,Jan,Kroslak,R,19741017,SVK,atp
102336,Kotaro,Miyachi,R,19740218,JPN,atp
101626,Stephen,Noteboom,R,19690731,NED,atp
101417,Mario,Rincon,R,19671203,COL,atp
102539,Bohdan,Ulihrach,R,19750223,CZE,atp
102351,Oscar,Martinez,R,19740309,ESP,atp
103060,Alejandro,Hernandez,R,19771001,MEX,atp
102024,Hernan,Gumy,R,19720305,ARG,atp
102271,Hicham,Arazi,L,19731019,MAR,atp
103182,Markus,Hipfl,R,19780426,AUT,atp
102437,Adrian,Voinea,R,19740806,ROU,atp
102563,Thomas,Johansson,R,19750324,SWE,atp
102087,Oleg,Ogorodov,R,19720716,UZB,atp
103216,Clemens,Trimmel,R,19780608,AUT,atp
102882,Mark,Philippoussis,R,19761107,AUS,atp
102259,Jerome,Golmard,L,19730909,FRA,atp
102208,Rob,Givone,R,19730501,USA,atp
102834,Paul,Goldstein,R,19760804,USA,atp
102836,Rogier,Wassen,R,19760809,NED,atp
101515,Donald,Johnson,L,19680909,USA,atp
101636,Wade,Mcguire,R,19690819,USA,atp
101775,Frederik,Fetterlein,R,19700711,DEN,atp
102854,Sjeng,Schalken,R,19760908,NED,atp
101492,Sander,Groen,L,19680616,NED,atp
102614,Victor,Sendin,R,19750701,ESP,atp
102522,Fabio,Maggi,R,19750130,ITA,atp
102694,Lars,Burgsmuller,R,19751206,GER,atp
102845,Carlos,Moya,R,19760827,ESP,atp
103031,Julian,Alonso,R,19770802,ESP,atp
102869,Galo,Blanco,R,19761008,ESP,atp
102252,Ignacio,Truyol,R,19730817,ESP,atp
103252,Alberto,Martin,R,19780820,ESP,atp
102950,Fernando,Vicente,R,19770308,ESP,atp
102456,Felix,Mantilla,R,19740923,ESP,atp
102562,Jiri,Novak,R,19750322,CZE,atp
102524,Neville,Godwin,R,19750131,RSA,atp
102615,Dennis,Van Scheppingen,R,19750705,NED,atp
103084,Guillermo,Canas,R,19771125,ARG,atp
102856,Gustavo,Kuerten,R,19760910,BRA,atp
102220,Patrik,Fredriksson,R,19730516,SWE,atp
108999,Dan,Cantwell,R,,USA,atp
102227,Sargis,Sargsian,R,19730603,ARM,atp
102162,Chris,Woodruff,R,19730102,USA,atp
102925,Justin,Gimelstob,R,19770126,USA,atp
101688,Geoff,Grant,R,19700116,USA,atp
101931,Marcus,Hilpert,R,19710701,GER,atp
102375,Dinu,Pescariu,R,19740412,ROU,atp
102770,John,Van Lottum,R,19760410,NED,atp
102491,Alex,Radulescu,R,19741207,GER,atp
101885,Wayne,Arthurs,L,19710318,AUS,atp
103114,Martin,Lee,L,19780113,GBR,atp
101600,Daniel,Courcol,R,19690426,FRA,atp
101904,Chris,Haggard,L,19710428,RSA,atp
101822,Luis,Lobo,R,19701109,ARG,atp
102477,Gaston,Etlis,R,19741104,ARG,atp
101869,Juan Luis Tati,Rascon,R,19710302,ESP,atp
101819,Frederic,Vitoux,R,19701030,FRA,atp
102192,Luis Adrian,Morejon,R,19730328,ECU,atp
102839,Nicolas,Lapentti,R,19760813,ECU,atp
102339,Kris,Goossens,R,19740220,BEL,atp
102796,Magnus,Norman,R,19760530,SWE,atp
102394,Johan,Van Herck,R,19740524,BEL,atp
103163,Tommy,Haas,R,19780403,GER,atp
102025,Mikael,Tillstrom,R,19720305,SWE,atp
102363,Filippo,Veglio,R,19740321,SUI,atp
103096,Arnaud,Clement,R,19771217,FRA,atp
102743,Ben,Ellwood,R,19760312,AUS,atp
102416,Reed,Cordish,L,19740618,USA,atp
102783,Rainer,Schuettler,R,19760425,GER,atp
101926,Andrei,Merinov,L,19710623,RUS,atp
102875,Luke,Smith,R,19761025,AUS,atp
102405,Mahesh,Bhupathi,R,19740607,IND,atp
101389,Oren,Motevassel,L,19670826,USA,atp
101997,Marzio,Martelli,R,19711214,ITA,atp
103344,Ivan,Ljubicic,R,19790319,CRO,atp
103297,Alex,Kim,R,19781220,USA,atp
102076,Mark,Merklein,R,19720628,BAH,atp
102269,Jeff,Salzenstein,L,19731014,USA,atp
102821,Cecil,Mamiit,R,19760627,PHI,atp
103018,Max,Mirnyi,R,19770706,BLR,atp
102002,Davide,Scala,R,19720102,ITA,atp
102061,Kevin,Ullyett,R,19720523,ZIM,atp
102987,Andre,Sa,R,19770506,BRA,atp
102106,Davide,Sanguinetti,R,19720825,ITA,atp
102135,Emilio,Benfele Alvarez,R,19721115,ESP,atp
102472,Marcello,Craca,R,19741027,GER,atp
102463,Lucas Arnold,Ker,R,19741012,ARG,atp
102644,Franco,Squillari,L,19750822,ARG,atp
102887,Ramon,Delgado,R,19761114,PAR,atp
102036,Marco,Osorio,R,19720401,MEX,atp
102548,Juan Antonio,Marin,R,19750302,CRC,atp
101871,Alexander,Reichel,R,19710303,USA,atp
103017,Nicolas,Kiefer,R,19770705,GER,atp
102533,Jens,Knippschild,R,19750215,GER,atp
102318,Andrei,Pavel,R,19740127,ROU,atp
102831,Jacobo,Diaz,R,19760711,ESP,atp
102273,David,Salvador Estepa,R,19731020,ESP,atp
102287,Albert,Portas,R,19731115,ESP,atp
101826,Alex,Lopez Moron,R,19701128,ESP,atp
103103,Dominik,Hrbaty,R,19780104,SVK,atp
102455,Lorenzo,Manta,R,19740916,SUI,atp
102730,Ivo,Heuberger,R,19760219,SUI,atp
102323,Regis,Lavergne,R,19740128,FRA,atp
102765,Nicolas,Escude,R,19760403,FRA,atp
101969,Orlin,Stanoytchev,R,19710924,BUL,atp
103009,Razvan,Sabau,R,19770618,ROU,atp
102881,David,Skoch,R,19761106,CZE,atp
102018,Tamer,El Sawy,R,19720211,EGY,atp
102872,James,Sekulov,R,19761013,AUS,atp
103598,Xavier,Malisse,R,19800719,BEL,atp
102231,Alex,Calatrava,R,19730614,ESP,atp
101675,Martin,Rodriguez,R,19691218,ARG,atp
103151,Mariano,Zabaleta,R,19780228,ARG,atp
103264,Mariano,Puerta,L,19780919,ARG,atp
102251,Mariano,Hood,L,19730814,ARG,atp
103184,Bob,Bryan,L,19780429,USA,atp
102776,Andrew,Ilie,R,19760418,AUS,atp
103720,Lleyton,Hewitt,R,19810224,AUS,atp
102629,Oscar,Burrieza,R,19750722,ESP,atp
102538,Tuomas,Ketola,R,19750221,FIN,atp
102998,Jan Michael,Gambill,R,19770603,USA,atp
102410,David,Caldwell,R,19740613,USA,atp
102502,Paul,Harsanyi,U,19741230,USA,atp
102419,Christophe,Van Garsse,R,19740621,BEL,atp
101821,Peter,Tramacchi,R,19701108,AUS,atp
101841,Aleksandar,Kitinov,R,19710113,MKD,atp
102808,Kalle,Flygt,R,19760615,SWE,atp
101687,David,Dilucia,R,19700115,USA,atp
102862,Allen,Belobrajdic,R,19760918,AUS,atp
102652,Christian,Vinck,L,19750903,GER,atp
101947,Vincenzo,Santopadre,L,19710811,ITA,atp
102905,Stefan,Koubek,L,19770102,AUT,atp
102023,Petr,Luxa,R,19720303,CZE,atp
102809,Axel,Pretzsch,R,19760616,GER,atp
103819,Roger,Federer,R,19810808,SUI,atp
102506,Quino,Munoz,R,19750104,ESP,atp
103498,Marat,Safin,R,19800127,RUS,atp
103852,Feliciano,Lopez,L,19810920,ESP,atp
102920,Diego,Hipperdinger,R,19770117,ESP,atp
103176,David,Sanchez,R,19780420,ESP,atp
102910,Salvador,Navarro,R,19770108,ESP,atp
103193,Peter,Wessels,R,19780507,NED,atp
103171,Raemon,Sluiter,R,19780413,NED,atp
103206,Sebastien,Grosjean,R,19780529,FRA,atp
108998,Patrick,Osnua,R,19731206,USA,atp
102720,Tomas,Zib,R,19760131,CZE,atp
103602,Fernando,Gonzalez,R,19800729,CHI,atp
103484,James,Blake,R,19791228,USA,atp
102497,Mashiska,Washington,R,19741219,USA,atp
103428,Juan Ignacio,Chela,R,19790830,ARG,atp
102800,Nenad,Zimonjic,R,19760604,SRB,atp
103789,Irakli,Labadze,L,19810609,GEO,atp
103709,Kristian,Pless,R,19810209,DEN,atp
103451,Bjorn,Phau,R,19791004,GER,atp
102880,Alexander,Popp,R,19761104,GER,atp
102086,Igor,Kornienko,R,19720716,RUS,atp
102567,George,Bastl,R,19750401,SUI,atp
102422,Michael,Hill,R,19740630,AUS,atp
102306,Michael,Kohlmann,R,19740111,GER,atp
103285,Radek,Stepanek,R,19781127,CZE,atp
103387,Paradorn,Srichaphan,R,19790614,THA,atp
102817,Edwin,Kempes,R,19760623,NED,atp
103781,Jurgen,Melzer,L,19810522,AUT,atp
103594,Oliver,Marach,R,19800716,AUT,atp
101902,Stephane,Huet,L,19710425,FRA,atp
102179,Antony,Dupuis,R,19730224,FRA,atp
102433,Mose,Navarra,L,19740718,ITA,atp
102443,Barry,Cowan,L,19740825,GBR,atp
103157,Arvind,Parmar,R,19780322,GBR,atp
103324,Arnaud,Di Pasquale,R,19790211,FRA,atp
103202,Oscar,Serrano,R,19780525,ESP,atp
103990,Tommy,Robredo,R,19820501,ESP,atp
102239,Francisco,Costa,R,19730628,BRA,atp
103507,Juan Carlos,Ferrero,R,19800212,ESP,atp
102153,German,Puentes,R,19721218,ESP,atp
102145,Francisco,Cabello,R,19721206,ARG,atp
103082,Markus,Hantschk,R,19771119,GER,atp
103292,Gaston,Gaudio,R,19781209,ARG,atp
103454,Nicolas,Massu,R,19791010,CHI,atp
102642,Cyril,Saulnier,R,19750816,FRA,atp
102978,Zbynek,Mlynarik,R,19770424,AUT,atp
103714,Andreas,Vinciguerra,L,19810219,SWE,atp
103294,Christophe,Rochus,R,19781215,BEL,atp
103181,Jiri,Vanek,R,19780424,CZE,atp
102369,Julien,Boutter,R,19740405,FRA,atp
103270,Kristian,Capalik,R,19781003,USA,atp
103188,Michael,Russell,R,19780501,USA,atp
104053,Andy,Roddick,R,19820830,USA,atp
102722,Attila,Savolt,R,19760205,HUN,atp
103909,Guillermo,Coria,R,19820113,ARG,atp
103185,Mike,Bryan,R,19780429,USA,atp
103240,Kevin,Kim,R,19780726,USA,atp
102755,Alex,Witt,R,19760321,USA,atp
103566,Michael,Llodra,L,19800518,FRA,atp
102143,Nicolas,Thomann,R,19721129,FRA,atp
103356,Michel,Kratochvil,R,19790407,SUI,atp
102966,Fredrik,Jonsson,R,19770328,SWE,atp
102904,Leos,Friedl,R,19770101,CZE,atp
103792,Joji,Miyao,U,19810615,JPN,atp
103694,Olivier,Rochus,R,19810118,BEL,atp
103305,Daniel,Elsner,R,19790104,GER,atp
104022,Mikhail,Youzhny,R,19820625,RUS,atp
102263,Yong Il,Yoon,R,19730923,KOR,atp
102982,Yaoki,Ishii,R,19770429,JPN,atp
102911,Andrei,Stoliarov,R,19770109,RUS,atp
102558,Eric,Taino,L,19750318,PHI,atp
103131,Michihisa,Onoda,R,19780131,JPN,atp
103248,Harel,Levy,R,19780805,ISR,atp
102703,Hyung Taik,Lee,R,19760103,KOR,atp
103758,Taylor,Dent,R,19810424,USA,atp
103166,Vladimir,Voltchkov,R,19780407,BLR,atp
103786,Nikolay,Davydenko,R,19810602,RUS,atp
104014,Lee,Childs,R,19820611,GBR,atp
103174,Noam,Okun,R,19780416,ISR,atp
103397,Alexandre,Simoni,R,19790702,BRA,atp
102968,Jonathan,Erlich,R,19770405,ISR,atp
102965,Jamie,Delgado,R,19770321,GBR,atp
103153,Gilles,Elseneer,R,19780306,BEL,atp
103530,Zack,Fleishman,R,19800317,USA,atp
103487,Federico,Luzzi,R,19800103,ITA,atp
102494,Tomas,Behrend,R,19741212,GER,atp
103914,Omar,Awadhy,R,19820116,UAE,atp
104076,Jose,Acasuso,R,19821020,ARG,atp
102243,Marcelo,Charpentier,L,19730711,ARG,atp
102607,Juan,Balcells,R,19750620,ESP,atp
102860,Agustin,Calleri,R,19760914,ARG,atp
103656,Albert,Montanes,R,19801126,ESP,atp
103632,Luis,Horna,R,19800914,PER,atp
102382,Julian,Knowle,L,19740429,AUT,atp
102458,Jim,Thomas,R,19740924,USA,atp
104082,Hiroki,Kondo,R,19821105,JPN,atp
103290,Radim,Zitko,R,19781208,CZE,atp
103821,Danai,Udomchoke,R,19810811,THA,atp
102921,Ota,Fukarek,R,19770118,CZE,atp
102669,Noam,Behr,L,19751013,ISR,atp
103403,Takahiro,Terachi,R,19790708,JPN,atp
103505,Vasilis,Mazarakis,R,19800209,GRE,atp
103280,Martin,Verkerk,R,19781031,NED,atp
103900,David,Nalbandian,R,19820101,ARG,atp
102788,Jan,Vacek,R,19760510,CZE,atp
103318,Zeljko,Krajan,R,19790203,CRO,atp
103813,Jarkko,Nieminen,L,19810723,FIN,atp
103888,Mardy,Fish,R,19811209,USA,atp
103319,Jeff,Morrison,R,19790204,USA,atp
103003,Jean Francois,Bachelot,R,19770611,FRA,atp
102934,Nicolas,Coutelot,R,19770209,FRA,atp
103333,Ivo,Karlovic,R,19790228,CRO,atp
104372,Alex,Bogdanovic,L,19840522,GBR,atp
102571,Gregory,Carraz,R,19750409,FRA,atp
104068,Robby,Ginepri,R,19821007,USA,atp
104755,Richard,Gasquet,R,19860618,FRA,atp
104043,Marc,Lopez,R,19820731,ESP,atp
103015,Daniel,Melo,L,19770704,BRA,atp
104196,Carlos,Cuadrado,R,19830601,ESP,atp
103908,Paul Henri,Mathieu,R,19820112,FRA,atp
103837,Didac,Perez,R,19810907,ESP,atp
102999,Stefano,Galvani,R,19770603,ITA,atp
103133,Olivier,Mutis,R,19780202,FRA,atp
102565,Alexander,Waske,R,19750331,GER,atp
103970,David,Ferrer,R,19820402,ESP,atp
103408,Brian,Vahaly,R,19790719,USA,atp
102902,Thomas,Blake,R,19761229,USA,atp
103154,Jaymon,Crabb,R,19780306,AUS,atp
103948,Maximilian,Abel,R,19820228,GER,atp
104339,Mario,Ancic,R,19840330,CRO,atp
102865,Doug,Bohaboy,R,19760925,USA,atp
103581,Flavio,Saretta,R,19800628,BRA,atp
103204,Hugo,Armando,R,19780527,USA,atp
103047,Julien,Varlet,R,19770908,FRA,atp
104433,Frank,Dancevic,R,19840926,CAN,atp
103097,Trevor,Spracklin,R,19771217,USA,atp
103672,Ricardo,Mello,L,19801221,BRA,atp
103746,Miguel,Gallardo Valles,R,19810408,MEX,atp
103105,Ruben,Ramirez Hidalgo,R,19780106,ESP,atp
103525,Ivan,Miranda,R,19800308,PER,atp
103835,Filippo,Volandri,R,19810905,ITA,atp
103971,Karol,Beck,R,19820403,SVK,atp
104745,Rafael,Nadal,L,19860603,ESP,atp
102381,Werner,Eschauer,R,19740426,AUT,atp
104269,Fernando,Verdasco,L,19831115,ESP,atp
103470,Robert,Kendrick,R,19791115,USA,atp
104166,Alex,Bogomolov Jr,R,19830423,RUS,atp
103230,Tasuku,Iwami,L,19780709,JPN,atp
102768,Federico,Browne,R,19760407,ARG,atp
102785,Glenn,Weiner,R,19760427,USA,atp
103506,Martin,Vassallo Arguello,R,19800210,ARG,atp
104607,Tomas,Berdych,R,19850917,CZE,atp
104417,Robin,Soderling,R,19840814,SWE,atp
103325,Wesley,Moodie,R,19790214,RSA,atp
103238,Jean Claude,Scherrer,R,19780720,SUI,atp
104527,Stanislas,Wawrinka,R,19850328,SUI,atp
102957,Vadim,Kutsenko,R,19770316,RUS,atp
102997,Hermes,Gamonal,R,19770531,CHI,atp
103898,Julien,Benneteau,R,19811220,FRA,atp
103037,Andrew,Carlson,L,19770818,USA,atp
102457,Miles,Maclagan,R,19740923,GBR,atp
103225,Simon,Larose,R,19780628,CAN,atp
103722,Florent,Serra,R,19810228,FRA,atp
104548,Brian,Baker,R,19850430,USA,atp
103373,Sergio,Roitman,R,19790516,ARG,atp
103429,Peter,Luczak,R,19790831,AUS,atp
104025,Amer,Delic,R,19820630,BIH,atp
104379,Todd,Reid,R,19840603,AUS,atp
103917,Nicolas,Mahut,R,19820121,FRA,atp
103573,Rik,De Voest,R,19800605,RSA,atp
103580,Alexander,Peya,R,19800627,AUT,atp
103812,Victor,Hanescu,R,19810721,ROU,atp
103843,Marco,Chiudinelli,R,19810910,SUI,atp
103592,Jerome,Haehnel,R,19800714,FRA,atp
104252,Florian,Mayer,R,19831005,GER,atp
103808,Potito,Starace,R,19810714,ITA,atp
103201,Adrian,Garcia,R,19780525,CHI,atp
104229,Yen Hsun,Lu,R,19830814,TPE,atp
104198,Guillermo,Garcia Lopez,R,19830604,ESP,atp
103444,Jean Rene,Lisnard,R,19790925,MON,atp
104386,Janko,Tipsarevic,R,19840622,SRB,atp
104499,Jimmy,Wang,R,19850208,TPE,atp
103401,Jan,Hernych,R,19790707,CZE,atp
104180,Gilles,Muller,L,19830509,LUX,atp
103435,Massimo,Dellacqua,R,19790906,ITA,atp
103169,Oscar,Hernandez,R,19780410,ESP,atp
104214,Igor,Andreev,R,19830714,RUS,atp
104019,Kristof,Vliegen,R,19820622,BEL,atp
103535,Olivier,Patience,R,19800325,FRA,atp
104098,Dmitry,Tursunov,R,19821212,RUS,atp
104597,Nicolas,Almagro,R,19850821,ESP,atp
104259,Philipp,Kohlschreiber,R,19831016,GER,atp
103600,Mohammad,Ghareeb,R,19800722,KUW,atp
104312,Andreas,Seppi,R,19840221,ITA,atp
103460,Konstantin,Don Gruber,R,19791027,AUT,atp
104612,Daniel,Yoo,L,19850925,KOR,atp
104268,Alejandro,Falla,L,19831114,COL,atp
104117,Giovanni,Lapentti,R,19830125,ECU,atp
104542,Jo Wilfried,Tsonga,R,19850417,FRA,atp
103385,Paul,Baccanello,R,19790612,AUS,atp
103516,Nathan,Healey,R,19800227,AUS,atp
103817,Yu Jr,Wang,L,19810801,CHN,atp
103337,Ben Qiang,Zhu,R,19790313,CHN,atp
104294,Hao,Lu,R,19840130,CHN,atp
104250,Prakash,Amritraj,R,19831002,IND,atp
103761,Tomas,Cakl,R,19810425,CZE,atp
103693,Thierry,Ascione,R,19810117,FRA,atp
103730,Jonathan,Marray,R,19810310,GBR,atp
103339,Wesley,Whitehouse,L,19790313,RSA,atp
103913,Ian,Flanagan,U,19820115,GBR,atp
103737,Edgardo,Massa,R,19810322,ARG,atp
103534,Nicolas,Devilder,L,19800325,FRA,atp
103490,Santiago,Ventura,R,19800105,ESP,atp
104338,Juan,Monaco,R,19840329,ARG,atp
104635,Robert,Smeets,L,19851110,AUS,atp
104732,Phillip,Simmonds,R,19860518,USA,atp
104035,Bobby,Reynolds,R,19820717,USA,atp
105048,Alex,Clayton,R,19871123,USA,atp
104171,Richard,Bloomfield,R,19830427,GBR,atp
103063,Sebastien,De Chaunac,R,19771007,FRA,atp
104571,Marcos,Baghdatis,R,19850617,CYP,atp
105252,Takahiro,Ittogi,R,19881217,JPN,atp
104424,Go,Soeda,R,19840905,JPN,atp
104056,Roko,Karanusic,R,19820905,CRO,atp
103823,Denis,Gremelmayr,L,19810816,GER,atp
104160,Lukas,Dlouhy,R,19830409,CZE,atp
104371,Ivo,Minar,R,19840521,CZE,atp
103503,Robin,Vik,R,19800205,CZE,atp
103582,Michael,Berrer,L,19800701,GER,atp
104918,Andy,Murray,R,19870515,GBR,atp
103820,Alan,Mackin,R,19810811,GBR,atp
103967,Michael,Lammer,R,19820325,SUI,atp
103455,Michal,Mertinak,R,19791011,SVK,atp
104589,Chris,Guccione,L,19850730,AUS,atp
104792,Gael,Monfils,R,19860901,FRA,atp
104624,Joshua,Goodall,R,19851017,GBR,atp
104305,Luka,Gregorc,R,19840214,SLO,atp
103145,Amir,Hadad,R,19780217,ISR,atp
103175,Toshihide,Matsui,R,19780419,JPN,atp
104261,Peng,Sun,R,19831019,CHN,atp
103830,Shao Xuan,Zeng,R,19810829,CHN,atp
104026,Joachim,Johansson,R,19820701,SWE,atp
104559,Teymuraz,Gabashvili,R,19850523,RUS,atp
103032,Francisco,Fogues,L,19770806,ESP,atp
104209,Rainer,Eitzinger,R,19830628,AUT,atp
104714,Julian,Reister,R,19860402,GER,atp
104225,Jan,Hajek,R,19830807,CZE,atp
103794,Benjamin,Becker,R,19810616,GER,atp
105223,Juan Martin,Del Potro,R,19880923,ARG,atp
103424,Tobias,Clemens,R,19790814,GER,atp
104620,Simone,Bolelli,R,19851008,ITA,atp
103035,Alessio,Di Mauro,L,19770809,ITA,atp
104081,Boris,Pashanski,R,19821103,SRB,atp
104136,Santiago,Gonzalez,R,19830224,MEX,atp
104122,Carlos,Berlocq,R,19830203,ARG,atp
103228,Marcos,Daniel,R,19780704,BRA,atp
104678,Viktor,Troicki,R,19860210,SRB,atp
103752,Simon,Greul,R,19810413,GER,atp
105227,Marin,Cilic,R,19880928,CRO,atp
103077,Konstantinos,Economidis,R,19771102,GRE,atp
104251,Ti,Chen,R,19831003,TPE,atp
103747,Dominik,Meffert,R,19810409,GER,atp
104468,Gilles,Simon,R,19841227,FRA,atp
104925,Novak,Djokovic,R,19870522,SRB,atp
103110,Daniele,Bracciali,R,19780110,ITA,atp
105014,Antal,Van Der Duim,R,19870916,NED,atp
103657,Ivo,Klec,R,19801128,SVK,atp
102851,Giorgio,Galimberti,R,19760905,ITA,atp
104770,Martin,Fischer,R,19860721,AUT,atp
103997,Lukasz,Kubot,R,19820516,POL,atp
104593,Daniel,Gimeno Traver,R,19850807,ESP,atp
103868,Ivan,Navarro,R,19811019,ESP,atp
104831,Bartolome,Salva Vidal,L,19861120,ESP,atp
103521,Andrea,Stoppini,R,19800229,ITA,atp
104719,Marcel,Granollers,R,19860412,ESP,atp
105095,Evgeny,Korolev,R,19880214,KAZ,atp
104760,Scott,Oudsema,R,19860701,USA,atp
103857,Igor,Kunitsyn,R,19810930,RUS,atp
105023,Sam,Querrey,R,19871007,USA,atp
104976,Ryan,Sweeting,R,19870714,USA,atp
104154,Paul,Capdeville,R,19830402,CHI,atp
103726,Jean Christophe,Faurel,R,19810306,FRA,atp
104500,Somdev,Devvarman,R,19850213,IND,atp
103894,Phillip,King,R,19811219,USA,atp
105030,Michael,Venus,R,19871016,NZL,atp
104779,Jamie,Baker,R,19860805,GBR,atp
104783,Mikhail,Ledovskikh,R,19860808,RUS,atp
104501,Xin Yuan,Yu,L,19850213,CHN,atp
105208,Ernests,Gulbis,R,19880830,LAT,atp
104864,Alex,Kuznetsov,R,19870205,USA,atp
104233,Frederik,Nielsen,R,19830827,DEN,atp
102811,Dusan,Vemic,R,19760617,SRB,atp
105453,Kei,Nishikori,R,19891229,JPN,atp
105053,Santiago,Giraldo,R,19871127,COL,atp
104592,Ilija,Bozoljac,R,19850802,SRB,atp
105373,Martin,Klizan,L,19890711,SVK,atp
104898,Robin,Haase,R,19870406,NED,atp
104545,John,Isner,R,19850426,USA,atp
104639,Wayne,Odesnik,L,19851121,USA,atp
104736,Farrukh,Dustov,R,19860522,UZB,atp
103893,Paolo,Lorenzi,R,19811215,ITA,atp
104665,Pablo,Andujar,R,19860123,ESP,atp
104926,Fabio,Fognini,R,19870524,ITA,atp
103393,Yuri,Schukin,R,19790626,KAZ,atp
104534,Dudi,Sela,R,19850404,ISR,atp
103523,Rohan,Bopanna,R,19800304,IND,atp
104753,Woong Sun,Jun,R,19860614,KOR,atp
102967,Marc,Gicquel,R,19770330,FRA,atp
104890,Andreas,Haider Maurer,R,19870322,AUT,atp
103700,Juan Pablo,Guzman,L,19810129,ARG,atp
103701,Diego,Hartfield,R,19810131,ARG,atp
104179,Bruno,Echagaray,R,19830508,MEX,atp
104478,Hyun Woo,Nam,R,19850109,KOR,atp
104217,Simon,Stadler,L,19830720,GER,atp
104999,Mischa,Zverev,L,19870822,GER,atp
104979,Andrey,Golubev,R,19870722,KAZ,atp
105217,Thiemo,De Bakker,R,19880919,NED,atp
104332,Philipp,Petzschner,R,19840324,GER,atp
104724,Eduardo,Schwank,R,19860423,ARG,atp
104003,Victor,Crivoi,R,19820525,ROU,atp
103520,Pavel,Snobel,L,19800228,CZE,atp
105471,Cesar,Ramirez,R,19900125,MEX,atp
103976,Juan Pablo,Brzezicki,R,19820412,ARG,atp
104655,Pablo,Cuevas,R,19860101,URU,atp
104823,Bruno,Rodriguez,R,19861028,MEX,atp
104830,Matteo,Marrai,U,19861117,ITA,atp
104731,Kevin,Anderson,R,19860518,RSA,atp
105062,Mikhail,Kukushkin,R,19871226,KAZ,atp
104445,Jose Antonio,Sanchez De Luna,R,19841018,ESP,atp
103448,Gabriel,Trujillo Soler,R,19790930,ESP,atp
104868,James,Ward,R,19870209,GBR,atp
102512,Joseph,Sirianni,R,19750117,AUS,atp
104273,Edouard Roger,Vasselin,R,19831128,FRA,atp
105554,Daniel,Evans,R,19900523,GBR,atp
104262,Flavio,Cipolla,R,19831020,ITA,atp
105590,Uladzimir,Ignatik,R,19900714,BLR,atp
105385,Donald,Young,L,19890723,USA,atp
105028,Jesse,Levine,L,19871015,CAN,atp
105220,Jun Chao,Xu,U,19880922,CHN,atp
105339,Yan,Bai,R,19890521,CHN,atp
104628,Alexander,Kudryavtsev,R,19851026,RUS,atp
104717,Brendan,Evans,R,19860408,USA,atp
104219,Stephane,Bohli,R,19830725,SUI,atp
104676,Andreas,Beck,L,19860205,GER,atp
105216,Yuichi,Sugita,R,19880918,JPN,atp
103763,Martin,Slanar,R,19810501,AUT,atp
104781,Yuichi,Ito,R,19860806,JPN,atp
105147,Tatsuma,Ito,R,19880518,JPN,atp
103748,Jan,Minar,R,19810409,CZE,atp
108996,Mahmoud Nader,Al Baloushi,U,19800603,UAE,atp
104897,Matthias,Bachinger,R,19870402,GER,atp
104919,Leonardo,Mayer,R,19870515,ARG,atp
105064,Thomaz,Bellucci,L,19871230,BRA,atp
104947,Marsel,Ilhan,R,19870611,TUR,atp
104230,Daniel,Koellerer,R,19830817,AUT,atp
104314,Brian,Dabul,L,19840224,ARG,atp
103675,Diego,Junqueira,L,19801228,ARG,atp
104871,Jeremy,Chardy,R,19870212,FRA,atp
104547,Horacio,Zeballos,L,19850427,ARG,atp
105777,Grigor,Dimitrov,R,19910516,BUL,atp
104619,Jesse,Huta Galung,R,19851006,NED,atp
104397,Laurent,Recouderc,R,19840710,FRA,atp
104797,Denis,Istomin,R,19860907,UZB,atp
104327,Steve,Darcis,R,19840313,BEL,atp
104660,Sergiy,Stakhovsky,R,19860106,UKR,atp
104523,Frederico,Gil,R,19850324,POR,atp
105137,Pere,Riba,R,19880407,ESP,atp
104070,Jesse,Witten,R,19821015,USA,atp
105668,Jerzy,Janowicz,R,19901113,POL,atp
104978,Daniel,Brands,R,19870717,GER,atp
104010,Dieter,Kindlmann,R,19820603,GER,atp
104586,Lukas,Rosol,R,19850724,CZE,atp
105077,Albert,Ramos,L,19880117,ESP,atp
105011,Illya,Marchenko,R,19870908,UKR,atp
105238,Alexandr,Dolgopolov,R,19881107,UKR,atp
103565,Stephane,Robert,R,19800517,FRA,atp
105936,Filip,Krajinovic,R,19920227,SRB,atp
104735,Tobias,Kamke,R,19860521,GER,atp
104813,Grega,Zemlja,R,19860929,SLO,atp
105413,Andrej,Martin,R,19890920,SVK,atp
105001,Mao Xin,Gong,R,19870824,CHN,atp
105738,Tsung Hua,Yang,R,19910329,TPE,atp
105683,Milos,Raonic,R,19901227,CAN,atp
104330,Rajeev,Ram,R,19840318,USA,atp
104471,Ivan,Dodig,R,19850102,CRO,atp
104997,Igor,Sijsling,R,19870818,NED,atp
104882,Blaz,Kavcic,R,19870305,SLO,atp
104460,Dustin,Brown,R,19841208,GER,atp
105992,Ryan,Harrison,R,19920507,USA,atp
104308,Michal,Przysiezny,R,19840216,POL,atp
106071,Bernard,Tomic,R,19921021,AUS,atp
105041,Lukas,Lacko,R,19871103,SVK,atp
