106491,Alexander,Marcial,R,,PHI,atp,137538
100300,Jose,Higueras,R,19530301,ESP,atp,137853
109752,Ingo,Buding,R,19420109,GER,atp,137427
110364,Fabrizio,Matteoli,U,,ITA,atp,142802
100630,Gustavo,Guerrero,L,19591022,ARG,atp,138119
107001,Fernando,Gentil,R,,BRA,atp,137529
100054,Jose,Mandarino,R,19410326,BRA,atp,137461
199999,U,Unknown,U,,UNK,atp,142803
110274,Alvaro,Pena,U,,COL,atp,140919
100012,Nicola,Pietrangeli,R,19330911,ITA,atp,137496
110185,Michael,Hickey,R,,IRL,atp,137647
100105,Allan,Stone,R,19451014,AUS,atp,137416
107728,Massimo,Di Domenico,R,,ITA,atp,137595
100235,Antonio,Munoz,R,19510301,ESP,atp,137680
108477,Vincenzo,Franchitti,R,,ITA,atp,137731
100099,Thomaz,Koch,L,19450511,BRA,atp,137411
108036,Rafael,Ruiz,R,,ESP,atp,142804
107591,Luis,Bruguera,R,,ESP,atp,141003
109749,Pancho,Guzman,R,19460524,ECU,atp,137435
100056,Harald,Elschenbroich,R,19410619,GER,atp,137669
100053,Colin,Stubs,R,19410227,AUS,atp,137437
110380,Manlio,Bartoni,U,,ITA,atp,140993
100110,Terry,Addison,R,19460111,AUS,atp,137480
100062,Francois,Jauffret,R,19420209,FRA,atp,137534
108133,Roberto,Lombardi,R,,ITA,atp,140920
106968,Eugenio,Castigliano,R,,ITA,atp,137610
107425,Jose,Moreno,R,,ESP,atp,133275
109813,Ken,Fletcher,R,19400615,AUS,atp,137474
108012,Piero,Toci,R,,ITA,atp,137598
109771,Jairo,Velasco,R,19470509,ESP,atp,137567
100111,Ray,Keldie,R,19460117,AUS,atp,137521
100047,Bob,Carmichael,R,19400704,AUS,atp,137509
110278,Roberto,Saya,U,,ITA,atp,140924
106910,Eddie,Cruz,R,,PHI,atp,137541
100114,Ray,Ruffels,R,19460323,AUS,atp,137519
107264,Jaidip,Mukherjea,R,,IND,atp,137516
110203,Pancho,Castillo,R,,COL,atp,137507
100249,Paolo,Bertolucci,R,19510803,ITA,atp,137770
109879,Jose Luis,Arillla,R,,ESP,atp,137471
100032,Patricio,Rodriguez CHI,R,19381220,CHI,atp,137475
100023,Ramanathan,Krishnan,R,19370411,IND,atp,137339
100214,Adriano,Panatta,R,19500709,ITA,atp,137593
106971,Ezio,Di Matteo,R,,ITA,atp,137640
109762,Carlos,Fernandez,R,,BRA,atp,137477
100050,Martin,Mulligan,R,19401018,AUS,atp,137637
106922,Eduardo,Gorostagia,R,,BOL,atp,137555
100051,Premjit,Lall,R,19401020,IND,atp,137358
100174,Manuel,Orantes,L,19490206,ESP,atp,137455
110004,Josef,Stabholz,R,,ISR,atp,142805
110005,Bryan,Burrell,U,,UNK,atp,142806
100175,Zan,Guerry,R,19490212,USA,atp,137646
100219,Geoff,Masters,R,19500919,AUS,atp,137600
106964,Ernie,Mccabe,R,,AUS,atp,142807
100025,Barry,Phillips Moore,R,19370709,AUS,atp,137459
100336,Guillermo,Aubone,L,19540608,ARG,atp,138039
110006,Jean Pierre,Loizeau,U,,FRA,atp,140987
109803,John,Brown,R,19400712,AUS,atp,137426
100096,Peter,Burwash,R,19450210,CAN,atp,137397
107436,Jose,Guerrero,R,,ESP,atp,137728
110007,B,Moreau,U,,FRA,atp,140934
110008,Uriel,Oquendo Sr,U,,COL,atp,142808
109982,William,Tym,R,,USA,atp,137345
100158,John,Bartlett,R,19480317,AUS,atp,137587
109763,Eduardo,Zuleta,R,,ECU,atp,137362
100187,Luis Felipe,Tavares,R,19490926,BRA,atp,137844
109838,Henry Hank,Irvine,R,19430901,ZIM,atp,137699
109742,Berry,Geraghty,R,,AUS,atp,137527
100161,Jurgen,Fassbender,R,19480528,GER,atp,137494
100049,Jim,Mcmanus,L,19400916,USA,atp,137359
109835,John,Gardner,R,,AUS,atp,137713
100182,Mike,Estep,R,19490719,USA,atp,137621
100125,John,Cooper,R,19461104,AUS,atp,137599
100137,Han Jurgen,Pohmann,R,19470523,GER,atp,137633
100028,Manuel,Santana,R,19380510,ESP,atp,137492
109862,Alex,Kurucz,R,,GER,atp,142809
100058,Roger,Taylor,L,19411014,GBR,atp,137363
100115,Jaime,Fillol,R,19460603,CHI,atp,137355
100065,Terry,Ryan,R,19420427,RSA,atp,137467
100119,Ilie,Nastase,R,19460719,ROU,atp,137552
100126,Stan,Smith,R,19461214,USA,atp,137441
100098,Ove Nils,Bengtson,R,19450405,SWE,atp,137470
100089,Patrice,Beust,R,19440903,FRA,atp,137456
109818,Gordon,Forbes,R,19340221,RSA,atp,137448
100120,Robert,Maud,R,19460812,RSA,atp,137452
107309,Jean Loup,Rouyer,R,,FRA,atp,137570
100048,Earl Butch,Buchholz,R,19400916,USA,atp,137511
109760,Jean,Courcol,R,,FRA,atp,137518
100178,Bob,Giltinan,R,19490407,AUS,atp,137563
100087,John,Newcombe,R,19440523,AUS,atp,137337
100084,Tom,Okker,R,19440222,NED,atp,137432
100123,Patrick,Hombergen,R,19460908,BEL,atp,137524
100075,Owen,Davidson,L,19431004,AUS,atp,137462
100057,Pierre,Barthes,R,19410913,FRA,atp,137430
100088,Patricio,Cornejo,R,19440606,CHI,atp,137370
100128,Cliff,Richey,R,19461231,USA,atp,137458
100040,Bob,Hewitt,R,19400112,RSA,atp,137512
100083,Nicola,Spear,R,19440222,SRB,atp,137502
100244,John,Alexander,R,19510704,AUS,atp,137463
100160,Georges,Goven,R,19480426,FRA,atp,137506
100078,Clark,Graebner,R,19431104,USA,atp,137357
100097,Nicholas,Kalogeropoulos,R,19450218,GRE,atp,137482
100029,Rod,Laver,L,19380809,AUS,atp,137410
100103,Peter,Curtis,R,19450829,GBR,atp,137428
100010,Luis,Ayala,R,19320918,CHI,atp,137415
100037,Nikola,Pilic,L,19390827,CRO,atp,137374
100019,Wieslaw,Gasiorek,R,19360113,POL,atp,137504
109816,E Victor,Seixas,R,19230830,USA,atp,137341
100081,Charlie,Pasarell,R,19440212,USA,atp,137381
100317,Stephen,Warboys,R,19531025,GBR,atp,137702
100148,Ismail,El Shafei,R,19471115,EGY,atp,137469
100152,David,Lloyd,R,19480103,GBR,atp,137465
100121,Raymond,Moore,R,19460824,RSA,atp,137398
100071,Jean Claude,Barclay,R,19421230,FRA,atp,137486
100022,Roy,Emerson,R,19361103,AUS,atp,137422
109775,Robert,Wilson,R,19351122,GBR,atp,137499
100085,Hans Jaochim,Plotz,R,19440226,GER,atp,137493
109743,Paul,Hutchins,R,19450405,GBR,atp,137420
100162,Brian,Fairlie,R,19480613,NZL,atp,137444
100061,Tom,Edlefsen,R,19411212,USA,atp,137378
100026,Andres,Gimeno,R,19370803,ESP,atp,137400
100203,Phil,Dent,R,19500214,AUS,atp,137457
100030,Fred,Stolle,R,19381008,AUS,atp,137429
110070,Robert,Perry,R,19330317,USA,atp,137404
100135,Onny,Parun,R,19470415,NZL,atp,137522
100079,Bill,Bowrey,R,19431225,AUS,atp,137503
100076,Milan,Holecek,R,19431023,CZE,atp,137510
109783,Bob,Howe,R,19250803,AUS,atp,137484
100039,Boro,Jovanovic,R,19391021,CRO,atp,137543
100069,Dennis,Ralston,R,19420727,USA,atp,137389
100067,Frew,Mcmillan,R,19420520,RSA,atp,137464
100139,Gerald,Battrick,R,19470527,GBR,atp,137485
100055,Cliff,Drysdale,R,19410526,RSA,atp,137414
100127,Tom,Gorman,R,19461219,USA,atp,137342
110017,John,Mcdonald,R,19310204,NZL,atp,137735
109814,Donald,Dell,R,19380617,USA,atp,137445
100060,Marty,Riessen,R,19411204,USA,atp,137346
109823,Ron,Holmberg,R,19380127,USA,atp,137394
100020,Alejandro,Olmedo,R,19360324,PER,atp,137438
100090,Dick,Crealy,R,19440918,AUS,atp,137500
100016,Ken,Rosewall,R,19341102,AUS,atp,137407
109755,V,Kazarevitch,R,,RUS,atp,137548
100243,Steve,Krulevitz,R,19510530,USA,atp,137685
100063,William,Higgins,R,19420402,USA,atp,137606
100150,Lito,Alvarez,R,19471205,ARG,atp,137712
109848,Danny,Obryant,R,,USA,atp,137366
109938,Tom,Mozur,R,,USA,atp,137361
109927,G Turner,Howard,R,19470724,USA,atp,137696
109989,Ron,Goldman,R,,USA,atp,137354
100212,Franklin,Robbins,R,19500613,USA,atp,137626
110039,Sutarjo,Sugiarto,R,,IND,atp,137592
100186,Jeff,Borowiak,R,19490925,USA,atp,137424
100144,Robert,Lutz,R,19470829,USA,atp,137396
100066,Frank,Froehling,R,19420519,USA,atp,137694
100018,Barry,Mackay,R,19350831,USA,atp,137393
100134,Roy,Barth,R,19470330,USA,atp,137487
100217,Robert,Mckinley,R,19500805,USA,atp,137353
100074,Arthur,Ashe,R,19430710,USA,atp,137418
107217,Ian,Crookenden,R,,NZL,atp,137413
100282,Guillermo,Vilas,L,19520817,ARG,atp,137697
100094,Jim,Osborne,R,19450201,USA,atp,137392
109811,Chauncey,Steele Iii,R,,USA,atp,137391
109881,Atet,Wijono,R,,IND,atp,137688
109833,Richard,Russell,U,19450908,JAM,atp,137387
100102,Joaquin Loyo,Mayo,R,19450816,MEX,atp,137383
109764,Bernard,Paul,R,,FRA,atp,137559
100155,Ramiro,Benavides,R,19480130,BOL,atp,137845
100035,Ion,Tiriac,R,19390509,ROU,atp,137473
100215,Fred,Mcnair,R,19500722,USA,atp,137708
109817,Stefan,Koudelka,R,,CZE,atp,137603
100231,Erik,Van Dillen,R,19510221,USA,atp,137406
100133,Pat,Cramer,R,19470321,RSA,atp,137618
100216,Charles,Owens,R,19500731,USA,atp,137756
100205,Paul,Gerken,R,19500315,USA,atp,137368
100229,Dick,Stockton,R,19510218,USA,atp,137403
107799,Miguel,Olvera,R,,ECU,atp,137615
100129,Jean Baptiste,Chanfreau,R,19470117,FRA,atp,137528
109825,Koji,Watanabe,R,,JPN,atp,137489
109822,Thomas,Lejus,R,19410828,RUS,atp,137508
100176,Hans,Kary,L,19490223,AUT,atp,137661
109782,William,Alvarez,R,19341215,COL,atp,137582
110016,Alan,Kendal,U,,AUS,atp,142810
100376,Buster C,Mottram,R,19550425,GBR,atp,137775
106616,Bernard,Montrenaud,R,,FRA,atp,137557
100159,Vladimir,Korotkov,R,19480423,RUS,atp,137478
100092,Alex,Metreveli,R,19441102,RUS,atp,137454
107993,Peter,Pokorny,R,,AUT,atp,137564
100044,Sergei,Likhachev,R,19400320,RUS,atp,137491
100173,Andrew,Pattison,R,19490130,USA,atp,137672
100104,D Richard,Russell,R,19450908,JAM,atp,137387
109745,Lew,Hoad,R,19341123,AUS,atp,137515
100077,Daniel,Contet,R,19431103,FRA,atp,137451
106517,Anatoli,Volkov,R,,RUS,atp,137667
110268,Ernesto,Aguirre,U,,CHI,atp,140911
108085,Richard,Hawkes,R,,NZL,atp,137558
107453,Juan,Couder,R,,ESP,atp,142811
100073,Mark,Cox,L,19430705,GBR,atp,137447
109957,Gerry,Perry,U,19470601,USA,atp,140961
100138,Dan,Bleckinger,R,19470527,USA,atp,137439
110327,Jose Maria,Gisbert,U,19450207,ESP,atp,140992
106468,Alberto,Martorell,R,,ESP,atp,142812
100141,Zeljko,Franulovic,R,19470613,CRO,atp,137347
110328,Pedro,Loewe,U,,ESP,atp,142813
100170,Bernard,Mignot,R,19481203,BEL,atp,137769
100113,Jan,Kodes,R,19460301,CZE,atp,137443
100064,Juan,Gisbert,R,19420405,ESP,atp,137573
107429,Jose,Castanon,R,,ESP,atp,137873
109911,Jose,Cordon,U,,UNK,atp,142814
100106,Graham,Stilwell,R,19451115,GBR,atp,137490
100003,Frank,Sedgman,R,19271002,AUS,atp,137655
100257,Ross,Case,R,19511101,AUS,atp,137597
100045,John,Paish,L,19400323,GBR,atp,137601
100080,Szabolcz,Baranyi,R,19440131,HUN,atp,137664
109777,Alan,Fox,R,19390625,USA,atp,137449
100007,Abe,Segal,L,19301023,RSA,atp,137525
100005,Richard Pancho,Gonzales,R,19280509,USA,atp,137436
100142,Peter,Szoke,R,19470808,HUN,atp,137659
100091,Colin,Dibley,R,19440919,AUS,atp,137654
100009,Istvan,Gulyas,R,19311014,HUN,atp,137505
100086,Frantisek,Pala,L,19440328,CZE,atp,137675
108118,Robert,Machan,R,,HUN,atp,137681
100200,Antonio,Zugarelli,R,19500117,ITA,atp,137733
100270,Anand,Amritraj,R,19520320,IND,atp,137736
100201,Syd,Ball,R,19500124,AUS,atp,137589
100286,Harold,Solomon,R,19520917,USA,atp,137766
100321,Vijay,Amritraj,R,19531214,IND,atp,137762
106867,Derek,Schroder,R,,RSA,atp,137453
100179,Karl,Meiler,R,19490430,GER,atp,137671
100149,Toshiro,Sakai,R,19471123,JPN,atp,137716
100255,Roscoe,Tanner,L,19511015,USA,atp,137630
100266,John,Feaver,R,19520216,GBR,atp,137704
100013,Neale,Fraser,L,19331003,AUS,atp,137742
100297,Corrado,Barazzutti,R,19530219,ITA,atp,137729
100284,Jimmy,Connors,L,19520902,USA,atp,137683
100130,Vladimir,Zednik,R,19470201,CZE,atp,137642
100261,Brian,Gottfried,R,19520127,USA,atp,137693
100146,Jun,Kamiwazumi,R,19471001,JPN,atp,137758
100225,Peter,Doerner,R,19501117,AUS,atp,137653
100118,Ivan,Molina,L,19460616,COL,atp,137547
108360,Teimuraz,Kakoulia,R,,RUS,atp,137670
109815,Stanley,Matthews,R,19451120,GBR,atp,137479
100232,Eddie,Dibbs,R,19510223,USA,atp,137764
107917,Pancho,Musalem,R,,CHI,atp,142815
107599,Luis,Riba,R,,ESP,atp,142816
107457,Juan Ignacio,Muntanola,R,,ESP,atp,137864
100196,Haroon,Rahim,R,19491112,PAK,atp,137421
100145,Dick,Dell,R,19470929,USA,atp,137376
100288,Tenny,Svensson,R,19520921,SWE,atp,137792
109944,Greg,Cooper,R,19600717,USA,atp,142817
100100,Tony,Roche,L,19450517,AUS,atp,137440
100180,Bill,Lloyd,R,19490507,AUS,atp,137746
100070,Jan,Kukal,R,19420913,CZE,atp,137501
107456,Juan,Herrera,R,,ESP,atp,142818
100277,Jacques,Thamin,R,19520523,FRA,atp,137576
100223,Jeff,Simpson,R,19501029,NZL,atp,137737
100038,Jaime,Pinto Bravo,R,19391009,CHI,atp,137526
100273,Kim,Warwick,R,19520408,AUS,atp,137738
100228,Kjell,Johansson,R,19510212,SWE,atp,137832
100239,Hans,Engert,R,19510422,GER,atp,137795
100147,Marcello,Lara,R,19471005,MEX,atp,137401
100140,Steve,Faulk,R,19470601,USA,atp,137719
100199,Patrice,Dominguez,L,19500112,FRA,atp,137730
100437,Bjorn,Borg,R,19560606,SWE,atp,137805
100169,Ian,Fletcher,R,19481201,AUS,atp,137583
100185,Patrick,Proisy,R,19490910,FRA,atp,137532
100220,Jiri,Hrebec,R,19500919,CZE,atp,137732
100122,Julian,Ganzabal,R,19460825,ARG,atp,137846
100193,Wanaro,Ngodrella,R,19491019,FRA,atp,137666
100305,Mark,Farrell,R,19530506,GBR,atp,137796
100107,Robert,Rheinberger,R,19451118,AUS,atp,137677
106594,Attila,Korpas,R,,GER,atp,137829
100377,Colin,Dowdeswell,R,19550512,GBR,atp,137800
108434,Tony,Parun P071,R,,NZL,atp,137814
110296,Felix,Morey,U,,ESP,atp,142819
100195,Nicolas,Kelaidis,R,19491029,GRE,atp,137783
108192,Sachio,Kato,R,,JPN,atp,142820
100109,Jun,Kuki,R,19451228,JPN,atp,137679
110209,Jackie,Cooper,U,19440701,USA,atp,142821
100116,Sherwood,Stewart,R,19460606,USA,atp,137360
100093,William,Brown,R,19450114,USA,atp,137692
108254,Shinya,Tanaka,R,,JPN,atp,142822
100206,Kenichi,Hirai,R,19500319,JPN,atp,137720
106996,Felix,Ponte,R,,PER,atp,137859
100346,Paul,Kronk,R,19540922,AUS,atp,137663
100052,Keishiro,Yanagi,R,19410224,JPN,atp,137605
100156,Jasjit,Singh,R,19480204,IND,atp,137631
107518,Kiyoski,Tanabe,R,,JPN,atp,137747
100017,Mal,Anderson,R,19350303,AUS,atp,137434
100309,Raul,Ramirez,R,19530620,MEX,atp,137723
107810,Mike,Kreiss,R,,USA,atp,137715
100360,Brian,Teacher,R,19541223,USA,atp,137822
100299,James Chico,Hagey,R,19530225,USA,atp,137760
100267,Rayno,Seegers,R,19520229,RSA,atp,137607
100250,Woody,Blocher,R,19510824,USA,atp,137627
100351,Freddie,De Jesus,R,19541030,PUR,atp,142823
100011,Torben,Ulrich,L,19321004,DEN,atp,137350
100417,Hans,Gildemeister,R,19560209,CHI,atp,137888
100301,Jim,Delaney,R,19530312,USA,atp,137757
100208,Dick R,Bohrnstedt,R,19500428,USA,atp,137774
100342,Vitas,Gerulaitis,R,19540726,USA,atp,137717
100251,Grover Raz,Reid,R,19510827,USA,atp,137765
100345,Pat,Dupre,R,19540916,USA,atp,137761
106697,Carlos,Feldstedt,R,,CHI,atp,142824
107275,Jan,Hordijk,R,,NED,atp,137802
109850,Nick,Fleury,U,19450510,NED,atp,142825
100247,Rolf,Thung,L,19510727,NED,atp,137863
100211,Louk,Sanders,R,19500509,NED,atp,137978
108533,Wouter,Fok,R,,NED,atp,142826
100343,John,Lloyd,R,19540827,GBR,atp,137810
100263,John,Andrews,R,19520205,USA,atp,137823
100082,Roger,Dowdeswell,R,19440216,ZIM,atp,137698
100461,Billy,Martin,R,19561225,USA,atp,137755
107895,Orlando,Agudelo,R,,COL,atp,142827
100279,Mike,Cahill,R,19520617,USA,atp,137895
100198,Alvaro,Betancur,R,19500103,COL,atp,137887
100367,Belus,Prajoux,R,19550227,CHI,atp,137827
100324,John,Whitlinger,R,19540204,USA,atp,137837
100339,Victor,Amaya,L,19540702,USA,atp,137826
100124,Steve,Turner,R,19461017,USA,atp,137718
100289,Byron,Bertram,R,19521029,RSA,atp,137701
100197,Alejandro,Pierola,R,19491120,CHI,atp,137977
100171,John,Yuill,R,19481212,RSA,atp,137819
106962,Ernesto,Vazquez,R,,ESP,atp,142828
100278,Frank,Gebert,R,19520611,GER,atp,137778
100190,Norman,Holmes,R,19491005,USA,atp,137721
100325,Ulrich,Pinner,R,19540207,GER,atp,137848
100280,Wojtek,Fibak,R,19520803,POL,atp,137872
100238,Rick,Fisher,R,19510329,USA,atp,137875
107823,Mitsuru,Motoi,R,,JPN,atp,142829
100333,Shigeyuki,Nishio,R,19540523,JPN,atp,142830
108253,Shinichi,Sakamoto,R,,JPN,atp,142831
108567,Yuji,Tezuka,R,,JPN,atp,142832
106453,Akinori,Naguro,R,,JPN,atp,142833
106452,Akifumi,Machidori,R,,JPN,atp,142834
108275,Spencer,Segura,R,,USA,atp,142835
107898,Osamu,Ishiguro,R,,JPN,atp,137705
109951,Moon Il,Kim,U,,KOR,atp,142836
106455,Akira,Motomura,R,,JPN,atp,142837
100059,Isao,Watanabe,R,19411123,JPN,atp,137575
109924,Takao,Yamamoto,R,,JPN,atp,142838
109952,Osamu,Yanagihara,U,,JPN,atp,142839
108193,Sadao,Kosugi,R,,JPN,atp,142840
100042,Ryoichi,Mori,R,19400114,JPN,atp,142841
109953,Yoshimito,Miyashita,U,,JPN,atp,142842
100492,John,Austin,R,19570731,USA,atp,138015
100024,Jan Eric,Lundquist,R,19370414,SWE,atp,141016
107277,Jan,Pisecky,R,,CZE,atp,137851
107284,Janos,Benyik,R,,HUN,atp,137933
107092,Geza,Varga,R,,HUN,atp,137682
100034,Christian,Kuhnke,R,19390413,GER,atp,140991
107233,Ingo,Wimmer,R,,AUT,atp,142843
100281,Sashi,Menon,R,19520809,IND,atp,137722
100332,Balazs,Taroczy,R,19540509,HUN,atp,137780
100395,Victor,Pecci,R,19551015,PAR,atp,137854
100304,Robert,Kreiss,R,19530430,USA,atp,137711
100362,Peter,Fleming,R,19550121,USA,atp,137892
100372,Trey,Waltke,R,19550316,USA,atp,137842
100268,Denis,Naegelen,R,19520314,FRA,atp,137828
100315,Hank,Pfister,R,19531009,USA,atp,137958
100422,Bruce,Manson,L,19560320,USA,atp,137835
108466,Vicente,Castano,R,,ESP,atp,142844
100274,Eric,Deblicker,R,19520417,FRA,atp,137830
100262,Rolf,Norberg,R,19520131,SWE,atp,137821
106629,Birger,Andersson,R,,SWE,atp,137878
106923,Eduardo,Mandarino,R,,ESP,atp,142845
100191,Doug,Crawford,R,19491015,USA,atp,137806
100358,Mike,Fishbach,R,19541201,USA,atp,137965
108421,Toma,Ovici,R,,ROU,atp,137825
109958,Viorel,Marcu,U,,ROU,atp,142846
100258,Jorge,Andrew,R,19511102,VEN,atp,137838
107768,Michael,Burgener,R,19490601,SUI,atp,142847
100154,Peter,Kanderal,R,19480116,SUI,atp,137803
107255,Jacek,Niedzwiedzki,R,,POL,atp,137876
100409,Randy,Crawford,R,19551222,USA,atp,138016
109889,Tim,Sturdza,U,,SUI,atp,142848
108342,Tadeusz,Nowicki,R,,POL,atp,137530
106901,Dragan,Stojovic,R,,YUG,atp,137809
106438,A,Uehara,R,,JPN,atp,142849
100326,Russell,Simpson,R,19540222,NZL,atp,137797
100303,Henry,Bunis,R,19530327,USA,atp,137836
108415,Tom,Kreiss,R,,USA,atp,142850
100227,Alvin,Gardiner,R,19510211,AUS,atp,137591
100382,Chris,Kachel,R,19550619,AUS,atp,137779
100334,Ernie,Ewert,R,19540605,AUS,atp,137812
100265,Cliff,Letcher,R,19520209,AUS,atp,137753
100396,Martin,Robinson,L,19551019,GBR,atp,137866
100354,Bernard,Mitton,R,19541109,RSA,atp,137801
100172,Modesto Tito,Vazquez,R,19490101,ESP,atp,137687
100394,Angel,Gimenez,R,19551010,ESP,atp,137929
100221,Carlos,Kirmayr,R,19500923,BRA,atp,137874
106567,Antonio,Domenech,R,,ESP,atp,142851
107026,Francisco,Mastelli,R,,ARG,atp,142852
100245,Jeff,Austin,R,19510705,USA,atp,137706
100298,George,Hardie,L,19530219,USA,atp,137763
100233,Ricardo,Cano,R,19510226,ARG,atp,137871
100374,Javier,Soler,L,19550325,ESP,atp,137948
100226,Mike,Machette,R,19510127,USA,atp,137689
100253,Tom,Gullikson,L,19510908,USA,atp,137935
100356,Paul,Mcnamee,R,19541112,AUS,atp,137807
100164,Bill,Lofgren,R,19480731,USA,atp,137952
108368,Tetsu,Kuramitsu,R,,JPN,atp,142853
100452,Bill,Scanlon,R,19561113,USA,atp,137899
100344,Eric,Friedler,R,19540908,USA,atp,137843
100428,Gene,Mayer,R,19560411,USA,atp,137886
100293,John,Marks,R,19521209,AUS,atp,137911
108315,Steve,Mott,R,,USA,atp,142854
100369,Herve,Gauvain,R,19550304,FRA,atp,137850
100031,Dimitri,Sturdza,R,19381110,SUI,atp,137554
100276,Terry,Moor,L,19520423,USA,atp,137901
107463,Juan,Torralbo,R,,ESP,atp,142855
100236,John,James,R,19510307,AUS,atp,137749
100177,Pavel,Hutka,R,19490228,CZE,atp,137936
100503,Lorenzo,Fargas,R,19571019,ESP,atp,142856
106899,Douglas,Palm,R,,SWE,atp,137950
100413,Ulrich,Marten,R,19560101,GER,atp,137870
100331,Jean Louis,Haillet,R,19540507,FRA,atp,137784
100444,Werner,Zirngibl,R,19560904,GER,atp,137923
100477,Gianni,Ocleppo,R,19570406,ITA,atp,137931
107235,Ionel,Santeiu,R,,ROU,atp,137787
100269,Joe,Garcia,R,19520317,USA,atp,142857
100474,Chris,Lewis NZL,R,19570309,NZL,atp,137907
100337,Mark,Edmondson,R,19540624,AUS,atp,137865
100271,Jean Francois,Caujolle,L,19520331,FRA,atp,137678
100436,Nick,Saviano,L,19560605,USA,atp,137903
100322,Emilio,Montano,R,19531218,MEX,atp,137833
100117,Butch,Seewagen,R,19460613,USA,atp,137375
100302,Joaquim,Rasgado Jr,R,19530324,BRA,atp,137883
100168,Kenneth,Mcmillan,R,19481125,USA,atp,142858
100313,Keith,Richardson,R,19530818,USA,atp,137964
100388,Peter,Pearson,R,19550812,USA,atp,137974
100202,George,Amaya,L,19500212,USA,atp,137962
100400,Hubertus,Hoyt,R,19551103,USA,atp,142859
100434,Tomas,Smid,R,19560520,CZE,atp,137932
100319,Rick,Fagel,R,19531129,USA,atp,137882
100272,Sandy,Mayer,R,19520405,USA,atp,137691
100259,Peter,Feigl,R,19511130,AUT,atp,137916
100532,Johan,Kriek,R,19580405,USA,atp,137982
100403,Rolf,Gehring,R,19551125,GER,atp,137868
100363,Jiri,Granat,R,19550128,CZE,atp,137768
100659,Helmar,Stiegler,R,19600318,AUT,atp,142860
107279,Jan,Simbera,R,,CZE,atp,137945
100406,Greg,Halder,R,19551205,CAN,atp,137985
100631,Tim,Wilkison,L,19591123,USA,atp,137959
100359,Richard,Lewis,L,19541206,GBR,atp,137788
100380,Butch,Walts,R,19550604,USA,atp,137902
100210,Steve,Docherty,R,19500506,AUS,atp,137839
100485,Tsuyoshi,Fukui,R,19570622,JPN,atp,142861
100252,Tim,Gullikson,R,19510908,USA,atp,137893
100287,Robin,Drysdale,R,19520918,GBR,atp,137815
100327,Willem,Prinsloo,R,19540225,RSA,atp,137947
100306,Michael,Wayman,R,19530506,GBR,atp,137906
100240,Joao,Soares,R,19510425,BRA,atp,137921
100545,Deon,Joubert,L,19580619,RSA,atp,137799
100506,Howard,Schoenfield,R,19571115,USA,atp,137880
100579,Heinz,Gunthardt,R,19590208,SUI,atp,137972
100555,Jose Luis,Clerc,R,19580816,ARG,atp,137981
100292,Alvaro,Fillol,R,19521204,CHI,atp,137881
100248,Max,Hurlimann,R,19510730,SUI,atp,142862
100348,Gerard,Toulon,R,19540924,FRA,atp,142863
100526,Ricardo,Ycaza,R,19580216,ECU,atp,137946
100435,Regis,Brunet,R,19560531,FRA,atp,137930
100543,Peter,Elter,R,19580610,GER,atp,137944
100421,Jan,Norback,R,19560306,SWE,atp,137939
100387,Jiri,Prucha,R,19550810,CZE,atp,142864
100536,Fernando,Luna,R,19580424,ESP,atp,138063
100402,Francisco,Gonzalez,R,19551119,PAR,atp,137967
100481,Roberto,Vizcaino,R,19570425,ESP,atp,138068
100486,Christophe Roger,Vasselin,R,19570708,FRA,atp,137937
100634,Larry,Gottfried,R,19591208,USA,atp,137894
100585,Van,Winitsky,L,19590312,USA,atp,137897
100475,Matt,Mitchell,R,19570316,USA,atp,137900
100586,Eliot,Teltscher,R,19590315,USA,atp,137957
100378,David,Schneider,R,19550517,USA,atp,137884
100581,John,Mcenroe,L,19590216,USA,atp,137942
107379,John Chris,Lewis,R,,USA,atp,142865
108349,Takehiko,Nishiwaki,R,,JPN,atp,142866
108345,Taisen,Kanai,R,,JPN,atp,142867
100430,David,Carter,R,19560421,AUS,atp,137924
106591,Asher,Kahn,R,,USA,atp,142868
106966,Etsuo,Uchiyama,R,,JPN,atp,142869
100752,Ramesh,Krishnan,R,19610605,IND,atp,138001
100316,Scott,Carnahan,R,19531024,USA,atp,137951
107903,Osuma,Nakamura,R,,JPN,atp,142870
100357,Bhanu,Nunna,R,19541113,IND,atp,142871
107864,Nobuya,Tamura,R,,JPN,atp,142872
106454,Akira,Kawaguchi,R,,JPN,atp,142873
100456,Ferdi,Taygan,R,19561205,USA,atp,137840
100449,Stanislav,Birner,R,19561011,CZE,atp,137976
100656,Ivan,Lendl,R,19600307,USA,atp,132503
100446,John,Sadri,R,19560919,USA,atp,137993
100512,Robert,Reininger,R,19580101,AUT,atp,142874
107875,Octavio,Martinez,R,,MEX,atp,142875
106947,Enrique,Haro,R,,MEX,atp,142876
109849,A,Hernandez,R,,MEX,atp,15516
100373,Christopher,Sylvan,R,19550318,USA,atp,137971
107297,Javier,Ordaz,R,,MEX,atp,142877
100502,Vincent,Van Patten,R,19571017,USA,atp,138026
106703,Carlos,Lopez,R,,MEX,atp,142878
108131,Roberto,Chavez,R,,MEX,atp,137786
106865,Dennis,Gibson,R,,USA,atp,142879
100256,Luis,Baraldi,R,19511021,MEX,atp,142880
100285,Rod,Frawley,R,19520908,AUS,atp,137750
100397,Terry,Rocavert,R,19551021,AUS,atp,137943
100383,Peter,Mcnamara,R,19550705,AUS,atp,137867
100163,Tom,Leonard,R,19480715,USA,atp,137371
100789,Ivan,Dupasquier,R,19611123,SUI,atp,138078
100500,Rohun,Beven,R,19570921,GBR,atp,138018
107954,Paul,Van Min,R,,NED,atp,142881
100497,Markus,Gunthardt,R,19570910,SUI,atp,138099
100314,Bernard,Fritz,R,19531005,FRA,atp,137975
100612,Alvaro,Margets,R,19590726,ESP,atp,142882
100667,Per,Hjertquist,R,19600406,SWE,atp,138073
100411,Pavel,Slozil,R,19551229,CZE,atp,137941
100525,Gilles,Moretton,R,19580210,FRA,atp,137970
100498,Klaus,Eberhard,R,19570915,GER,atp,137980
100530,Andreas,Maurer,R,19580308,GER,atp,14412
100564,Cary,Stansbury,R,19581017,USA,atp,138000
100592,Robert,Vant Hof,R,19590410,USA,atp,138025
100523,Erick,Iskersky,R,19580125,USA,atp,137997
100443,Christophe,Freyss,L,19560830,FRA,atp,137949
100499,Chris,Mayotte,R,19570916,USA,atp,138057
100529,Kevin,Curren,R,19580302,USA,atp,137989
100546,Eric,Fromm,R,19580627,USA,atp,138035
100600,Pascal,Portes,R,19590528,FRA,atp,137973
100166,Gene Stuart,Malin,R,19481001,USA,atp,137987
100655,Fritz,Buehning,R,19600305,USA,atp,138019
108453,Ulf,Eriksson,R,,SWE,atp,137927
108162,Roland,Steigler,R,,AUT,atp,142883
100407,Dale,Collings,R,19551216,AUS,atp,137908
100551,Brad,Drewett,L,19580719,AUS,atp,137914
100517,Matt,Doyle,R,19580113,USA,atp,138076
100676,Yannick,Noah,R,19600518,FRA,atp,108216
107459,Juan Manuel,Hidalgo,R,,ESP,atp,142884
100318,Roger,Guedes,R,19531103,BRA,atp,137966
100764,Gabriel,Urpi,R,19610816,ESP,atp,138127
100460,Jose,Lopez Maeso,R,19561224,ESP,atp,138037
100410,Tim,Garcia,R,19551228,USA,atp,137996
100384,Alejandro,Cortes,R,19550714,COL,atp,138017
100429,Miguel,Mir,R,19560418,ESP,atp,137877
100829,Jan,Gunnarsson,R,19620530,SWE,atp,138182
107180,Harvey,Spiegel,R,,USA,atp,142885
100598,Wolfgang,Popp,R,19590519,GER,atp,138114
100803,Stefan,Svensson,R,19620217,SWE,atp,142886
100440,Eddie,Edwards,R,19560703,RSA,atp,138075
100652,Cassio,Motta,R,19600222,BRA,atp,138022
100597,Jay,Lapidus,L,19590501,USA,atp,138028
100415,Michael,Grant,R,19560203,USA,atp,133425
100368,Haroon,Ismail,R,19550227,ZIM,atp,138023
100557,Jai,Dilouie,R,19580911,USA,atp,137991
100447,Juan,Nunez,R,19560923,CHI,atp,138077
100294,Rejean,Genois,R,19521230,CAN,atp,137990
100464,Warren,Maher,R,19570115,AUS,atp,137961
100797,Ben,Testerman,L,19620202,USA,atp,138117
100611,Mel,Purcell,R,19590718,USA,atp,137994
100392,Richard,Meyer,R,19550904,USA,atp,138020
100412,Bruce,Nichols,R,19551231,USA,atp,137998
100603,Roland,Stadler,U,19590614,SUI,atp,138094
100701,Marko,Ostoja,R,19601020,CRO,atp,138040
100241,Joel,Bailey,R,19510425,USA,atp,137983
108331,Suehiro,Ito,R,,JPN,atp,142887
108257,Shoichi,Tatsuno,R,,JPN,atp,142888
100569,Toru,Yonezawa,R,19581031,JPN,atp,142889
108577,Zhao,Xie,R,,CHN,atp,142890
106929,Eiji,Takeuchi,R,,JPN,atp,142891
100445,Steve,Denton,R,19560905,USA,atp,138088
100821,Hans,Simonsson,R,19620501,SWE,atp,138069
106716,Chang Hong,Ni,R,,CHN,atp,142892
100467,Mark,Turpin,R,19570204,USA,atp,137992
107204,Hiroyuki,Bamba,R,,JPN,atp,142893
100524,Shozo,Shiraishi,R,19580127,JPN,atp,137890
100640,Stefan,Simonsson,R,19600105,SWE,atp,138066
100488,Chris,Delaney,R,19570716,USA,atp,138003
101906,Yasufumi,Yamamoto,R,19710503,JPN,atp,142894
100438,Carlos,Gattiker,R,19560606,ARG,atp,138064
100451,Tony,Graham,R,19561029,USA,atp,137986
100905,Sammy,Giammalva Jr,R,19630324,USA,atp,138052
100562,Tom,Cain,R,19581011,USA,atp,138048
100535,Tony,Giammalva,R,19580421,USA,atp,137898
100375,John,Hayes,R,19550407,USA,atp,138044
108377,Thierry,Stevaux,R,,BEL,atp,138062
100489,Larry,Stefanki,R,19570723,USA,atp,138098
100565,Lloyd,Bourne,R,19581018,USA,atp,138080
107649,Marco,Alciati,R,,ITA,atp,142895
100574,Peter,Rennert,L,19581226,USA,atp,138007
100505,Famiano,Meneschincheri,R,19571113,ITA,atp,142896
100508,Peter,Spang,R,19571120,GER,atp,142897
110356,F,Settelmeyer,R,,GER,atp,142898
100599,Bernard,Boileau,R,19590525,BEL,atp,138065
100616,Andy,Kohlberg,L,19590817,USA,atp,138029
100353,Bruce,Kleege,R,19541101,USA,atp,138002
106610,Beejong,Sisson,R,,PHI,atp,142899
100781,Bernhard,Pils,R,19611020,AUT,atp,138145
107328,Jeremy,Cohen,R,,USA,atp,138005
100386,Jose,Garcia G003,R,19550723,ESP,atp,138187
100893,Joakim,Nystrom,R,19630220,SWE,atp,138100
100230,Welry,Fritz,R,19510219,CAN,atp,138043
100942,Thierry,Tulasne,R,19630712,FRA,atp,138056
100719,Juan,Avendano,R,19610129,ESP,atp,138128
100653,Andres,Gomez,L,19600227,ECU,atp,15857
100757,Anders,Jarryd,R,19610713,SWE,atp,138113
100577,Rory,Chappell,R,19590113,RSA,atp,137955
100661,Damir,Keretic,R,19600326,GER,atp,138147
100910,Magnus,Tideman,R,19630409,SWE,atp,138206
100246,Frank,Puncec,R,19510709,RSA,atp,138209
100516,Andrew,Jarrett,R,19580109,GBR,atp,137953
100483,Christophe,Casa,R,19570530,FRA,atp,137940
100769,Mario,Martinez,R,19610912,BOL,atp,133269
100711,Pedro,Rebolledo,R,19601217,CHI,atp,138092
100468,Dominique,Bedel,R,19570220,FRA,atp,137938
100515,Shlomo,Glickstein,R,19580106,ISR,atp,138012
100749,Dave,Siegler,R,19610531,USA,atp,138013
100765,Rodney,Harmon,R,19610816,USA,atp,138181
101061,Jimmy,Arias,R,19640816,USA,atp,138041
100453,Jose Luis,Damiani,R,19561121,URU,atp,138021
100663,Marcel,Freeman,R,19600330,USA,atp,138053
100448,Bruce,Foxworth,R,19560925,USA,atp,138024
107630,Marc,Albert,R,,NED,atp,142900
101046,Eric,Wilborts,R,19640620,NED,atp,142901
100450,Leo,Palin,R,19561020,FIN,atp,137963
100308,Robert,Trogolo,R,19530615,RSA,atp,138027
100699,Chris,Johnstone,R,19601012,AUS,atp,138010
107000,Fernando,Dalla Fontana,R,,ARG,atp,138122
100607,Eduardo,Bengoechea,R,19590702,ARG,atp,138120
100855,Scott,Davis,R,19620827,USA,atp,138049
100567,Chip,Hooper,R,19581024,USA,atp,138060
100800,Diego,Perez,R,19620209,URU,atp,138121
100606,Mike,Bauer,R,19590629,USA,atp,138169
100405,Fernando,Maynetto,R,19551202,PER,atp,138045
100393,Marcos,Hocevar,R,19550926,BRA,atp,138071
100573,Ron,Hightower,R,19581212,USA,atp,138102
100472,Craig,Wittus,R,19570224,USA,atp,138081
109925,Yoshito,Nakamura,R,,JPN,atp,142902
100522,Chris,Dunk,R,19580123,USA,atp,138105
110228,Toshio,Iwazawa,R,,JPN,atp,142903
110229,Haruhiko,Matsunaga,R,,JPN,atp,142904
106638,Bob,Weise W055,R,,USA,atp,142905
110230,Yoshiya,Hamano,R,,JPN,atp,142906
106627,Bill,Shivar,R,,USA,atp,142907
110231,Hachiro,Shibata,R,,JPN,atp,142908
110232,Yukihiko,Murata,R,,JPN,atp,142909
106641,Bobby,Webb,R,,USA,atp,142910
108252,Shinichi,Nishino,R,,JPN,atp,142911
107841,Naomi,Uemura,R,,JPN,atp,142912
110233,Kunio,Tsukamoto,R,,JPN,atp,142913
110234,Noriyuki,Washida,R,,JPN,atp,142914
100649,David,Dowlen,R,19600203,USA,atp,137995
110235,Weller,Evans,R,19541119,USA,atp,142915
110236,Toyokazu,Tomogane,R,,JPN,atp,142916
100566,Hitoshi,Shirato,R,19581019,JPN,atp,142917
100570,Marty,Davis,R,19581115,USA,atp,138079
108346,Takanobu,Fujii,R,,JPN,atp,142918
110237,Kiyoshi,Miyanami,R,,JPN,atp,142919
100519,Scott,Mccain,R,19580115,USA,atp,138074
107850,Nial,Brash,R,,USA,atp,142920
100540,Drew,Gitlin,R,19580526,USA,atp,138093
100401,Sean,Sorensen,R,19551112,IRL,atp,137954
100835,Hans Dieter,Beutel,R,19620612,GER,atp,138232
100426,Hans Peter,Kandler,R,19560402,AUT,atp,142921
107928,Pat,Serret,R,,AUS,atp,142922
100364,Jonathan,Smith,R,19550129,GBR,atp,137909
100713,John,Fitzgerald,R,19601228,AUS,atp,138008
100726,Greg,Whitecross,R,19610315,AUS,atp,138011
101013,Henrik,Sundstrom,R,19640229,SWE,atp,138134
100857,Sergio,Casal,R,19620908,ESP,atp,138135
100307,Paul,Torre,R,19530518,FRA,atp,138115
100636,Gustavo,Tiberti,R,19591211,ARG,atp,138184
109955,Antonio,Capella,R,,ESP,atp,142923
100782,Pablo,Arraya,R,19611021,PER,atp,138191
100729,Fernando,Soler,R,19610327,ESP,atp,142924
100799,Carlos,Castellan,R,19620208,ARG,atp,138189
100844,Jerome,Potier,L,19620718,FRA,atp,138104
100646,Claudio,Panatta,R,19600202,ITA,atp,138132
100635,Mark,Dickson,R,19591208,USA,atp,138175
100593,Miloslav,Lacek,L,19590416,CZE,atp,142925
100534,Steve,Meister,R,19580421,USA,atp,138091
100878,Christoph,Zipf,R,19621205,GER,atp,141047
100471,Mark,Vines,L,19570223,USA,atp,138082
100463,Ben,Mckown,R,19570111,USA,atp,138125
100924,Jorge,Lozano,R,19630517,MEX,atp,138363
106447,Adolfo,Gonzalez,R,,MEX,atp,142926
100575,Andy,Andrews,R,19590101,USA,atp,138097
100605,Charlie,Fancutt,R,19590617,AUS,atp,137960
100759,Danie,Visser,L,19610726,RSA,atp,138137
100459,Tracy,Delatte,R,19561222,USA,atp,142927
100681,Morris Skip,Strode,R,19600605,USA,atp,138162
100936,Henri,Leconte,L,19630704,FRA,atp,138070
100495,Wayne,Hampson,R,19570823,AUS,atp,138006
100349,Glen,Holroyd,R,19540925,USA,atp,138111
100689,Tim,Mayotte,R,19600803,USA,atp,138033
100624,Derek,Tarr,L,19590915,USA,atp,138083
100553,Nduka,Odizor,R,19580809,NGR,atp,138133
100638,David,Mustard,L,19591229,NZL,atp,138152
100398,Julio,Goes,R,19551025,BRA,atp,138139
100680,Peter,Johnston,L,19600601,AUS,atp,138164
100762,Freddie,Sauer,R,19610802,RSA,atp,138042
101062,Mats,Wilander,R,19640822,SWE,atp,138110
100425,Junie,Chatman,R,19560329,USA,atp,142928
100962,Thomas,Hogstedt,R,19630921,SWE,atp,138108
100490,Jaroslav,Navratil,R,19570724,CZE,atp,138267
106706,Cary,Leeds,R,,USA,atp,138059
100657,Mike,Leach,L,19600309,USA,atp,138055
100609,Zoltan,Kuharszky,R,19590708,HUN,atp,138129
107724,Masaru,Suishu,R,,JPN,atp,142929
107527,Konstantin,Pugayev,R,,RUS,atp,137813
107168,Hans,Hansson,R,,AUS,atp,137137
100537,Mike,Brunnberg,R,19580504,USA,atp,138151
100815,David,Pate,R,19620416,USA,atp,138160
100328,Rand,Evett,R,19540301,USA,atp,138131
100763,Brad,Gilbert,R,19610809,USA,atp,138176
108494,Walter,Redondo,R,,USA,atp,142930
100493,Eric,Sherbeck,R,19570807,USA,atp,138106
107529,Kouichi,Sayama,R,,JPN,atp,142931
101094,Eduardo,Oncins,R,19641210,BRA,atp,138217
100496,Charles Buzz,Strode,R,19570905,USA,atp,138153
107478,Kaoru,Maruyama,R,,JPN,atp,142932
100894,Francesco,Cancellotti,R,19630227,ITA,atp,138238
100563,Joel,Hoffman,R,19581014,USA,atp,142933
100547,Rocky,Royer,R,19580627,USA,atp,142934
100596,Bill,Cowan,R,19590428,CAN,atp,138087
100674,Jeff,Turpin,R,19600513,USA,atp,138220
100836,Glenn,Michibata,R,19620613,CAN,atp,138194
100923,Wally,Masur,R,19630513,AUS,atp,138101
100518,Ricardo,Acuna,R,19580113,CHI,atp,137988
100651,Alejandro,Ganzabal,R,19600216,ARG,atp,138123
100934,Matt,Anger,R,19630620,USA,atp,138195
100441,Mark,Darby,R,19560703,USA,atp,142935
107051,Gabriel,Mattos,R,,BRA,atp,142936
100588,Pender,Murphy,R,19590319,USA,atp,138178
100538,Alejandro,Gattiker,R,19580505,ARG,atp,138188
101131,Jimmy,Brown,R,19650428,USA,atp,138084
100738,Schalk,Van Der Merwe,R,19610416,RSA,atp,138141
100615,Gianluca,Rinaldini,R,19590810,ITA,atp,138124
100780,Mike,De Palmer,L,19611017,USA,atp,138089
100310,Mike,Myburg,R,19530623,RSA,atp,138143
100993,Loic,Courteau,R,19640106,FRA,atp,138192
101098,Guy,Forget,L,19650104,FRA,atp,138168
100715,Jim,Gurfein,L,19610104,USA,atp,138090
100578,Brent,Pirow,R,19590206,RSA,atp,138138
100848,Alberto,Tous,R,19620803,ESP,atp,138214
100790,Bruce,Derlin,L,19611128,NZL,atp,138136
100501,Gregoire,Rafaitin,R,19570926,FRA,atp,142937
100809,Juan,Aguilera,R,19620322,ESP,atp,138208
107024,Francisco,Ferrer,R,,ESP,atp,142938
101084,Jakob,Hlasek,R,19641112,SUI,atp,138223
100628,Michiel,Schapers,R,19591011,NED,atp,138207
100714,Broderick,Dyke,L,19601231,AUS,atp,138170
100868,Craig A,Miller,R,19621018,AUS,atp,138004
100871,Laurie,Warder,R,19621023,AUS,atp,138166
100964,Jon,Levine,R,19630929,USA,atp,138204
100728,Todd,Nelson,R,19610318,USA,atp,138202
100926,Ken,Flach,R,19630524,USA,atp,138218
100702,Sean,Brawley,R,19601024,USA,atp,138180
100920,Robert,Seguso,R,19630501,USA,atp,138203
100957,Greg,Holmes,R,19630829,USA,atp,138198
100528,Randy,Druz,R,19580226,USA,atp,138196
100901,Paul,Annacone,R,19630320,USA,atp,138229
101113,Michael,Westphal,R,19650219,GER,atp,138205
101147,Claudio,Mezzadri,R,19650610,SUI,atp,138226
101222,Stefan,Edberg,R,19660119,SWE,atp,132502
100625,Scott,Lipton,L,19590915,USA,atp,138173
101226,Johan,Carlsson,R,19660129,SWE,atp,138348
100730,Florin,Segarceanu,R,19610329,ROU,atp,138067
100323,Givaldo,Barbosa,R,19540125,BRA,atp,138032
100775,Tian C,Viljoen,R,19611004,RSA,atp,138222
101138,Pat,Cash,R,19650527,AUS,atp,138109
100710,Phil,Lehnhoff,R,19601208,USA,atp,142939
100887,Eric,Korita,R,19630113,USA,atp,138177
100673,Robbie,Venter,L,19600507,RSA,atp,138219
100967,Dan,Goldie,R,19631003,USA,atp,138260
101063,Jordi,Arrese,R,19640829,ESP,atp,138300
101381,Aaron,Krickstein,R,19670802,USA,atp,138201
101014,John,Ross,R,19640229,USA,atp,138377
100776,Tomm,Warneke,R,19611009,USA,atp,138299
100568,John,Mattke,R,19581029,USA,atp,138249
107829,Morten,Ronneberg,R,,NOR,atp,142940
100922,Roberto,Arguello,U,19630512,ARG,atp,138236
101115,Jorge,Bardou,R,19650305,ESP,atp,141066
100639,Blaine,Willenborg,R,19600104,USA,atp,138050
100620,Eduardo,Osta,L,19590904,ESP,atp,138193
101036,Miloslav,Mecir,R,19640519,SVK,atp,14789
100950,Libor,Pimek,R,19630803,BEL,atp,138199
100921,Patrice,Kuchna,R,19630510,FRA,atp,138126
101020,Hans,Schwaier,R,19640324,GER,atp,138231
101073,Martin,Jaite,R,19641009,ARG,atp,138237
106623,Bill,Csipkay,R,,USA,atp,142941
100556,Brian,Levine,R,19580820,RSA,atp,138243
101298,Jonas,Svensson,R,19661021,SWE,atp,138280
100938,Jaromir,Becka,R,19630706,GER,atp,142942
101414,Boris,Becker,R,19671122,GER,atp,107464
101120,Karel,Novacek,R,19650330,CZE,atp,138239
100866,Shahar,Perkiss,R,19621014,ISR,atp,138225
100956,Simone,Colombo,R,19630828,ITA,atp,138227
101404,Thomas,Muster,L,19671002,AUT,atp,36732
101110,David,De Miguel,R,19650207,ESP,atp,138325
101426,Kent,Carlsson,R,19680103,SWE,atp,138240
100604,Egan,Adams,R,19590615,USA,atp,138174
101058,Francisco,Yunis,R,19640812,ARG,atp,138350
101142,Emilio,Sanchez,R,19650529,ESP,atp,138224
100946,Slobodan,Zivojinovic,R,19630723,YUG,atp,138183
101276,Horacio,De La Pena,L,19660801,ARG,atp,138235
100865,Marcelo,Ingaramo,L,19621013,ARG,atp,138302
100833,Marc,Flur,R,19620608,USA,atp,138264
101368,Christian,Miniussi,R,19670705,ARG,atp,138333
101007,Guillermo,Rivas,R,19640209,ARG,atp,142943
100873,Oliver,Freund,R,19621107,GER,atp,142944
101117,Eric,Jelen,R,19650311,GER,atp,138242
100864,Martin,Wostenholme,R,19621011,CAN,atp,138286
100704,Billy,Nealon,L,19601111,USA,atp,138047
100390,Trevor,Allan,L,19550817,AUS,atp,137860
101048,Francisco,Maciel,R,19640701,MEX,atp,138311
100660,Bob,Green,R,19600325,USA,atp,138255
100618,Leif,Shiras,R,19590821,USA,atp,138061
101080,Lawson,Duncan,R,19641026,USA,atp,138259
100944,Mikael,Pernfors,R,19630716,SWE,atp,138256
100791,Bruce,Brescia,R,19611201,USA,atp,142945
101158,John,Frawley,R,19650704,AUS,atp,138172
100998,Stuart,Bale,L,19640121,GBR,atp,138221
100884,Steve,Shaw,R,19630101,GBR,atp,138228
100837,Jeremy,Bates,R,19620619,GBR,atp,138140
100870,Christo,Van Rensburg,R,19621023,RSA,atp,138230
100840,Mark,Wooldridge,R,19620707,USA,atp,138282
108256,Shoichi,Horiuchi,R,,JPN,atp,142946
100798,Howard,Sands,R,19620205,USA,atp,138244
107223,Ichiro,Nakanishi,R,,JPN,atp,142947
100686,Karl,Richter,L,19600721,USA,atp,142948
100771,Kelvin,Belcher,R,19610920,USA,atp,138257
100945,Craig,Campbell,R,19630718,RSA,atp,138310
108348,Takayoshi,Shibuya,R,,JPN,atp,142949
107807,Mike,Fedderly,R,,USA,atp,142950
100647,Kiyotaka,Tachibana,R,19600202,JPN,atp,142951
108259,Shu Wah,Liu,R,,CHN,atp,142952
100705,Erik,Vant Hof,R,19601112,USA,atp,142953
100645,Huub,Van Boeckel,R,19600125,NED,atp,138216
107819,Minoru,Ueda,R,,JPN,atp,142954
107502,Kenzo,Ukon U004,R,,JPN,atp,142955
100617,Bud,Schultz,R,19590821,USA,atp,138271
100796,Ahmed,El Mehelmy,R,19620125,EGY,atp,138298
101035,Menno,Oosting,R,19640517,NED,atp,138276
101145,Jonathan,Canter,R,19650604,USA,atp,138200
101340,Ricky,Brown,R,19670401,USA,atp,138258
101031,Massimo,Cierro,R,19640507,ITA,atp,138295
101119,Marian,Vajda,R,19650324,SVK,atp,138241
100990,Milan,Srejber,R,19631230,CZE,atp,138318
100970,Stefan,Eriksson,R,19631017,SWE,atp,138312
101439,Javier,Sanchez,R,19680201,ESP,atp,138349
101086,Ronald,Agenor,R,19641113,USA,atp,138288
100785,Jesus,Colas,R,19611111,ESP,atp,142956
100727,Raul Antonio,Viver,L,19610317,ECU,atp,138265
101074,Carlos,Di Laura,L,19641019,PER,atp,138341
107721,Martin,Valenti,R,,ESP,atp,142957
100935,Michael,Robertson,R,19630702,USA,atp,138331
101030,Goran,Prpic,R,19640504,CRO,atp,138304
101109,Tarik,Benhabiles,R,19650205,FRA,atp,138186
101267,Michael,Oberleitner,R,19660717,AUT,atp,142958
101377,Christian,Bergstrom,R,19670719,SWE,atp,138319
100951,Alessandro,De Minicis,R,19630804,ITA,atp,142959
101233,Alex,Antonitsch,R,19660208,AUT,atp,138359
101511,Horst,Skoff,R,19680822,AUT,atp,138313
100744,Peter,Doohan,R,19610502,AUS,atp,138009
100740,Dan,Cassidy,R,19610429,USA,atp,138252
100928,Barry,Moir,R,19630601,RSA,atp,138269
100966,Nick,Fulwood,R,19631002,GBR,atp,138234
100877,Brett,Dickinson,R,19621204,USA,atp,142960
100587,Steve,Guy,R,19590315,NZL,atp,138381
100737,Gary,Lemon,R,19610416,USA,atp,142961
101412,Shuzo,Matsuoka,R,19671106,JPN,atp,138428
100560,Jacques,Manset,R,19581011,USA,atp,142962
101295,Toshihisa,Tsuchihashi,R,19661018,JPN,atp,142963
100544,Tony,Mmoh,R,19580614,NGR,atp,138289
100918,Harald,Rittersbacher,R,19630427,GER,atp,142964
100911,Dominik Guido,Utzinger,R,19630412,SUI,atp,142965
100794,Srinivasan,Vasudevan,R,19620104,IND,atp,142966
107484,Kazuya,Morita,R,,JPN,atp,142967
107183,Hatem,Mcdadi,R,,CAN,atp,142968
100830,Gary,Donnelly,R,19620603,USA,atp,138321
100703,Randy,Nixon,R,19601105,USA,atp,138248
100831,Rick,Rudeen,R,19620605,USA,atp,142969
100761,Danny,Saltz,R,19610730,USA,atp,138085
107178,Haruo,Nakano,R,,JPN,atp,142970
108351,Takeshi,Murakami,R,,JPN,atp,142971
107159,Hajime,Nihonmatsu,R,,JPN,atp,142972
108295,Stephan,Bienz,R,,SUI,atp,142973
101344,Bruno,Oresar,R,19670421,CRO,atp,138296
101409,Jaime,Yzaga,R,19671023,PER,atp,138297
100742,Christo,Steyn,R,19610501,RSA,atp,138197
101106,Peter,Lundgren,R,19650129,SWE,atp,138291
101195,Amos,Mansdorf,R,19651020,ISR,atp,138281
101234,Patrik,Kuhnen,R,19660211,GER,atp,138347
101066,Richard,Matuszewski,R,19640907,USA,atp,138287
101029,Ricki,Osterthun,R,19640502,GER,atp,138274
101124,Paolo,Cane,R,19650409,ITA,atp,138307
101320,Magnus,Gustafsson,R,19670103,SWE,atp,138404
101285,Thierry,Champion,R,19660831,FRA,atp,138270
101686,Franco,Davin,L,19700111,ARG,atp,138357
101050,Martin,Laurendeau,R,19640710,CAN,atp,138360
101324,Ulf,Stenlund,R,19670121,SWE,atp,138316
100917,Nelson,Aerts,R,19630425,BRA,atp,138284
101649,Guillermo,Perez Roldan,R,19691020,ARG,atp,138346
101387,Claudio,Pistolesi,R,19670825,ITA,atp,138315
101507,Tomas,Carbonell,R,19680807,ESP,atp,138355
100954,Luiz,Mattar,R,19630818,BRA,atp,138314
101026,Jim,Grabb,R,19640414,USA,atp,138292
101004,Jim,Pugh,R,19640205,USA,atp,138324
101022,Kelly,Jones,R,19640331,USA,atp,138376
101391,Carl Uwe,Steeb,L,19670901,GER,atp,138344
100882,David,Livingston,R,19621229,USA,atp,142974
101216,Olli,Rahnasto,R,19651228,FIN,atp,138459
101242,Brad,Pearce,R,19660321,USA,atp,138309
101264,Michael,Tauson,R,19660625,DEN,atp,138352
100664,Stephan,Medem,L,19600402,SUI,atp,138340
100972,Todd,Witsken,R,19631104,USA,atp,138317
100770,Peter,Moraing,R,19610913,GER,atp,138615
100858,Hans,Fredborg,R,19620912,SWE,atp,142975
100810,Paul,Chamberlin,R,19620326,USA,atp,138329
101196,Derrick,Rostagno,R,19651025,USA,atp,138294
100691,Ivo,Werner,R,19600819,GER,atp,138429
100602,Vallis,Wilder,R,19590608,USA,atp,138322
101736,Andre,Agassi,R,19700429,USA,atp,132501
101476,Rolf,Hertzog,R,19680425,SUI,atp,142976
101096,Gary,Muller,L,19641227,RSA,atp,138263
100772,Kelly,Evernden,R,19610921,NZL,atp,138266
107725,Masayoshi,Takeyari,R,,JPN,atp,142977
100978,Andrew,Castle,R,19631115,GBR,atp,138332
101374,Leonardo,Lavalle,L,19670714,MEX,atp,138283
100747,Glenn,Layendecker,L,19610509,USA,atp,138250
101185,Mark,Woodforde,L,19650923,AUS,atp,138279
101154,Simon,Youl,R,19650701,AUS,atp,138154
101230,Andrei,Chesnokov,R,19660202,RUS,atp,138278
101191,Richey,Reneberg,R,19651005,USA,atp,138364
101354,Andrew,Sznajder,R,19670525,CAN,atp,138366
100899,Jorgen,Windahl,R,19630312,SWE,atp,138112
101309,Jay,Berger,R,19661126,USA,atp,138293
101265,Patrick,Mcenroe,R,19660701,USA,atp,138506
101150,Gianluca,Pozzi,L,19650617,ITA,atp,138365
101076,Cesar,Kist,R,19641022,BRA,atp,142978
101097,Rick,Leach,L,19641228,USA,atp,138378
100696,Mark,Buckley,R,19600901,USA,atp,138361
101598,Eduardo,Velez,R,19690420,MEX,atp,142979
100716,Norm,Schellenger,R,19610112,USA,atp,142980
101000,Carl,Limberger,R,19640124,AUS,atp,138245
101040,Peter,Lindgren,R,19640601,SWE,atp,138406
101190,Darren,Cahill,R,19651002,AUS,atp,138246
101609,David,Wheaton,R,19690602,USA,atp,138374
101053,Michael,Kures,R,19640725,USA,atp,138262
101500,Christian,Saceanu,R,19680708,GER,atp,138328
101251,Eric,Winogradsky,R,19660422,FRA,atp,138303
101543,Jeff,Tarango,L,19681120,USA,atp,138439
100793,Stephane,Bonneau,R,19611208,CAN,atp,138275
101256,Mark,Kratzmann,L,19660517,AUS,atp,138146
100939,Joey,Rive,L,19630708,USA,atp,138371
101550,Al,Parker,R,19681222,USA,atp,138320
101606,Alberto,Mancini,R,19690520,ARG,atp,138422
101378,Tore,Meinecke,R,19670721,GER,atp,138412
100930,Paul,Vojtischek,R,19630613,GER,atp,138345
101462,Francisco,Roig,R,19680401,ESP,atp,138485
101447,Santiago,Mora,R,19680226,ESP,atp,142981
101071,Tom,Nijssen,R,19641001,NED,atp,138335
100669,Charles Bud,Cox,R,19600411,USA,atp,138233
101179,Jean Philippe,Fleurian,R,19650911,FRA,atp,138308
100913,Peter,Carlsson,L,19630413,SWE,atp,138343
108352,Takeshi,Omono,R,,JPN,atp,142982
101088,Larry,Scott,R,19641121,USA,atp,138389
101318,Javier,Frana,L,19661225,ARG,atp,138386
101332,Gilad,Bloom,L,19670301,ISR,atp,138351
101134,Fredrik,Waern,R,19650505,SWE,atp,142983
101232,Nicklas,Kroon,R,19660205,SWE,atp,138393
107480,Karel,Demuynck,R,,BEL,atp,142984
100900,Josef,Cihak,R,19630319,CZE,atp,138408
101143,Branislav,Stankovic,R,19650530,SVK,atp,138405
101650,Shane,Barr,R,19691021,AUS,atp,138382
100997,Roger,Smith,R,19640120,BAH,atp,138369
101133,Patrick,Baur,R,19650503,GER,atp,138423
100431,Mansour,Bahrami,R,19560426,IRI,atp,134351
101126,Chris,Pridham,R,19650411,CAN,atp,138401
101727,Jason,Stoltenberg,R,19700404,AUS,atp,138387
101971,Johan,Anderson,R,19710929,AUS,atp,138433
101155,James,Turner,R,19650702,GBR,atp,138493
101247,Stephen,Botfield,R,19660410,GBR,atp,138330
102021,Michael,Chang,R,19720222,USA,atp,138367
100982,Charlton,Eagle,R,19631130,AUS,atp,138385
101019,David,Felgate,R,19640319,GBR,atp,138392
101093,Steve,Devries,R,19641208,USA,atp,142985
101205,Grant,Connell,L,19651117,CAN,atp,138383
101178,Pieter,Aldrich,R,19650907,RSA,atp,138400
102001,German,Lopez,R,19711229,ESP,atp,138561
108471,Victor,Lopez,R,,ESP,atp,142986
101694,David,Franco,R,19700130,ESP,atp,142987
100595,Ronnie,Bathman,R,19590424,SWE,atp,138253
101161,Thomas,Haldin,R,19650711,SWE,atp,142988
101321,Juan Carlos,Baguena,R,19670107,ESP,atp,138560
101165,Mario,Tabares,R,19650722,CUB,atp,138539
101012,Massimiliano,Narducci,R,19640225,ITA,atp,138410
101451,Gustavo,Giussani,R,19680306,ARG,atp,142989
101382,Marcelo,Filippini,R,19670804,URU,atp,138420
101475,Carlos,Costa,R,19680422,ESP,atp,138518
101843,Sergi,Bruguera,R,19710116,ESP,atp,138457
101532,Francisco,Clavet,L,19681024,ESP,atp,138526
101009,John,Sobel,R,19640215,USA,atp,142990
101334,Alexander,Volkov,L,19670303,RUS,atp,138373
100985,Tim,Pawsat,R,19631210,USA,atp,141074
101249,Andrei,Olhovskiy,R,19660415,RUS,atp,138391
