100244,John,Alexander,R,19510704,AUS,atp
100137,Han Jurgen,Pohmann,R,19470523,GER,atp
100017,Mal,Anderson,R,19350303,AUS,atp
109783,Bob,Howe,R,19250803,AUS,atp
109862,Alex,Kurucz,R,,GER,atp
100059,Isao,Watanabe,R,19411123,JPN,atp
100076,Milan,Holecek,R,19431023,CZE,atp
110272,Lothar,Pawlik,U,,GER,atp
100060,Marty,Riessen,R,19411204,USA,atp
107129,Graydon,Garner,R,,RSA,atp
109800,Mathias,Werren,R,19440509,SUI,atp
100106,Graham,Stilwell,R,19451115,GBR,atp
100070,Jan,Kukal,R,19420913,CZE,atp
110193,Lothar,Lanz,U,,GER,atp
100058,Roger,Taylor,L,19411014,GBR,atp
100203,Phil,Dent,R,19500214,AUS,atp
100056,Harald,Elschenbroich,R,19410619,GER,atp
100178,Bob,Giltinan,R,19490407,AUS,atp
100113,Jan,Kodes,R,19460301,CZE,atp
100135,Onny,Parun,R,19470415,NZL,atp
100067,Frew,Mcmillan,R,19420520,RSA,atp
100162,Brian,Fairlie,R,19480613,NZL,atp
109825,Koji,Watanabe,R,,JPN,atp
110194,Uwe,Gottschalk,U,,GER,atp
110192,Bernd,Kube,U,,GER,atp
110273,Jaime,Subirats,U,,MEX,atp
100055,Cliff,Drysdale,R,19410526,RSA,atp
108310,Steve,Tidball,R,,USA,atp
100090,Dick,Crealy,R,19440918,AUS,atp
100148,Ismail,El Shafei,R,19471115,EGY,atp
100161,Jurgen,Fassbender,R,19480528,GER,atp
109784,Lance,Lumsden,R,,JAM,atp
100087,John,Newcombe,R,19440523,AUS,atp
100025,Barry,Phillips Moore,R,19370709,AUS,atp
109752,Ingo,Buding,R,19420109,GER,atp
100057,Pierre,Barthes,R,19410913,FRA,atp
100114,Ray,Ruffels,R,19460323,AUS,atp
100084,Tom,Okker,R,19440222,NED,atp
100134,Roy,Barth,R,19470330,USA,atp
100009,Istvan,Gulyas,R,19311014,HUN,atp
100037,Nikola,Pilic,L,19390827,CRO,atp
100120,Robert,Maud,R,19460812,RSA,atp
100033,Wilhelm,Bungert,R,19390401,GER,atp
100073,Mark,Cox,L,19430705,GBR,atp
100085,Hans Jaochim,Plotz,R,19440226,GER,atp
100105,Allan,Stone,R,19451014,AUS,atp
100100,Tony,Roche,L,19450517,AUS,atp
100139,Gerald,Battrick,R,19470527,GBR,atp
100152,David,Lloyd,R,19480103,GBR,atp
100209,George,Taylor,R,19500504,USA,atp
100034,Christian,Kuhnke,R,19390413,GER,atp
109748,John,Barrett,L,19310417,GBR,atp
100142,Peter,Szoke,R,19470808,HUN,atp
100144,Robert,Lutz,R,19470829,USA,atp
106594,Attila,Korpas,R,,GER,atp
100022,Roy,Emerson,R,19361103,AUS,atp
109743,Paul,Hutchins,R,19450405,GBR,atp
100086,Frantisek,Pala,L,19440328,CZE,atp
100075,Owen,Davidson,L,19431004,AUS,atp
109757,Detler,Herdy,R,19411013,AUT,atp
100119,Ilie,Nastase,R,19460719,ROU,atp
100071,Jean Claude,Barclay,R,19421230,FRA,atp
100225,Peter,Doerner,R,19501117,AUS,atp
199999,U,Unknown,U,,UNK,atp
100040,Bob,Hewitt,R,19400112,RSA,atp
100035,Ion,Tiriac,R,19390509,ROU,atp
100141,Zeljko,Franulovic,R,19470613,CRO,atp
109817,Stefan,Koudelka,R,,CZE,atp
100234,Allan,Mcdonald,R,19510301,AUS,atp
100049,Jim,Mcmanus,L,19400916,USA,atp
100289,Byron,Bertram,R,19521029,RSA,atp
110159,Gaurav,Misra,R,,IND,atp
100130,Vladimir,Zednik,R,19470201,CZE,atp
100220,Jiri,Hrebec,R,19500919,CZE,atp
107993,Peter,Pokorny,R,,AUT,atp
100214,Adriano,Panatta,R,19500709,ITA,atp
106971,Ezio,Di Matteo,R,,ITA,atp
100109,Jun,Kuki,R,19451228,JPN,atp
107311,Jean Paul,Meyer,R,,FRA,atp
108374,Thierry,Bernasconi,R,,FRA,atp
100176,Hans,Kary,L,19490223,AUT,atp
100179,Karl,Meiler,R,19490430,GER,atp
107728,Massimo,Di Domenico,R,,ITA,atp
108021,Pietro,Marzano,R,,ITA,atp
109815,Stanley,Matthews,R,19451120,GBR,atp
107034,Frank,Falderbaum,R,,GER,atp
100270,Anand,Amritraj,R,19520320,IND,atp
100173,Andrew,Pattison,R,19490130,USA,atp
100239,Hans,Engert,R,19510422,GER,atp
100193,Wanaro,Ngodrella,R,19491019,FRA,atp
110257,Hansjorg,Elzer,U,,GER,atp
100039,Boro,Jovanovic,R,19391021,CRO,atp
100080,Szabolcz,Baranyi,R,19440131,HUN,atp
110258,Milan,Tajenar,U,,CZE,atp
100321,Vijay,Amritraj,R,19531214,IND,atp
100112,John,Clifton,R,19460219,GBR,atp
110020,Jean,Lovera,R,,FRA,atp
100281,Sashi,Menon,R,19520809,IND,atp
100026,Andres,Gimeno,R,19370803,ESP,atp
100064,Juan,Gisbert,R,19420405,ESP,atp
109879,Jose Luis,Arillla,R,,ESP,atp
100630,Gustavo,Guerrero,L,19591022,ARG,atp
100174,Manuel,Orantes,L,19490206,ESP,atp
100011,Torben,Ulrich,L,19321004,DEN,atp
100050,Martin,Mulligan,R,19401018,AUS,atp
100081,Charlie,Pasarell,R,19440212,USA,atp
100235,Antonio,Munoz,R,19510301,ESP,atp
100170,Bernard,Mignot,R,19481203,BEL,atp
100012,Nicola,Pietrangeli,R,19330911,ITA,atp
108118,Robert,Machan,R,,HUN,atp
106583,Armando,Cornejo,R,,CHI,atp
100123,Patrick,Hombergen,R,19460908,BEL,atp
106686,Carlo,Zugarelli,R,,ITA,atp
100278,Frank,Gebert,R,19520611,GER,atp
110091,Ian,Hewitt,R,,GBR,atp
100115,Jaime,Fillol,R,19460603,CHI,atp
109781,Peter,Marmureanu,R,19410620,ROU,atp
100149,Toshiro,Sakai,R,19471123,JPN,atp
100205,Paul,Gerken,R,19500315,USA,atp
100110,Terry,Addison,R,19460111,AUS,atp
107284,Janos,Benyik,R,,HUN,atp
100066,Frank,Froehling,R,19420519,USA,atp
100282,Guillermo,Vilas,L,19520817,ARG,atp
109922,Harald,Neuner,R,19540404,GER,atp
100286,Harold,Solomon,R,19520917,USA,atp
100038,Jaime,Pinto Bravo,R,19391009,CHI,atp
100257,Ross,Case,R,19511101,AUS,atp
100325,Ulrich,Pinner,R,19540207,GER,atp
100065,Terry,Ryan,R,19420427,RSA,atp
100054,Jose,Mandarino,R,19410326,BRA,atp
100163,Tom,Leonard,R,19480715,USA,atp
100219,Geoff,Masters,R,19500919,AUS,atp
109863,U,Timm,R,,USA,atp
106629,Birger,Andersson,R,,SWE,atp
100232,Eddie,Dibbs,R,19510223,USA,atp
100160,Georges,Goven,R,19480426,FRA,atp
100117,Butch,Seewagen,R,19460613,USA,atp
100199,Patrice,Dominguez,L,19500112,FRA,atp
100122,Julian,Ganzabal,R,19460825,ARG,atp
100083,Nicola,Spear,R,19440222,SRB,atp
100088,Patricio,Cornejo,R,19440606,CHI,atp
110142,H,Brenner,R,,GER,atp
100146,Jun,Kamiwazumi,R,19471001,JPN,atp
100128,Cliff,Richey,R,19461231,USA,atp
100332,Balazs,Taroczy,R,19540509,HUN,atp
109921,Eugenio,Munoz,R,,ESP,atp
100062,Francois,Jauffret,R,19420209,FRA,atp
100261,Brian,Gottfried,R,19520127,USA,atp
100243,Steve,Krulevitz,R,19510530,USA,atp
100185,Patrick,Proisy,R,19490910,FRA,atp
100309,Raul,Ramirez,R,19530620,MEX,atp
107761,Max,Wunschig,R,,GER,atp
100145,Dick,Dell,R,19470929,USA,atp
100171,John,Yuill,R,19481212,RSA,atp
100304,Robert,Kreiss,R,19530430,USA,atp
100343,John,Lloyd,R,19540827,GBR,atp
100190,Norman,Holmes,R,19491005,USA,atp
100121,Raymond,Moore,R,19460824,RSA,atp
100263,John,Andrews,R,19520205,USA,atp
100346,Paul,Kronk,R,19540922,AUS,atp
100249,Paolo,Bertolucci,R,19510803,ITA,atp
107277,Jan,Pisecky,R,,CZE,atp
100132,Armistead,Neely,R,19470319,USA,atp
100280,Wojtek,Fibak,R,19520803,POL,atp
100102,Joaquin Loyo,Mayo,R,19450816,MEX,atp
100395,Victor,Pecci,R,19551015,PAR,atp
100300,Jose,Higueras,R,19530301,ESP,atp
100118,Ivan,Molina,L,19460616,COL,atp
100200,Antonio,Zugarelli,R,19500117,ITA,atp
100150,Lito,Alvarez,R,19471205,ARG,atp
100262,Rolf,Norberg,R,19520131,SWE,atp
109771,Jairo,Velasco,R,19470509,ESP,atp
100177,Pavel,Hutka,R,19490228,CZE,atp
100091,Colin,Dibley,R,19440919,AUS,atp
100258,Jorge,Andrew,R,19511102,VEN,atp
100147,Marcello,Lara,R,19471005,MEX,atp
100247,Rolf,Thung,L,19510727,NED,atp
100182,Mike,Estep,R,19490719,USA,atp
100215,Fred,Mcnair,R,19500722,USA,atp
100279,Mike,Cahill,R,19520617,USA,atp
100228,Kjell,Johansson,R,19510212,SWE,atp
100198,Alvaro,Betancur,R,19500103,COL,atp
100116,Sherwood,Stewart,R,19460606,USA,atp
100444,Werner,Zirngibl,R,19560904,GER,atp
100403,Rolf,Gehring,R,19551125,GER,atp
100274,Eric,Deblicker,R,19520417,FRA,atp
100367,Belus,Prajoux,R,19550227,CHI,atp
100233,Ricardo,Cano,R,19510226,ARG,atp
100543,Peter,Elter,R,19580610,GER,atp
100377,Colin,Dowdeswell,R,19550512,GBR,atp
100133,Pat,Cramer,R,19470321,RSA,atp
100273,Kim,Warwick,R,19520408,AUS,atp
100271,Jean Francois,Caujolle,L,19520331,FRA,atp
100376,Buster C,Mottram,R,19550425,GBR,atp
100251,Grover Raz,Reid,R,19510827,USA,atp
100339,Victor,Amaya,L,19540702,USA,atp
100337,Mark,Edmondson,R,19540624,AUS,atp
100498,Klaus,Eberhard,R,19570915,GER,atp
100301,Jim,Delaney,R,19530312,USA,atp
100331,Jean Louis,Haillet,R,19540507,FRA,atp
100221,Carlos,Kirmayr,R,19500923,BRA,atp
100345,Pat,Dupre,R,19540916,USA,atp
100265,Cliff,Letcher,R,19520209,AUS,atp
100359,Richard,Lewis,L,19541206,GBR,atp
100413,Ulrich,Marten,R,19560101,GER,atp
100287,Robin,Drysdale,R,19520918,GBR,atp
100299,James Chico,Hagey,R,19530225,USA,atp
100354,Bernard,Mitton,R,19541109,RSA,atp
100378,David,Schneider,R,19550517,USA,atp
100047,Bob,Carmichael,R,19400704,AUS,atp
100374,Javier,Soler,L,19550325,ESP,atp
100292,Alvaro,Fillol,R,19521204,CHI,atp
100676,Yannick,Noah,R,19600518,FRA,atp
100600,Pascal,Portes,R,19590528,FRA,atp
100434,Tomas,Smid,R,19560520,CZE,atp
100411,Pavel,Slozil,R,19551229,CZE,atp
100474,Chris,Lewis NZL,R,19570309,NZL,atp
100579,Heinz,Gunthardt,R,19590208,SUI,atp
100360,Brian,Teacher,R,19541223,USA,atp
100358,Mike,Fishbach,R,19541201,USA,atp
100315,Hank,Pfister,R,19531009,USA,atp
100186,Jeff,Borowiak,R,19490925,USA,atp
100356,Paul,Mcnamee,R,19541112,AUS,atp
100180,Bill,Lloyd,R,19490507,AUS,atp
100449,Stanislav,Birner,R,19561011,CZE,atp
100700,Heinz,Gildemeister,R,19601018,CHI,atp
100530,Andreas,Maurer,R,19580308,GER,atp
109753,Pierre,Jauffret,R,,FRA,atp
100437,Bjorn,Borg,R,19560606,SWE,atp
100477,Gianni,Ocleppo,R,19570406,ITA,atp
100456,Ferdi,Taygan,R,19561205,USA,atp
100586,Eliot,Teltscher,R,19590315,USA,atp
100259,Peter,Feigl,R,19511130,AUT,atp
100555,Jose Luis,Clerc,R,19580816,ARG,atp
100326,Russell,Simpson,R,19540222,NZL,atp
100227,Alvin,Gardiner,R,19510211,AUS,atp
100297,Corrado,Barazzutti,R,19530219,ITA,atp
100387,Jiri,Prucha,R,19550810,CZE,atp
100363,Jiri,Granat,R,19550128,CZE,atp
100211,Louk,Sanders,R,19500509,NED,atp
107413,Jorge,Cano,R,,ARG,atp
100319,Rick,Fagel,R,19531129,USA,atp
100240,Joao,Soares,R,19510425,BRA,atp
100380,Butch,Walts,R,19550604,USA,atp
100293,John,Marks,R,19521209,AUS,atp
100479,Reinhart,Probst,R,19570417,GER,atp
100394,Angel,Gimenez,R,19551010,ESP,atp
100383,Peter,Mcnamara,R,19550705,AUS,atp
100631,Tim,Wilkison,L,19591123,USA,atp
100422,Bruce,Manson,L,19560320,USA,atp
100515,Shlomo,Glickstein,R,19580106,ISR,atp
100499,Chris,Mayotte,R,19570916,USA,atp
100397,Terry,Rocavert,R,19551021,AUS,atp
100468,Dominique,Bedel,R,19570220,FRA,atp
100653,Andres,Gomez,L,19600227,ECU,atp
100655,Fritz,Buehning,R,19600305,USA,atp
100636,Gustavo,Tiberti,R,19591211,ARG,atp
100393,Marcos,Hocevar,R,19550926,BRA,atp
100656,Ivan,Lendl,R,19600307,USA,atp
100486,Christophe Roger,Vasselin,R,19570708,FRA,atp
100536,Fernando,Luna,R,19580424,ESP,atp
100438,Carlos,Gattiker,R,19560606,ARG,atp
100421,Jan,Norback,R,19560306,SWE,atp
100099,Thomaz,Koch,L,19450511,BRA,atp
100336,Guillermo,Aubone,L,19540608,ARG,atp
100401,Sean,Sorensen,R,19551112,IRL,atp
100652,Cassio,Motta,R,19600222,BRA,atp
100661,Damir,Keretic,R,19600326,GER,atp
100835,Hans Dieter,Beutel,R,19620612,GER,atp
100430,David,Carter,R,19560421,AUS,atp
100276,Terry,Moor,L,19520423,USA,atp
100197,Alejandro,Pierola,R,19491120,CHI,atp
100285,Rod,Frawley,R,19520908,AUS,atp
100878,Christoph,Zipf,R,19621205,GER,atp
100667,Per,Hjertquist,R,19600406,SWE,atp
100738,Schalk,Van Der Merwe,R,19610416,RSA,atp
100284,Jimmy,Connors,L,19520902,USA,atp
100905,Sammy,Giammalva Jr,R,19630324,USA,atp
100443,Christophe,Freyss,L,19560830,FRA,atp
100651,Alejandro,Ganzabal,R,19600216,ARG,atp
100535,Tony,Giammalva,R,19580421,USA,atp
100372,Trey,Waltke,R,19550316,USA,atp
100893,Joakim,Nystrom,R,19630220,SWE,atp
100453,Jose Luis,Damiani,R,19561121,URU,atp
100607,Eduardo,Bengoechea,R,19590702,ARG,atp
100752,Ramesh,Krishnan,R,19610605,IND,atp
101062,Mats,Wilander,R,19640822,SWE,atp
100713,John,Fitzgerald,R,19601228,AUS,atp
100611,Mel,Purcell,R,19590718,USA,atp
100942,Thierry,Tulasne,R,19630712,FRA,atp
100526,Ricardo,Ycaza,R,19580216,ECU,atp
100342,Vitas,Gerulaitis,R,19540726,USA,atp
100790,Bruce,Derlin,L,19611128,NZL,atp
100460,Jose,Lopez Maeso,R,19561224,ESP,atp
100440,Eddie,Edwards,R,19560703,RSA,atp
100417,Hans,Gildemeister,R,19560209,CHI,atp
100598,Wolfgang,Popp,R,19590519,GER,atp
100640,Stefan,Simonsson,R,19600105,SWE,atp
100769,Mario,Martinez,R,19610912,BOL,atp
100936,Henri,Leconte,L,19630704,FRA,atp
100450,Leo,Palin,R,19561020,FIN,atp
101113,Michael,Westphal,R,19650219,GER,atp
100386,Jose,Garcia G003,R,19550723,ESP,atp
100757,Anders,Jarryd,R,19610713,SWE,atp
100962,Thomas,Hogstedt,R,19630921,SWE,atp
100589,Harald,Theissen,R,19590323,GER,atp
100368,Haroon,Ismail,R,19550227,ZIM,atp
101061,Jimmy,Arias,R,19640816,USA,atp
100829,Jan,Gunnarsson,R,19620530,SWE,atp
100370,Helmut,Beermann,R,19550309,GER,atp
100384,Alejandro,Cortes,R,19550714,COL,atp
101020,Hans,Schwaier,R,19640324,GER,atp
101013,Henrik,Sundstrom,R,19640229,SWE,atp
100782,Pablo,Arraya,R,19611021,PER,atp
100800,Diego,Perez,R,19620209,URU,atp
100517,Matt,Doyle,R,19580113,USA,atp
100272,Sandy,Mayer,R,19520405,USA,atp
100609,Zoltan,Kuharszky,R,19590708,HUN,atp
100762,Freddie,Sauer,R,19610802,RSA,atp
100711,Pedro,Rebolledo,R,19601217,CHI,atp
100809,Juan,Aguilera,R,19620322,ESP,atp
100518,Ricardo,Acuna,R,19580113,CHI,atp
100546,Eric,Fromm,R,19580627,USA,atp
100481,Roberto,Vizcaino,R,19570425,ESP,atp
100797,Ben,Testerman,L,19620202,USA,atp
100646,Claudio,Panatta,R,19600202,ITA,atp
100910,Magnus,Tideman,R,19630409,SWE,atp
100993,Loic,Courteau,R,19640106,FRA,atp
100599,Bernard,Boileau,R,19590525,BEL,atp
100883,Christophe,Bernelle,R,19621231,FRA,atp
100857,Sergio,Casal,R,19620908,ESP,atp
100635,Mark,Dickson,R,19591208,USA,atp
101131,Jimmy,Brown,R,19650428,USA,atp
100821,Hans,Simonsson,R,19620501,SWE,atp
100848,Alberto,Tous,R,19620803,ESP,atp
101098,Guy,Forget,L,19650104,FRA,atp
101222,Stefan,Edberg,R,19660119,SWE,atp
100950,Libor,Pimek,R,19630803,BEL,atp
100725,Michael,Mortensen,R,19610312,DEN,atp
100603,Roland,Stadler,U,19590614,SUI,atp
101117,Eric,Jelen,R,19650311,GER,atp
101414,Boris,Becker,R,19671122,GER,atp
100585,Van,Winitsky,L,19590312,USA,atp
100730,Florin,Segarceanu,R,19610329,ROU,atp
100428,Gene,Mayer,R,19560411,USA,atp
100657,Mike,Leach,L,19600309,USA,atp
100923,Wally,Masur,R,19630513,AUS,atp
100701,Marko,Ostoja,R,19601020,CRO,atp
100490,Jaroslav,Navratil,R,19570724,CZE,atp
101084,Jakob,Hlasek,R,19641112,SUI,atp
101276,Horacio,De La Pena,L,19660801,ARG,atp
100865,Marcelo,Ingaramo,L,19621013,ARG,atp
100628,Michiel,Schapers,R,19591011,NED,atp
100390,Trevor,Allan,L,19550817,AUS,atp
100639,Blaine,Willenborg,R,19600104,USA,atp
100866,Shahar,Perkiss,R,19621014,ISR,atp
101036,Miloslav,Mecir,R,19640519,SVK,atp
101158,John,Frawley,R,19650704,AUS,atp
101029,Ricki,Osterthun,R,19640502,GER,atp
101073,Martin,Jaite,R,19641009,ARG,atp
100922,Roberto,Arguello,U,19630512,ARG,atp
101109,Tarik,Benhabiles,R,19650205,FRA,atp
100894,Francesco,Cancellotti,R,19630227,ITA,atp
100941,Alex,Stepanek,R,19630711,GER,atp
101120,Karel,Novacek,R,19650330,CZE,atp
101234,Patrik,Kuhnen,R,19660211,GER,atp
101298,Jonas,Svensson,R,19661021,SWE,atp
100935,Michael,Robertson,R,19630702,USA,atp
100864,Martin,Wostenholme,R,19621011,CAN,atp
100990,Milan,Srejber,R,19631230,CZE,atp
101649,Guillermo,Perez Roldan,R,19691020,ARG,atp
101404,Thomas,Muster,L,19671002,AUT,atp
101086,Ronald,Agenor,R,19641113,USA,atp
101226,Johan,Carlsson,R,19660129,SWE,atp
101500,Christian,Saceanu,R,19680708,GER,atp
100691,Ivo,Werner,R,19600819,GER,atp
101324,Ulf,Stenlund,R,19670121,SWE,atp
101124,Paolo,Cane,R,19650409,ITA,atp
101686,Franco,Davin,L,19700111,ARG,atp
100928,Barry,Moir,R,19630601,RSA,atp
100719,Juan,Avendano,R,19610129,ESP,atp
101426,Kent,Carlsson,R,19680103,SWE,atp
101378,Tore,Meinecke,R,19670721,GER,atp
101368,Christian,Miniussi,R,19670705,ARG,atp
100930,Paul,Vojtischek,R,19630613,GER,atp
100954,Luiz,Mattar,R,19630818,BRA,atp
101142,Emilio,Sanchez,R,19650529,ESP,atp
101190,Darren,Cahill,R,19651002,AUS,atp
101058,Francisco,Yunis,R,19640812,ARG,atp
100970,Stefan,Eriksson,R,19631017,SWE,atp
101391,Carl Uwe,Steeb,L,19670901,GER,atp
101063,Jordi,Arrese,R,19640829,ESP,atp
100956,Simone,Colombo,R,19630828,ITA,atp
101040,Peter,Lindgren,R,19640601,SWE,atp
100548,Ivan,Kley,R,19580629,BRA,atp
101439,Javier,Sanchez,R,19680201,ESP,atp
101004,Jim,Pugh,R,19640205,USA,atp
101387,Claudio,Pistolesi,R,19670825,ITA,atp
101230,Andrei,Chesnokov,R,19660202,RUS,atp
101119,Marian,Vajda,R,19650324,SVK,atp
101511,Horst,Skoff,R,19680822,AUT,atp
100944,Mikael,Pernfors,R,19630716,SWE,atp
100431,Mansour,Bahrami,R,19560426,IRI,atp
101674,Rudiger,Haas,R,19691215,GER,atp
101071,Tom,Nijssen,R,19641001,NED,atp
100844,Jerome,Potier,L,19620718,FRA,atp
100955,Yahiya,Doumbia,R,19630825,SEN,atp
101285,Thierry,Champion,R,19660831,FRA,atp
101578,Markus,Rackl,L,19690303,GER,atp
101377,Christian,Bergstrom,R,19670719,SWE,atp
100714,Broderick,Dyke,L,19601231,AUS,atp
101055,Heiner,Moraing,R,19640803,GER,atp
101123,Alexander,Mronz,R,19650407,GER,atp
101143,Branislav,Stankovic,R,19650530,SVK,atp
100620,Eduardo,Osta,L,19590904,ESP,atp
101232,Nicklas,Kroon,R,19660205,SWE,atp
101147,Claudio,Mezzadri,R,19650610,SUI,atp
101434,Petr,Korda,L,19680123,CZE,atp
101035,Menno,Oosting,R,19640517,NED,atp
100595,Ronnie,Bathman,R,19590424,SWE,atp
101772,Andrei,Cherkasov,R,19700704,RUS,atp
101374,Leonardo,Lavalle,L,19670714,MEX,atp
101382,Marcelo,Filippini,R,19670804,URU,atp
101529,Michael,Stich,R,19681018,GER,atp
101274,Udo,Riglewski,R,19660728,GER,atp
101105,Jose Antonio,Fernandez,R,19650126,CHI,atp
101358,Olivier,Delaitre,R,19670601,FRA,atp
101843,Sergi,Bruguera,R,19710116,ESP,atp
101606,Alberto,Mancini,R,19690520,ARG,atp
100995,Eduardo,Masso,L,19640111,BEL,atp
101482,Markus,Zoecke,R,19680510,GER,atp
101507,Tomas,Carbonell,R,19680807,ESP,atp
101180,Jose,Clavet,R,19650911,ESP,atp
101462,Francisco,Roig,R,19680401,ESP,atp
101964,Goran,Ivanisevic,L,19710913,CRO,atp
101717,Diego,Nargiso,L,19700315,ITA,atp
101337,Martin,Strelba,R,19670322,CZE,atp
101320,Magnus,Gustafsson,R,19670103,SWE,atp
101334,Alexander,Volkov,L,19670303,RUS,atp
101393,Jens,Woehrmann,R,19670908,GER,atp
101381,Aaron,Krickstein,R,19670802,USA,atp
100529,Kevin,Curren,R,19580302,USA,atp
101659,Jan,Apell,L,19691104,SWE,atp
101409,Jaime,Yzaga,R,19671023,PER,atp
100972,Todd,Witsken,R,19631104,USA,atp
101243,Roberto,Azar,L,19660321,ARG,atp
101179,Jean Philippe,Fleurian,R,19650911,FRA,atp
101030,Goran,Prpic,R,19640504,CRO,atp
102148,Fabrice,Santoro,R,19721209,FRA,atp
101235,Paul,Haarhuis,R,19660219,NED,atp
101195,Amos,Mansdorf,R,19651020,ISR,atp
101793,Jim,Courier,R,19700817,USA,atp
101767,Lars,Jonsson,R,19700627,SWE,atp
101309,Jay,Berger,R,19661126,USA,atp
102021,Michael,Chang,R,19720222,USA,atp
101736,Andre,Agassi,R,19700429,USA,atp
101900,Nicklas,Kulti,R,19710422,SWE,atp
101820,Marc,Rosset,R,19701107,SUI,atp
101532,Francisco,Clavet,L,19681024,ESP,atp
101481,Omar,Camporese,R,19680508,ITA,atp
101440,Mark,Koevermans,R,19680203,NED,atp
101332,Gilad,Bloom,L,19670301,ISR,atp
101589,Arnaud,Boetsch,R,19690401,FRA,atp
101750,Cristiano,Caratti,R,19700524,ITA,atp
101407,David,Engel,R,19671017,SWE,atp
101723,Magnus,Larsson,R,19700325,SWE,atp
101965,Wayne,Ferreira,R,19710915,RSA,atp
101735,Richard,Fromberg,R,19700428,AUS,atp
101746,Renzo,Furlan,R,19700517,ITA,atp
101948,Pete,Sampras,R,19710812,USA,atp
102001,German,Lopez,R,19711229,ESP,atp
102238,Alberto,Berasategui,R,19730628,ESP,atp
101835,Arne,Thoms,R,19710101,GER,atp
100581,John,Mcenroe,L,19590216,USA,atp
101924,Stefano,Pescosolido,R,19710613,ITA,atp
101685,Markus,Naewie,R,19700107,GER,atp
100870,Christo,Van Rensburg,R,19621023,RSA,atp
101475,Carlos,Costa,R,19680422,ESP,atp
101775,Frederik,Fetterlein,R,19700711,DEN,atp
101733,Jan,Siemerink,L,19700414,NED,atp
101990,Richard,Krajicek,R,19711206,NED,atp
102184,David,Prinosil,R,19730309,GER,atp
101740,Sascha,Nensel,R,19700509,GER,atp
101912,Felipe,Rivera,R,19710510,CHI,atp
101460,Jose Francisco,Altur,L,19680324,ESP,atp
101719,Frederic,Fontang,R,19700318,FRA,atp
102374,Alex,Corretja,R,19740411,ESP,atp
101611,Cedric,Pioline,R,19690615,FRA,atp
101914,Lars,Koslowski,R,19710522,GER,atp
102358,Thomas,Enqvist,R,19740313,SWE,atp
102378,Juan,Gisbert Jr,R,19740413,ESP,atp
102019,Dirk,Dier,R,19720216,GER,atp
101761,Jaime,Oncins,R,19700616,BRA,atp
101549,Rodolphe,Gilbert,L,19681212,FRA,atp
102202,Kenneth,Carlsen,L,19730417,DEN,atp
102088,Joern,Renzenbrink,R,19720717,GER,atp
102154,Marcos,Ondruska,R,19721218,RSA,atp
101642,Bart,Wuyts,R,19690915,BEL,atp
102521,Hendrik,Dreekmann,R,19750129,GER,atp
101703,Guillaume,Raoux,R,19700214,FRA,atp
101806,Marc Kevin,Goellner,R,19700922,GER,atp
101725,Gabriel,Markus,R,19700331,ARG,atp
101249,Andrei,Olhovskiy,R,19660415,RUS,atp
101463,Bernd,Karbacher,R,19680403,GER,atp
102446,Andrei,Medvedev,R,19740831,UKR,atp
101196,Derrick,Rostagno,R,19651025,USA,atp
101492,Sander,Groen,L,19680616,NED,atp
101066,Richard,Matuszewski,R,19640907,USA,atp
101890,Jonathan,Stark,R,19710403,USA,atp
100763,Brad,Gilbert,R,19610809,USA,atp
101191,Richey,Reneberg,R,19651005,USA,atp
102760,Rene,Nicklisch,R,19760331,GER,atp
101373,Karsten,Braasch,L,19670714,GER,atp
101233,Alex,Antonitsch,R,19660208,AUT,atp
101543,Jeff,Tarango,L,19681120,USA,atp
101792,Slava,Dosedel,R,19700814,CZE,atp
102338,Yevgeny,Kafelnikov,R,19740218,RUS,atp
101582,Gilbert,Schaller,R,19690317,AUT,atp
102257,Greg,Rusedski,L,19730906,GBR,atp
101510,Henrik,Holm,R,19680822,SWE,atp
101888,Daniel,Vacek,R,19710401,CZE,atp
101945,Thierry,Guardiola,R,19710807,FRA,atp
102146,Jordi,Burillo,R,19721207,ESP,atp
102161,Robert,Kroll,R,19721230,GER,atp
101797,Jacco,Eltingh,R,19700829,NED,atp
101502,Torben,Theine,L,19680710,GER,atp
101809,Nicolas,Pereira,R,19700929,VEN,atp
101866,David,Rikl,L,19710227,CZE,atp
102652,Christian,Vinck,L,19750903,GER,atp
101327,Cyril,Suk,R,19670129,CZE,atp
101682,David,Adams,R,19700105,RSA,atp
102491,Alex,Radulescu,R,19741207,GER,atp
101265,Patrick,Mcenroe,R,19660701,USA,atp
102854,Sjeng,Schalken,R,19760908,NED,atp
101441,Martin,Sinner,R,19680207,GER,atp
102205,Sebastien,Lareau,R,19730427,CAN,atp
101841,Aleksandar,Kitinov,R,19710113,MKD,atp
101601,Brett,Steven,R,19690427,NZL,atp
102434,Vincent,Spadea,R,19740719,USA,atp
101365,Paul,Wekesa,R,19670702,KEN,atp
101270,Thomas,Gollwitzer,R,19660724,GER,atp
102465,Gabriel,Silberstein,R,19741017,CHI,atp
101956,Mark,Knowles,R,19710904,BAH,atp
102610,Albert,Costa,R,19750625,ESP,atp
102234,Oliver,Gross,R,19730617,GER,atp
101613,Malivai,Washington,R,19690620,USA,atp
102243,Marcelo,Charpentier,L,19730711,ARG,atp
102247,Andrea,Gaudenzi,R,19730730,ITA,atp
102158,Patrick,Rafter,R,19721228,AUS,atp
102344,Karol,Kucera,R,19740304,SVK,atp
101432,Dimitri,Poliakov,R,19680119,UKR,atp
102650,Roberto,Carretero,R,19750830,ESP,atp
102845,Carlos,Moya,R,19760827,ESP,atp
102437,Adrian,Voinea,R,19740806,ROU,atp
103017,Nicolas,Kiefer,R,19770705,GER,atp
102301,Sebastien,Leblanc,L,19731227,CAN,atp
102035,Jonas,Bjorkman,R,19720323,SWE,atp
101647,Byron,Black,R,19691006,ZIM,atp
102025,Mikael,Tillstrom,R,19720305,SWE,atp
102135,Emilio,Benfele Alvarez,R,19721115,ESP,atp
102614,Victor,Sendin,R,19750701,ESP,atp
102539,Bohdan,Ulihrach,R,19750223,CZE,atp
102024,Hernan,Gumy,R,19720305,ARG,atp
101412,Shuzo,Matsuoka,R,19671106,JPN,atp
101721,Markus,Zillner,L,19700319,GER,atp
102617,Kim,Tiilikainen,R,19750708,FIN,atp
102701,Marcelo,Rios,L,19751226,CHI,atp
101459,Tomas,Nydahl,R,19680321,SWE,atp
102472,Marcello,Craca,R,19741027,GER,atp
102271,Hicham,Arazi,L,19731019,MAR,atp
102456,Felix,Mantilla,R,19740923,ESP,atp
102533,Jens,Knippschild,R,19750215,GER,atp
101997,Marzio,Martelli,R,19711214,ITA,atp
103163,Tommy,Haas,R,19780403,GER,atp
103103,Dominik,Hrbaty,R,19780104,SVK,atp
103305,Daniel,Elsner,R,19790104,GER,atp
102223,Karim,Alami,R,19730524,MAR,atp
102104,Christian,Ruud,R,19720824,NOR,atp
103252,Alberto,Martin,R,19780820,ESP,atp
102029,Filip,Dewulf,R,19720315,BEL,atp
102401,Scott,Draper,L,19740605,AUS,atp
102831,Jacobo,Diaz,R,19760711,ESP,atp
101016,Marcos Aurelio,Gorriz,L,19640304,ESP,atp
102856,Gustavo,Kuerten,R,19760910,BRA,atp
101026,Jim,Grabb,R,19640414,USA,atp
101917,Grant,Stafford,R,19710527,RSA,atp
102201,Lionel,Roux,R,19730412,FRA,atp
102996,Franz,Stauder,R,19770528,GER,atp
102093,Martin,Damm,R,19720801,CZE,atp
102563,Thomas,Johansson,R,19750324,SWE,atp
102215,Joshua,Eagle,R,19730510,AUS,atp
102765,Nicolas,Escude,R,19760403,FRA,atp
102287,Albert,Portas,R,19731115,ESP,atp
102950,Fernando,Vicente,R,19770308,ESP,atp
102796,Magnus,Norman,R,19760530,SWE,atp
102450,Tim,Henman,R,19740906,GBR,atp
103031,Julian,Alonso,R,19770802,ESP,atp
102869,Galo,Blanco,R,19761008,ESP,atp
102839,Nicolas,Lapentti,R,19760813,ECU,atp
101150,Gianluca,Pozzi,L,19650617,ITA,atp
101816,Steve,Campbell,R,19701022,USA,atp
103171,Raemon,Sluiter,R,19780413,NED,atp
102574,Gabriel,Trifu,R,19750414,ROU,atp
102694,Lars,Burgsmuller,R,19751206,GER,atp
101897,Fernando,Meligeni,L,19710412,BRA,atp
102562,Jiri,Novak,R,19750322,CZE,atp
101962,Younes,El Aynaoui,R,19710912,MAR,atp
103324,Arnaud,Di Pasquale,R,19790211,FRA,atp
102106,Davide,Sanguinetti,R,19720825,ITA,atp
102644,Franco,Squillari,L,19750822,ARG,atp
103264,Mariano,Puerta,L,19780919,ARG,atp
103151,Mariano,Zabaleta,R,19780228,ARG,atp
102538,Tuomas,Ketola,R,19750221,FIN,atp
102887,Ramon,Delgado,R,19761114,PAR,atp
102306,Michael,Kohlmann,R,19740111,GER,atp
102776,Andrew,Ilie,R,19760418,AUS,atp
102998,Jan Michael,Gambill,R,19770603,USA,atp
102966,Fredrik,Jonsson,R,19770328,SWE,atp
103082,Markus,Hantschk,R,19771119,GER,atp
102783,Rainer,Schuettler,R,19760425,GER,atp
103498,Marat,Safin,R,19800127,RUS,atp
102050,Marco,Meneschincheri,L,19720425,ITA,atp
102466,Jan,Kroslak,R,19741017,SVK,atp
102925,Justin,Gimelstob,R,19770126,USA,atp
102770,John,Van Lottum,R,19760410,NED,atp
102259,Jerome,Golmard,L,19730909,FRA,atp
102629,Oscar,Burrieza,R,19750722,ESP,atp
102061,Kevin,Ullyett,R,19720523,ZIM,atp
103344,Ivan,Ljubicic,R,19790319,CRO,atp
103819,Roger,Federer,R,19810808,SUI,atp
103096,Arnaud,Clement,R,19771217,FRA,atp
103507,Juan Carlos,Ferrero,R,19800212,ESP,atp
102162,Chris,Woodruff,R,19730102,USA,atp
102318,Andrei,Pavel,R,19740127,ROU,atp
103720,Lleyton,Hewitt,R,19810224,AUS,atp
102882,Mark,Philippoussis,R,19761107,AUS,atp
103292,Gaston,Gaudio,R,19781209,ARG,atp
101902,Stephane,Huet,L,19710425,FRA,atp
103206,Sebastien,Grosjean,R,19780529,FRA,atp
102227,Sargis,Sargsian,R,19730603,ARM,atp
103018,Max,Mirnyi,R,19770706,BLR,atp
101774,Todd,Martin,R,19700708,USA,atp
102905,Stefan,Koubek,L,19770102,AUT,atp
102809,Axel,Pretzsch,R,19760616,GER,atp
103248,Harel,Levy,R,19780805,ISR,atp
102179,Antony,Dupuis,R,19730224,FRA,atp
103714,Andreas,Vinciguerra,L,19810219,SWE,atp
103166,Vladimir,Voltchkov,R,19780407,BLR,atp
102860,Agustin,Calleri,R,19760914,ARG,atp
102231,Alex,Calatrava,R,19730614,ESP,atp
102607,Juan,Balcells,R,19750620,ESP,atp
102110,Daniel,Nestor,L,19720904,CAN,atp
102642,Cyril,Saulnier,R,19750816,FRA,atp
102880,Alexander,Popp,R,19761104,GER,atp
102286,Wayne,Black,R,19731114,ZIM,atp
102730,Ivo,Heuberger,R,19760219,SUI,atp
102722,Attila,Savolt,R,19760205,HUN,atp
103356,Michel,Kratochvil,R,19790407,SUI,atp
103009,Razvan,Sabau,R,19770618,ROU,atp
102911,Andrei,Stoliarov,R,19770109,RUS,atp
104022,Mikhail,Youzhny,R,19820625,RUS,atp
103285,Radek,Stepanek,R,19781127,CZE,atp
101868,Dick,Norman,L,19710301,BEL,atp
104259,Philipp,Kohlschreiber,R,19831016,GER,atp
103451,Bjorn,Phau,R,19791004,GER,atp
103484,James,Blake,R,19791228,USA,atp
103176,David,Sanchez,R,19780420,ESP,atp
103428,Juan Ignacio,Chela,R,19790830,ARG,atp
103900,David,Nalbandian,R,19820101,ARG,atp
103694,Olivier,Rochus,R,19810118,BEL,atp
103990,Tommy,Robredo,R,19820501,ESP,atp
104053,Andy,Roddick,R,19820830,USA,atp
102369,Julien,Boutter,R,19740405,FRA,atp
103656,Albert,Montanes,R,19801126,ESP,atp
103084,Guillermo,Canas,R,19771125,ARG,atp
103598,Xavier,Malisse,R,19800719,BEL,atp
103602,Fernando,Gonzalez,R,19800729,CHI,atp
101885,Wayne,Arthurs,L,19710318,AUS,atp
103133,Olivier,Mutis,R,19780202,FRA,atp
103970,David,Ferrer,R,19820402,ESP,atp
103204,Hugo,Armando,R,19780527,USA,atp
103444,Jean Rene,Lisnard,R,19790925,MON,atp
102703,Hyung Taik,Lee,R,19760103,KOR,atp
103786,Nikolay,Davydenko,R,19810602,RUS,atp
102565,Alexander,Waske,R,19750331,GER,atp
103852,Feliciano,Lopez,L,19810920,ESP,atp
103387,Paradorn,Srichaphan,R,19790614,THA,atp
103971,Karol,Beck,R,19820403,SVK,atp
103813,Jarkko,Nieminen,L,19810723,FIN,atp
103909,Guillermo,Coria,R,19820113,ARG,atp
103835,Filippo,Volandri,R,19810905,ITA,atp
103888,Mardy,Fish,R,19811209,USA,atp
104745,Rafael,Nadal,L,19860603,ESP,atp
103908,Paul Henri,Mathieu,R,19820112,FRA,atp
103238,Jean Claude,Scherrer,R,19780720,SUI,atp
106764,Christopher,Koderisch,U,19841125,GER,atp
103254,Yves,Allegro,R,19780824,SUI,atp
103948,Maximilian,Abel,R,19820228,GER,atp
102780,Frederic,Niemeyer,R,19760424,CAN,atp
103408,Brian,Vahaly,R,19790719,USA,atp
104252,Florian,Mayer,R,19831005,GER,atp
103843,Marco,Chiudinelli,R,19810910,SUI,atp
103582,Michael,Berrer,L,19800701,GER,atp
104312,Andreas,Seppi,R,19840221,ITA,atp
104269,Fernando,Verdasco,L,19831115,ESP,atp
103280,Martin,Verkerk,R,19781031,NED,atp
104026,Joachim,Johansson,R,19820701,SWE,atp
104417,Robin,Soderling,R,19840814,SWE,atp
103401,Jan,Hernych,R,19790707,CZE,atp
102382,Julian,Knowle,L,19740429,AUT,atp
104068,Robby,Ginepri,R,19821007,USA,atp
103581,Flavio,Saretta,R,19800628,BRA,atp
103169,Oscar,Hernandez,R,19780410,ESP,atp
103781,Jurgen,Melzer,L,19810522,AUT,atp
103454,Nicolas,Massu,R,19791010,CHI,atp
103789,Irakli,Labadze,L,19810609,GEO,atp
103812,Victor,Hanescu,R,19810721,ROU,atp
103693,Thierry,Ascione,R,19810117,FRA,atp
103632,Luis,Horna,R,19800914,PER,atp
104597,Nicolas,Almagro,R,19850821,ESP,atp
104607,Tomas,Berdych,R,19850917,CZE,atp
104339,Mario,Ancic,R,19840330,CRO,atp
103566,Michael,Llodra,L,19800518,FRA,atp
104332,Philipp,Petzschner,R,19840324,GER,atp
103294,Christophe,Rochus,R,19781215,BEL,atp
103490,Santiago,Ventura,R,19800105,ESP,atp
104338,Juan,Monaco,R,19840329,ARG,atp
104214,Igor,Andreev,R,19830714,RUS,atp
104755,Richard,Gasquet,R,19860618,FRA,atp
103333,Ivo,Karlovic,R,19790228,CRO,atp
104499,Jimmy,Wang,R,19850208,TPE,atp
102800,Nenad,Zimonjic,R,19760604,SRB,atp
103523,Rohan,Bopanna,R,19800304,IND,atp
102567,George,Bastl,R,19750401,SUI,atp
103722,Florent,Serra,R,19810228,FRA,atp
104571,Marcos,Baghdatis,R,19850617,CYP,atp
104468,Gilles,Simon,R,19841227,FRA,atp
104019,Kristof,Vliegen,R,19820622,BEL,atp
104527,Stanislas,Wawrinka,R,19850328,SUI,atp
103794,Benjamin,Becker,R,19810616,GER,atp
104081,Boris,Pashanski,R,19821103,SRB,atp
103709,Kristian,Pless,R,19810209,DEN,atp
104160,Lukas,Dlouhy,R,19830409,CZE,atp
104198,Guillermo,Garcia Lopez,R,19830604,ESP,atp
104918,Andy,Murray,R,19870515,GBR,atp
104792,Gael,Monfils,R,19860901,FRA,atp
104098,Dmitry,Tursunov,R,19821212,RUS,atp
104925,Novak,Djokovic,R,19870522,SRB,atp
104076,Jose,Acasuso,R,19821020,ARG,atp
103752,Simon,Greul,R,19810413,GER,atp
104559,Teymuraz,Gabashvili,R,19850523,RUS,atp
102967,Marc,Gicquel,R,19770330,FRA,atp
103325,Wesley,Moodie,R,19790214,RSA,atp
104217,Simon,Stadler,L,19830720,GER,atp
104999,Mischa,Zverev,L,19870822,GER,atp
103188,Michael,Russell,R,19780501,USA,atp
103529,Aisam Ul Haq,Qureshi,R,19800317,PAK,atp
105095,Evgeny,Korolev,R,19880214,KAZ,atp
105023,Sam,Querrey,R,19871007,USA,atp
104620,Simone,Bolelli,R,19851008,ITA,atp
103898,Julien,Benneteau,R,19811220,FRA,atp
104121,Tobias,Summerer,R,19830201,GER,atp
102788,Jan,Vacek,R,19760510,CZE,atp
103822,Scott,Lipsky,R,19810814,USA,atp
104898,Robin,Haase,R,19870406,NED,atp
104327,Steve,Darcis,R,19840313,BEL,atp
104676,Andreas,Beck,L,19860205,GER,atp
103823,Denis,Gremelmayr,L,19810816,GER,atp
104542,Jo Wilfried,Tsonga,R,19850417,FRA,atp
103917,Nicolas,Mahut,R,19820121,FRA,atp
104371,Ivo,Minar,R,19840521,CZE,atp
104719,Marcel,Granollers,R,19860412,ESP,atp
104386,Janko,Tipsarevic,R,19840622,SRB,atp
104445,Jose Antonio,Sanchez De Luna,R,19841018,ESP,atp
105227,Marin,Cilic,R,19880928,CRO,atp
104851,Gianluca,Naso,R,19870106,ITA,atp
103808,Potito,Starace,R,19810714,ITA,atp
105041,Lukas,Lacko,R,19871103,SVK,atp
103857,Igor,Kunitsyn,R,19810930,RUS,atp
102512,Joseph,Sirianni,R,19750117,AUS,atp
104678,Viktor,Troicki,R,19860210,SRB,atp
104534,Dudi,Sela,R,19850404,ISR,atp
104978,Daniel,Brands,R,19870717,GER,atp
104003,Victor,Crivoi,R,19820525,ROU,atp
105137,Pere,Riba,R,19880407,ESP,atp
104926,Fabio,Fognini,R,19870524,ITA,atp
103506,Martin,Vassallo Arguello,R,19800210,ARG,atp
104655,Pablo,Cuevas,R,19860101,URU,atp
104216,Maximo,Gonzalez,R,19830720,ARG,atp
103868,Ivan,Navarro,R,19811019,ESP,atp
105906,Kevin,Krawietz,R,19920124,GER,atp
104871,Jeremy,Chardy,R,19870212,FRA,atp
104268,Alejandro,Falla,L,19831114,COL,atp
103174,Noam,Okun,R,19780416,ISR,atp
105074,Ruben,Bemelmans,L,19880114,BEL,atp
103747,Dominik,Meffert,R,19810409,GER,atp
103429,Peter,Luczak,R,19790831,AUS,atp
105217,Thiemo,De Bakker,R,19880919,NED,atp
104660,Sergiy,Stakhovsky,R,19860106,UKR,atp
104628,Alexander,Kudryavtsev,R,19851026,RUS,atp
104783,Mikhail,Ledovskikh,R,19860808,RUS,atp
104979,Andrey,Golubev,R,19870722,KAZ,atp
104714,Julian,Reister,R,19860402,GER,atp
104797,Denis,Istomin,R,19860907,UZB,atp
104586,Lukas,Rosol,R,19850724,CZE,atp
104225,Jan,Hajek,R,19830807,CZE,atp
104724,Eduardo,Schwank,R,19860423,ARG,atp
104735,Tobias,Kamke,R,19860521,GER,atp
103565,Stephane,Robert,R,19800517,FRA,atp
103105,Ruben,Ramirez Hidalgo,R,19780106,ESP,atp
105077,Albert,Ramos,L,19880117,ESP,atp
105238,Alexandr,Dolgopolov,R,19881107,UKR,atp
105064,Thomaz,Bellucci,L,19871230,BRA,atp
